Name,NOC,Discipline,Athelet_ID
Aalerud Katrine,Norway,Cycling Road,1
Abad Nestor,Spain,Artistic Gymnastics,2
Abagnale Giovanni,Italy,Rowing,3
Abalde Alberto,Spain,Basketball,4
Abalde Tamara,Spain,Basketball,5
Abalo Luc,France,Handball,6
Abaroa Cesar,Chile,Rowing,7
Abass Abobakr,Sudan,Swimming,8
Abbasali Hamideh,Islamic Republic Of Iran,Karate,9
Abbasov Islam,Azerbaijan,Wrestling,10
Abbingh Lois,Netherlands,Handball,11
Abbot Emily,Australia,Rhythmic Gymnastics,12
Abbott Monica,United States Of America,Baseball/Softball,13
Abdalla Abubaker Haydar,Qatar,Athletics,14
Abdalla Maryam,Egypt,Artistic Swimming,15
Abdallah Shahd,Egypt,Artistic Swimming,16
Abdalrasool Mohamed,Sudan,Judo,17
Abdel Latif Radwa,Egypt,Shooting,18
Abdel Razek Samy,Egypt,Shooting,19
Abdelaziz Abdalla,Egypt,Karate,20
Abdelaziz Farah,Egypt,Table Tennis,21
Abdelaziz Feryal,Egypt,Karate,22
Abdelmawgoud Mohamed,Egypt,Judo,23
Abdelmottaleb Diaaeldin Kamal Gouda,Egypt,Wrestling,24
Abdelrahman Ihab,Egypt,Athletics,25
Abdelsalam Mohamed,Egypt,Football,26
Abdelsalam Nour,Egypt,Taekwondo,27
Abdelwahed Ahmed,Italy,Athletics,28
Abdi Bashir,Belgium,Athletics,29
Abdirahman Abdi,United States Of America,Athletics,30
Abdul Hadi Farah Ann,Malaysia,Artistic Gymnastics,31
Abdul Rahman Kiria Tikanah,Singapore,Fencing,32
Abdul Razzaq Fathimath Nabaaha,Maldives,Badminton,33
Abdulhamid Saud,Saudi Arabia,Football,34
Abduljabbar Ammar Riad,Germany,Boxing,35
Abdullaev Gulomjon,Uzbekistan,Wrestling,36
Abdullaev Muminjon,Uzbekistan,Wrestling,37
Abdullah Rahmat Erwin,Indonesia,Weightlifting,38
Abdullin Ilfat,Kazakhstan,Archery,39
Abdulredha Mohamed,Bahrain,Handball,40
Abduraimov Elnur,Uzbekistan,Boxing,41
Abdurakhimov Rasuljon,Uzbekistan,Artistic Gymnastics,42
Abdurakhmonov Bekzod,Uzbekistan,Wrestling,43
Abe Hifumi,Japan,Judo,44
Abe Takatoshi,Japan,Athletics,45
Abe Uta,Japan,Judo,46
Abebe Mekides,Ethiopia,Athletics,47
Abedini Mojtaba,Islamic Republic Of Iran,Fencing,48
Abel Jennifer,Canada,Diving,49
Abela Matthew,Malta,Badminton,50
Abelvik Roed Magnus,Norway,Handball,51
Abeysinghe Matthew,Sri Lanka,Swimming,52
Abian Pablo,Spain,Badminton,53
Abicha Mohammed,Morocco,Beach Volleyball,54
Abicht Lorena,Austria,Sailing,55
Abidine Abidine,Mauritania,Athletics,56
Abliazin Denis,Roc,Artistic Gymnastics,57
Aboud Hadel,Libya,Athletics,58
Abouelkassem Alaaeldin,Egypt,Fencing,59
Abouke Nancy Genzel,Nauru,Weightlifting,60
Abraham Tadesse,Switzerland,Athletics,61
Abrahams Rusten John,South Africa,Hockey,62
Abrams Aliyah,Guyana,Athletics,63
Abrams Jasmine,Guyana,Athletics,64
Abramyan Benik,Georgia,Athletics,65
Abreu Diogo,Portugal,Trampoline Gymnastics,66
Abrines Redondo Alejandro,Spain,Basketball,67
Abrosimov Kirill,Roc,Marathon Swimming,68
Abu Rabee Asma,Jordan,Shooting,69
Abu Rmilah Wesam,Palestine,Judo,70
Abuaku Joshua,Germany,Athletics,71
Abujbara Tala,Qatar,Rowing,72
Acerenza Domenico,Italy,Swimming,73
Aceti Vladimir,Italy,Athletics,74
Achab Jaouad,Belgium,Taekwondo,75
Achanta Kamal,India,Table Tennis,76
Achilleos Georgios,Cyprus,Shooting,77
Achiuwa Precious,Nigeria,Basketball,78
Achonwa Natalie,Canada,Basketball,79
Achouri Haikel,Tunisia,Wrestling,80
Ackermann Simone,South Africa,Triathlon,81
Acosta Briseida,Mexico,Taekwondo,82
Acosta Fernandez Yasmani,Chile,Wrestling,83
Acosta Giraldo Valentina,Colombia,Archery,84
Acosta Marcelo,El Salvador,Swimming,85
Acuna Yenny,Chile,Football,86
Adachi Kazuya,Japan,Canoe Slalom,87
Adachi Seiya,Japan,Water Polo,88
Adam Amal,Egypt,Archery,89
Adam Constantin,Romania,Rowing,90
Adamek Klaudia,Poland,Athletics,91
Adamkiewicz Patrycja,Poland,Taekwondo,92
Adams Liam,Australia,Athletics,93
Adams Paul,Australia,Shooting,94
Adams Taeyanna,Federated States Of Micronesia,Swimming,95
Adamus Bartlomiej Stejan,Poland,Weightlifting,96
Adao De Sa Mateus Daniel,Brazil,Athletics,97
Adar Yasemin,Turkey,Wrestling,98
Adebayo Edrice Femi,United States Of America,Basketball,99
Adegoke Enoch,Nigeria,Athletics,100
Adekuoroye Odunayo Folasade,Nigeria,Wrestling,101
Adel Ibrahim,Egypt,Football,102
Adeniyi Aminat Oluwafunmilayo,Nigeria,Wrestling,103
Adesokan Dorcas Ajoke,Nigeria,Badminton,104
Adilkhanova Alina,Kazakhstan,Rhythmic Gymnastics,105
Adlerteg Jonna,Sweden,Artistic Gymnastics,106
Adlington Sarah,Great Britain,Judo,107
Ado Pauline,France,Surfing,108
Adolf Balazs,Hungary,Canoe Sprint,109
Adomavicius Aurimas,Lithuania,Rowing,110
Aedo Yanara,Chile,Football,111
Aernoudts Violaine,France,Rowing,112
Afanador Brian,Puerto Rico,Table Tennis,113
Afonso Paixao,Angola,Sailing,114
Afoumba Gilles Anthony,Congo,Athletics,115
Afremova Natalia,Roc,Cycling Bmx Racing,116
Afriat Charlotte,Monaco,Athletics,117
Agada Caleb,Nigeria,Basketball,118
Agahozo Alphonsine,Rwanda,Swimming,119
Agard Terrence,Netherlands,Athletics,120
Agarie Yuto,Japan,Handball,121
Agatsuma Haruka,Japan,Baseball/Softball,122
Agbegnenou Clarisse,France,Judo,123
Agero Eden,Kenya,Rugby Sevens,124
Aggefors Mikael,Sweden,Handball,125
Aghaeihajiagha Soraya,Islamic Republic Of Iran,Badminton,126
Aghamirova Zohra,Azerbaijan,Rhythmic Gymnastics,127
Aghamirzaeijenaghrad Ali,Islamic Republic Of Iran,Canoe Sprint,128
Aghasyan Levon,Armenia,Athletics,129
Aghayev Rafael,Azerbaijan,Karate,130
Agiomor Ekerekeme,Nigeria,Wrestling,131
Agiurgiuculese Alexandra,Italy,Rhythmic Gymnastics,132
Agrali Yavuz,Turkey,Athletics,133
Agrusti Andrea,Italy,Athletics,134
Aguiar Mayra,Brazil,Judo,135
Aguilar Ali,United States Of America,Baseball/Softball,136
Aguilar Andres,Chile,Archery,137
Aguilar Evelis Jazmin,Colombia,Athletics,138
Aguinagalde Aquizu Julen,Spain,Handball,139
Aguirre Eduardo,Mexico,Football,140
Aguirre Erick,Mexico,Football,141
Aguirre Unai,Spain,Water Polo,142
Agundez Garcia Gabriela,Mexico,Diving,143
Ah Tong Marion Faustino,Samoa,Boxing,144
Ahmad Muhammad Isa,Brunei Darussalam,Swimming,145
Ahmed Aiman,Saudi Arabia,Football,146
Ahmed Ali Yusuf Abdulla Essa,Bahrain,Swimming,147
Ahmed Enas,Egypt,Wrestling,148
Ahmed Junayna,Bangladesh,Swimming,149
Ahmed Mohamed,Bahrain,Handball,150
Ahmed Mohammed,Canada,Athletics,151
Ahmed Samaa,Egypt,Canoe Sprint,152
Ahouanwanou Odile,Benin,Athletics,153
Ahoure Murielle,Côte D'Ivoire,Athletics,154
Ahsinger Nicole,United States Of America,Trampoline Gymnastics,155
Ahye Michelle-Lee,Trinidad And Tobago,Athletics,156
Ai Yanhan,People'S Republic Of China,Swimming,157
Aicardi Matteo,Italy,Water Polo,158
Aicoboae Vlad,Romania,Rowing,159
Aigner Hannes,Germany,Canoe Slalom,160
Ailincai Adriana,Romania,Rowing,161
Aimable Steven,Senegal,Swimming,162
Ainagulov Mirambek,Kazakhstan,Wrestling,163
Aioani Marian,Romania,Football,164
Aisah Windy Cantika,Indonesia,Weightlifting,165
Ait Daoud Kamel,Algeria,Rowing,166
Ait Ouagram Zied,Morocco,Wrestling,167
Ait Said Samir,France,Artistic Gymnastics,168
Aitchison Holly,Great Britain,Rugby Sevens,169
Aizawa Akira,Japan,Athletics,170
Ajayi Yinka,Nigeria,Athletics,171
Akaho Himawari,Japan,Basketball,172
Akgul Taha,Turkey,Wrestling,173
Akgun Omer,Turkey,Shooting,174
Akhaimova Liliia,Roc,Artistic Gymnastics,175
Akhmadiev Ildar,Tajikistan,Athletics,176
Akhmetova Tatyana,Kazakhstan,Wrestling,177
Akhtar Muhammad Khalil,Pakistan,Shooting,178
Akimenko Mikhail,Roc,Athletics,179
Akinradewo Foluke,United States Of America,Volleyball,180
Akinyi Elizabeth,Kenya,Boxing,181
Akkus Mihrac,Turkey,Judo,182
Akmal Nurul,Indonesia,Weightlifting,183
Akmataliev Ernazar,Kyrgyzstan,Wrestling,184
Akmens Roberts,Latvia,Canoe Sprint,185
Akoz Simge Sebnem,Turkey,Volleyball,186
Aktas Ugur,Turkey,Karate,187
Al Adawi Issa Samir Hamed,Oman,Swimming,188
Al Ahrach Ali,Morocco,Equestrian,189
Al Alawi Mazoon,Oman,Athletics,190
Al Faihan Abdulrahman,Kuwait,Shooting,191
Al Harthi Barakat,Oman,Athletics,192
Al Khafaji Mohammed,Iraq,Rowing,193
Al Khatri Hamed,Oman,Shooting,194
Al Manwari Bashair Obaid,Qatar,Athletics,195
Al Obaidi Aker,Refugee Olympic Team,Wrestling,196
Al Rashedi Mansour,Kuwait,Shooting,197
Al Rumaihi Mohammed,Qatar,Shooting,198
Al Yaari Ahmed,Yemen,Athletics,199
Al Yassin Mazen Moutan,Saudi Arabia,Athletics,200
Al-Kaabi Fatimah Abbas Waheeb,Iraq,Shooting,201
Al-Kanjari Amur Salim Ramadhan,Oman,Weightlifting,202
Al-Obaidly Abdulaziz,Qatar,Swimming,203
Al-Raimi Yasameen,Yemen,Shooting,204
Al-Sadeq Julyana,Jordan,Taekwondo,205
Al-Wir Amro,Jordan,Swimming,206
Al-Yamani Mokhtar,Yemen,Swimming,207
Alakhverdovi Sakhil,Georgia,Boxing,208
Alamian Nima,Islamic Republic Of Iran,Table Tennis,209
Alarie Elissa,Canada,Rugby Sevens,210
Alarza Fernando,Spain,Triathlon,211
Alba Castillo Rafael Yunier,Cuba,Taekwondo,212
Albarracin Matias,Argentina,Equestrian,213
Albawardi Zaid,Saudi Arabia,Football,214
Albayrak Vedat,Turkey,Judo,215
Albers Felice,Netherlands,Hockey,216
Albertarrio Agustina,Argentina,Hockey,217
Albicy Andrew,France,Basketball,218
Albrecht Samuel,Brazil,Sailing,219
Albrikan Feras,Saudi Arabia,Football,220
Albukhari Amin,Saudi Arabia,Football,221
Aldabbagh Yasmeen,Saudi Arabia,Athletics,222
Aldass Sanda,Refugee Olympic Team,Judo,223
Aldawsari Khalifah,Saudi Arabia,Football,224
Aldawsari Salem,Saudi Arabia,Football,225
Aldersey Olympia,Australia,Rowing,226
Alegre Biosca David,Spain,Hockey,227
Aleksandrova Ekaterina,Roc,Tennis,228
Aleksanyan Artur,Armenia,Wrestling,229
Aleksic Maja,Serbia,Volleyball,230
Aleksic Milan,Serbia,Water Polo,231
Aleksiiva Maryna,Ukraine,Artistic Swimming,232
Aleksiiva Vladyslava,Ukraine,Artistic Swimming,233
Alemanno Maria Grazia,Italy,Weightlifting,234
Alemu Habitam,Ethiopia,Athletics,235
Alessio Simone,Italy,Taekwondo,236
Alexander Kayla,Canada,Basketball,237
Alexandri Anna-Maria,Austria,Artistic Swimming,238
Alexandri Eirini,Austria,Artistic Swimming,239
Alexiusson Agnes,Sweden,Boxing,240
Alexuc Ciurariu Alin,Romania,Wrestling,241
Alfadhel Abdulrahman,Kuwait,Rowing,242
Alfaraj Salman,Saudi Arabia,Football,243
Alfonso Dominguez Loren Berto,Azerbaijan,Boxing,244
Alghannam Khalid,Saudi Arabia,Football,245
Algotsson Ostholt Sara,Sweden,Equestrian,246
Alhamddan Abdullah,Saudi Arabia,Football,247
Alhassan Ali,Saudi Arabia,Football,248
Alhassane Ismael,Niger,Judo,249
Alhindawi Odai Riyad Adel,Jordan,Boxing,250
Alhumayd Mahmoud Mohammed S,Saudi Arabia,Weightlifting,251
Ali Ali Merza,Bahrain,Handball,252
Ali Hasan,Bahrain,Handball,253
Ali Mohamed,Bahrain,Handball,254
Ali Mohamed Souhra,Djibouti,Athletics,255
Ali Ramla Said Ahmed,Somalia,Boxing,256
Ali Selin,Bulgaria,Shooting,257
Ali Zada Masomah,Refugee Olympic Team,Cycling Road,258
Aliev Mourad,France,Boxing,259
Alikaj Ahmad,Refugee Olympic Team,Judo,260
Alimuradova Laman,Azerbaijan,Rhythmic Gymnastics,261
Aline,Brazil,Football,262
Alipov Alexey,Roc,Shooting,263
Alireza Husein,Saudi Arabia,Rowing,264
Aliyev Haji,Azerbaijan,Wrestling,265
Alizadeh Dara,Bermuda,Rowing,266
Alizadeh Zenoorin Kimia,Refugee Olympic Team,Taekwondo,267
Alkana Antonio,South Africa,Athletics,268
Alkasbeh Obada Mohammad Mustafa,Jordan,Boxing,269
Alkhadrawi Ali,Saudi Arabia,Table Tennis,270
Alkhulaif Ayman,Saudi Arabia,Football,271
Allemand Julie,Belgium,Basketball,272
Allen Bec,Australia,Basketball,273
Allen Bertram,Ireland,Equestrian,274
Allen Devon,United States Of America,Athletics,275
Allen Nathon,Jamaica,Athletics,276
Allen Nick,United States Of America,Baseball/Softball,277
Allicock Keevin,Guyana,Boxing,278
Allikvee Martin,Estonia,Swimming,279
Allman Valarie,United States Of America,Athletics,280
Almada Thiago,Argentina,Football,281
Almanza Rose Mary,Cuba,Athletics,282
Almaqabi Ahmed,Bahrain,Handball,283
Almas Deniz,Germany,Athletics,284
Almatrooshi Yousuf,United Arab Emirates,Swimming,285
Almaya Haimro,Israel,Athletics,286
Almeida Joao,Portugal,Cycling Road,287
Almeida Teresa,Angola,Handball,288
Almosawi Sayed Mohammed,Kuwait,Karate,289
Almutairi Saeid,Saudi Arabia,Shooting,290
Alnaji Sami,Saudi Arabia,Football,291
Alomran Nasser,Saudi Arabia,Football,292
Alonso Agostina,Argentina,Hockey,293
Alonso Alejandra,Paraguay,Rowing,294
Alonso Alejandro,Spain,Hockey,295
Alonso Luana,Paraguay,Swimming,296
Alothmani Ala,Tunisia,Shooting,297
Alqahtani Tahani,Saudi Arabia,Judo,298
Alrashidi Abdullah,Kuwait,Shooting,299
Alrashidi Talal,Kuwait,Shooting,300
Alrubaie Mohammed,Saudi Arabia,Football,301
Alsaleem Seraj Abdulrahim M,Saudi Arabia,Weightlifting,302
Alsamahiji Hasan,Bahrain,Handball,303
Alshahrani Yasser,Saudi Arabia,Football,304
Alshammari Mudhawi,Kuwait,Athletics,305
Altayev Altay,Kazakhstan,Water Polo,306
Altenburg Lisa,Germany,Hockey,307
Altenhuber Louisa,Austria,Rowing,308
Altheman Maria Suelen,Brazil,Judo,309
Alto Gaston,Argentina,Table Tennis,310
Altuhayfan Hamad,Saudi Arabia,Football,311
Altukhov Pavlo,Ukraine,Canoe Sprint,312
Alvarado Luciana,Costa Rica,Artistic Gymnastics,313
Alvarado Roberto,Mexico,Football,314
Alvarez Anita,United States Of America,Artistic Swimming,315
Alvarez Aznar Eduardo,Spain,Equestrian,316
Alvarez Dario,Dominican Republic,Baseball/Softball,317
Alvarez Eddy,United States Of America,Baseball/Softball,318
Alvarez Jorge,Cuba,Shooting,319
Alvarez Jorge,Honduras,Football,320
Alvarez Lazaro,Cuba,Boxing,321
Alvarez Luis,Mexico,Archery,322
Alvarez Piedrahita Estefania,Colombia,Artistic Swimming,323
Alvarez Santiago,Argentina,Rugby Sevens,324
Alves Dani,Brazil,Football,325
Alves Lopes Marcia,Cape Verde,Rhythmic Gymnastics,326
Alwadi Mohammad,Jordan,Boxing,327
Aly Elkamash Marwan,Egypt,Swimming,328
Alyouha Yaqoub,Kuwait,Athletics,329
Alzigkouzi Kominea Maria Elli Lela,Greece,Artistic Swimming,330
Alzini Martina,Italy,Cycling Track,331
Amador Andrey,Costa Rica,Cycling Road,332
Amaistroaie Madalina,Romania,Archery,333
Amankul Abilkhan,Kazakhstan,Boxing,334
Amare Girmaw,Israel,Athletics,335
Amaris Cesar,Venezuela,Rowing,336
Amb Kim,Sweden,Athletics,337
Ambaka Willy,Kenya,Rugby Sevens,338
Ambala Atuhaire Ogola,Uganda,Swimming,339
Ambrocio Greifo Pool Edinson,Peru,Wrestling,340
Amdouni Morhad,France,Athletics,341
Ames David,Great Britain,Hockey,342
Amha Selam,Ethiopia,Cycling Road,343
Amialiusik Alena,Belarus,Cycling Road,344
Amihere Laeticia,Canada,Basketball,345
Amine Myles Nazem,San Marino,Wrestling,346
Amiri Nadiem,Germany,Football,347
Amit,India,Boxing,348
Amoah Christian,Ghana,Weightlifting,349
Amoah Joseph Paul,Ghana,Athletics,350
Amoe-Tarrant Charisma,Australia,Weightlifting,351
Amonde Andrew,Kenya,Rugby Sevens,352
Amores Carua Jhonatan Javier,Ecuador,Athletics,353
Amorim Taleska Eduarda,Brazil,Handball,354
Amoros Emile,France,Sailing,355
Amos Nijel,Botswana,Athletics,356
Amri Marwa,Tunisia,Wrestling,357
Amukamara Promise,Nigeria,Basketball,358
Amusan Tobi,Nigeria,Athletics,359
An Baul,Republic Of Korea,Judo,360
An Changrim,Republic Of Korea,Judo,361
An Heji,Republic Of Korea,Basketball,362
An Hyejin,Republic Of Korea,Volleyball,363
An San,Republic Of Korea,Archery,364
An Sehyeon,Republic Of Korea,Swimming,365
An Seulki,Republic Of Korea,Athletics,366
An Seyoung,Republic Of Korea,Badminton,367
Ana Andreea Beatrice,Romania,Wrestling,368
Anacan Andrea,New Zealand,Karate,369
Anagnostopoulou Chrysoula,Greece,Athletics,370
Anagoz Yasemin,Turkey,Archery,371
Anani Kwadjo,Ghana,Judo,372
Anastasakis Michail,Greece,Athletics,373
Anastassiou Lucie,France,Shooting,374
Ancer Abraham,Mexico,Golf,375
Andersen Brooke,United States Of America,Athletics,376
Anderson Andy,Canada,Skateboarding,377
Anderson Britany,Jamaica,Athletics,378
Anderson Doneisha,Bahamas,Athletics,379
Anderson Haley,United States Of America,Marathon Swimming,380
Anderson Lachlan,Australia,Rugby Sevens,381
Anderson Matthew,United States Of America,Volleyball,382
Anderson Shae,United States Of America,Athletics,383
Anderson Yvonne,Serbia,Basketball,384
Andersson Jonna,Sweden,Football,385
Andersson Lasse,Denmark,Handball,386
Andia Mary Luz,Peru,Athletics,387
Andino Kolohe,United States Of America,Surfing,388
Andison Bailey,Canada,Swimming,389
Ando Elreen Ann,Philippines,Weightlifting,390
Ando Yuka,Japan,Athletics,391
Andoh Mikiko,Japan,Weightlifting,392
Andrade Jordin,Cape Verde,Athletics,393
Andrade Rebeca,Brazil,Artistic Gymnastics,394
Andre Angelica,Portugal,Marathon Swimming,395
Andre Sylvain,France,Cycling Bmx Racing,396
Andre Thiago,Brazil,Athletics,397
Andreev Bozhidar Dimitrov,Bulgaria,Weightlifting,398
Andreeva Iuliia,Kyrgyzstan,Athletics,399
Andrejczyk Maria,Poland,Athletics,400
Andreoli Tatiana,Italy,Archery,401
Andressa,Brazil,Football,402
Andressinha,Brazil,Football,403
Andrew Joshter,Guam,Judo,404
Andrew Michael,United States Of America,Swimming,405
Andrews Abby,Australia,Water Polo,406
Andrews Ellesse,New Zealand,Cycling Track,407
Andrews-Nahu Kanah,New Zealand,Weightlifting,408
Andriantsitohaina Eric Herman,Madagascar,Weightlifting,409
Andriantsitohaina Tojonirina Alain,Madagascar,Weightlifting,410
Androdias Matthieu,France,Rowing,411
Andrulyte Viktorija,Lithuania,Sailing,412
Andrusenko Veronika,Roc,Swimming,413
Andujar Pablo,Spain,Tennis,414
Anestor Sabiana,Haiti,Judo,415
Angela Ramsey,Netherlands,Athletics,416
Angeldal Filippa,Sweden,Football,417
Anghel Roxana,Romania,Rowing,418
Angulo Jesus,Mexico,Football,419
Angulo Ricardo,Mexico,Football,420
Angulo Yuliana,Ecuador,Athletics,421
Angyal Daniel,Hungary,Water Polo,422
Ankudinoff Ashlee,Australia,Cycling Track,423
Anne Mame-Ibra,France,Athletics,424
Annen Jolanda,Switzerland,Triathlon,425
Anoshkin Roman,Roc,Canoe Sprint,426
Ansah Owen,Germany,Athletics,427
Ansah Sarfo,Ghana,Athletics,428
Ansah-Peprah Lucas,Germany,Athletics,429
Ansell Liam Paul,Great Britain,Hockey,430
Anshu Anshu,India,Wrestling,431
Ansley Giselle,Great Britain,Hockey,432
Antill Caleb,Australia,Rowing,433
Antognelli Quentin,Monaco,Rowing,434
Antomarchi Kaliema,Cuba,Judo,435
Anton Elizabeth,New Zealand,Football,436
Antonia Ferreira Jaqueline,Brazil,Weightlifting,437
Antoniou Kalia,Cyprus,Swimming,438
Antoniou Nikolas,Cyprus,Swimming,439
Antonova Nataliia,Roc,Cycling Track,440
Antonsen Anders,Denmark,Badminton,441
Antony Alex,India,Athletics,442
Antony,Brazil,Football,443
Antosova Lenka,Czech Republic,Rowing,444
Antuna Uriel,Mexico,Football,445
Antunovic Andela,Montenegro,Swimming,446
Anvegard Anna,Sweden,Football,447
Anwari Fahim,Afghanistan,Swimming,448
Anyanacho Elizabeth Oluchi,Nigeria,Taekwondo,449
Anzani Simone,Italy,Volleyball,450
Aoki Chika,Japan,Fencing,451
Aoki Masumi,Japan,Athletics,452
Aoki Reona,Japan,Swimming,453
Aoki Ryoma,Japan,Athletics,454
Aoki Yukito,Japan,Skateboarding,455
Aoyagi Koyo,Japan,Baseball/Softball,456
Aoyama Hanae,Japan,Athletics,457
Aoyama Shuko,Japan,Tennis,458
Apak Esref,Turkey,Athletics,459
Apetz Nadine,Germany,Boxing,460
Apithy Bolade,France,Fencing,461
Apolonia Tiago,Portugal,Table Tennis,462
Apostalon Anika,Czech Republic,Swimming,463
Appel Cheuiche Marcio,Brazil,Equestrian,464
Appel Max,Germany,Rowing,465
Apple Zach,United States Of America,Swimming,466
Aprahamian Alain,Uruguay,Judo,467
Aquilla Adelaide,United States Of America,Athletics,468
Aquino Rckaela Maree Ramos,Guam,Wrestling,469
Ar Rasyid Muhd Noor Firdaus,Brunei Darussalam,Athletics,470
Aradillas Stefania,Mexico,Baseball/Softball,471
Arafi Rababe,Morocco,Athletics,472
Araga Ryutaro,Japan,Karate,473
Arai Atsushi,Japan,Water Polo,474
Arai Matsuri,Japan,Diving,475
Arakaki Maria Eduarda,Brazil,Rhythmic Gymnastics,476
Arakawa Ryuta,Japan,Rowing,477
Araki Erika,Japan,Volleyball,478
Araki Kenta,Japan,Water Polo,479
Arakji Nada,Qatar,Swimming,480
Arana Guilherme,Brazil,Football,481
Arancini Zoe,Australia,Water Polo,482
Aranda Nathalee,Panama,Athletics,483
Arango Estrada Monica,Colombia,Artistic Swimming,484
Arashiro Yukiya,Japan,Cycling Road,485
Arathoon Pacas Enrique Jose,El Salvador,Sailing,486
Araujo Larissa,Brazil,Handball,487
Araya Karen,Chile,Football,488
Arbe Joaquin,Argentina,Athletics,489
Arcanjo Geisa,Brazil,Athletics,490
Arce Daniel,Spain,Athletics,491
Arceo Mariana,Mexico,Modern Pentathlon,492
Archibald Emanuel,Guyana,Athletics,493
Arcila Hurtado Isabella,Colombia,Swimming,494
Arcos Poveda Paula,Spain,Handball,495
Aregawi Berihu,Ethiopia,Athletics,496
Areia Antonio,Portugal,Handball,497
Arenas Julio,Spain,Athletics,498
Arenas Sandra Lorena,Colombia,Athletics,499
Arendse Kurt-Lee,South Africa,Rugby Sevens,500
Arenhart Barbara,Brazil,Handball,501
Arevalo Alcon Alberto,Spain,Diving,502
Arevalo Carlos,Spain,Canoe Sprint,503
Arevalo Eider,Colombia,Athletics,504
Arevalo Samantha,Ecuador,Marathon Swimming,505
Arft Caroline,Germany,Canoe Sprint,506
Argyropoulos Kanakakis Stylianos,Greece,Water Polo,507
Arias Castaneda Yeni Marcela,Colombia,Boxing,508
Arias Guzman Luis Antonio,Venezuela,Volleyball,509
Arican Ferhat,Turkey,Artistic Gymnastics,510
Arikan Okyanus,Turkey,Sailing,511
Arikan Polat Kemboi,Turkey,Athletics,512
Arioto Valerie,United States Of America,Baseball/Softball,513
Aristarkhov Anton,Roc,Shooting,514
Aristoteli Alexandra,Australia,Rhythmic Gymnastics,515
Ariza Oscar,Venezuela,Diving,516
Arkania Gogita,Georgia,Karate,517
Armanto Lizzie,Finland,Skateboarding,518
Armit Elle,Australia,Water Polo,519
Armstrong Emily,Canada,Artistic Swimming,520
Armstrong Joseph,United States Of America,Swimming,521
Arnaus Adri,Spain,Golf,522
Arndt Nikias,Germany,Cycling Road,523
Arnold Mackenzie,Australia,Football,524
Arnold Maximilian,Germany,Football,525
Arop Marco,Canada,Athletics,526
Arregui Brian Agustin,Argentina,Boxing,527
Arrey Sophina Ayuk Otay,Cameroon,Judo,528
Arroyo Andres,Puerto Rico,Athletics,529
Arroyo Jarod,Puerto Rico,Swimming,530
Arsic Jovana,Serbia,Rowing,531
Artacho Del Solar Mariafe,Australia,Beach Volleyball,532
Artamonov Mikhail,Roc,Taekwondo,533
Arteni Florin,Romania,Rowing,534
Artingstall Karriss,Great Britain,Boxing,535
Artymata Eleni,Cyprus,Athletics,536
Artyukh Danil,Kazakhstan,Water Polo,537
Aruna Quadri,Nigeria,Table Tennis,538
Arunovic Zorana,Serbia,Shooting,539
Arzani Daniel,Australia,Football,540
Ginting Anthony Sinisuka,Indonesia,Badminton,541
Asaad Man,Syrian Arab Republic,Weightlifting,542
Asadauskaite Laura,Lithuania,Modern Pentathlon,543
Asadov Elchin,Azerbaijan,Cycling Road,544
Asai Yu,Japan,Hockey,545
Asamura Hideto,Japan,Baseball/Softball,546
Asanau Dzmitry,Belarus,Boxing,547
Asano Sakiyo,Japan,Hockey,548
Asencio Jairo,Dominican Republic,Baseball/Softball,549
Asenov Daniel Panev,Bulgaria,Boxing,550
Asgreen Kasper,Denmark,Cycling Road,551
Ashby Madison,Australia,Rugby Sevens,552
Asher-Smith Dina,Great Britain,Athletics,553
Ashikawa Urara,Japan,Artistic Gymnastics,554
Ashley Whitney,United States Of America,Athletics,555
Ashmawy Maggy,Egypt,Shooting,556
Ashok Aditi,India,Golf,557
Ashour Emam,Egypt,Football,558
Ashram Linoy,Israel,Rhythmic Gymnastics,559
Asil Adem,Turkey,Artistic Gymnastics,560
Askerov Aleksandr,Roc,Sailing,561
Aslan Yigit,Turkey,Swimming,562
Aslanyan Karen,Armenia,Wrestling,563
Asllani Kosovare,Sweden,Football,564
Asp Yndiara,Brazil,Skateboarding,565
Aspandiyarova Dina,Australia,Shooting,566
Assadilov Darkhan,Kazakhstan,Karate,567
Assaghir Mohamed,Morocco,Boxing,568
Assakalov Rustam,Uzbekistan,Wrestling,569
Assar Omar,Egypt,Table Tennis,570
Asselah Sonia,Algeria,Judo,571
Astrup Kim,Denmark,Badminton,572
Atatou Wided,France,Athletics,573
Atayev Merdan,Turkmenistan,Swimming,574
Atcho Sarah,Switzerland,Athletics,575
Atieno Camilla,Kenya,Rugby Sevens,576
Atkin Sam,Great Britain,Athletics,577
Atkins Ariel,United States Of America,Basketball,578
Atkinson Alia,Jamaica,Swimming,579
Atkinson Nathaniel,Australia,Football,580
Atli Suleyman,Turkey,Wrestling,581
Atrinagharchi Reza,Islamic Republic Of Iran,Wrestling,582
Atsu Jonathan,France,Swimming,583
Atsumi Mana,Japan,Baseball/Softball,584
Au Hoi Shun Stephanie,"Hong Kong, China",Swimming,585
Aubakirov Miras,Kazakhstan,Water Polo,586
Auboeck Felix,Austria,Swimming,587
Aubry David,France,Marathon Swimming,588
Auda Patrik,Czech Republic,Basketball,589
Audinet Manon,France,Sailing,590
Auffarth Sandra,Germany,Equestrian,591
Auger-Aliassime Felix,Canada,Tennis,592
Augustyn Rafal,Poland,Athletics,593
Aular Sanabria Orluis Alberto,Venezuela,Cycling Road,594
Austin Tyler,United States Of America,Baseball/Softball,595
Avancini Henrique,Brazil,Cycling Mountain Bike,596
Averina Arina,Roc,Rhythmic Gymnastics,597
Averina Dina,Roc,Rhythmic Gymnastics,598
Avila Mancia Julimar,Honduras,Swimming,599
Avila Ramirez Keyla Paola,Honduras,Taekwondo,600
Avila Segura Ceiber David,Colombia,Boxing,601
Avola Giorgio,Italy,Fencing,602
Awang Mohd Azizulhasni,Malaysia,Cycling Track,603
Awiti Alcaraz Prisca,Mexico,Judo,604
Axelsen Viktor,Denmark,Badminton,605
Ayache Alexandre,France,Equestrian,606
Ayala Derlys,Paraguay,Athletics,607
Aydemir Akyol Naz,Turkey,Volleyball,608
Ayim Miranda,Canada,Basketball,609
Ayivon Claire,Togo,Rowing,610
Ayouni Abdessalem,Tunisia,Athletics,611
Azaad Julian Amado,Argentina,Beach Volleyball,612
Azamati-Kwaku Benjamin,Ghana,Athletics,613
Azemia Ned,Seychelles,Athletics,614
Azevedo Ana Carolina,Brazil,Athletics,615
Azevedo Catia,Portugal,Athletics,616
Azevedo Joao,Portugal,Shooting,617
Azhikanov Nurkanat,Kazakhstan,Karate,618
Azisbekov Atabek,Kyrgyzstan,Wrestling,619
Azizova Farida,Azerbaijan,Taekwondo,620
Azuero Domenica,Ecuador,Cycling Bmx Racing,621
Azuma Rio,Japan,Fencing,622
Azuma Sera,Japan,Fencing,623
Azurmendi Clara,Spain,Badminton,624
B. Sai Praneeth,India,Badminton,625
Ba Houleye,Mauritania,Athletics,626
Baalla Youness,Morocco,Boxing,627
Baatarkhuyag Otgonbold,Mongolia,Archery,628
Baatarsukh Chinzorig,Mongolia,Boxing,629
Baatth Simranjit Kaur,India,Boxing,630
Baauw Judy,Netherlands,Cycling Bmx Racing,631
Baba Yudai,Japan,Basketball,632
Babamuratova Gulbadam,Turkmenistan,Judo,633
Babayev Nazim,Azerbaijan,Athletics,634
Babek Tomas,Czech Republic,Cycling Track,635
Babintseva Aleksandra,Roc,Judo,636
Babnik Pia,Slovenia,Golf,637
Babovic Anastasija,Montenegro,Handball,638
Babris Helvijs,Latvia,Cycling Bmx Racing,639
Bacci Lorenzo,Italy,Shooting,640
Baccus Keanu,Australia,Football,641
Bach Helena,Denmark,Swimming,642
Bach Marta,Spain,Water Polo,643
Bacha Aymen,Tunisia,Weightlifting,644
Bacher Florian,Austria,Equestrian,645
Bachmann Alexander,Germany,Taekwondo,646
Bachmann Simon,Seychelles,Swimming,647
Bacmaga Dominika,Poland,Athletics,648
Bacon Phoebe,United States Of America,Swimming,649
Bacosi Diana,Italy,Shooting,650
Badawy Aly,Egypt,Sailing,651
Badenhorst Nardus,South Africa,Water Polo,652
Badloe Kiran,Netherlands,Sailing,653
Badosa Paula,Spain,Tennis,654
Bae Hyeyoon,Republic Of Korea,Basketball,655
Bae Sanghee,Republic Of Korea,Shooting,656
Bagnis Facundo,Argentina,Tennis,657
Bah Mamadou,Guinea,Swimming,658
Bah Mamadou Samba,Guinea,Judo,659
Bahloul Ramzi,Tunisia,Weightlifting,660
Bahmanyar Sara,Islamic Republic Of Iran,Karate,661
Bahta Meraf,Sweden,Athletics,662
Bahutski Yauheni,Belarus,Athletics,663
Bai Li,People'S Republic Of China,Athletics,664
Bailey Jr Aldrich,United States Of America,Athletics,665
Bailey Sean,Jamaica,Athletics,666
Bailleul Margaux,France,Rowing,667
Bailly Eric,Côte D'Ivoire,Football,668
Bajic Stefan,France,Football,669
Bajor Natalia,Poland,Table Tennis,670
Bajrang Bajrang,India,Wrestling,671
Bajwa Angad Vir Singh,India,Shooting,672
Baker Georgia,Australia,Cycling Track,673
Baker Kurt,New Zealand,Rugby Sevens,674
Baker Nicklas,Great Britain,Athletics,675
Baker Perry,United States Of America,Rugby Sevens,676
Baker Ronnie,United States Of America,Athletics,677
Baki Abdullah Hel,Bangladesh,Shooting,678
Bakker Billy,Netherlands,Hockey,679
Bakshi Gleb,Roc,Boxing,680
Baladin Hande,Turkey,Volleyball,681
Balandin Dmitriy,Kazakhstan,Swimming,682
Balastegui Manel,Spain,Rowing,683
Balazova Barbora,Slovakia,Table Tennis,684
Baldassarri Milena,Italy,Rhythmic Gymnastics,685
Balduccini Stephanie,Brazil,Swimming,686
Baldwin Roldani,Dominican Republic,Baseball/Softball,687
Baleiwairiki Iosefo Masikau,Fiji,Rugby Sevens,688
Balew Birhanu,Bahrain,Athletics,689
Balk Lars,Netherlands,Hockey,690
Balkan Onur,Turkey,Cycling Road,691
Balla Virag,Hungary,Canoe Sprint,692
Balleza Isaias Jose,Mexico,Diving,693
Ballo Stefano,Italy,Swimming,694
Balmaceda Rosario,Chile,Football,695
Balogh Matyas Laszlo,Hungary,Archery,696
Balogun Elizabeth,Nigeria,Basketball,697
Baloyes Bernardo,Colombia,Athletics,698
Balsamo Elisa,Italy,Cycling Track,699
Balsdon Grace,Great Britain,Hockey,700
Balsiger Bryan,Switzerland,Equestrian,701
Balsini Matin,Islamic Republic Of Iran,Swimming,702
Baltaci Ozkan,Turkey,Athletics,703
Baluta Tudor,Romania,Football,704
Balvin Ondrej,Czech Republic,Basketball,705
Balzer Sara,France,Fencing,706
Banda Babra,Zambia,Football,707
Bandarenka Vitali,Belarus,Boxing,708
Bandeira Fraga Samory Uiki,Brazil,Athletics,709
Bando Yuta,Japan,Athletics,710
Banicevic Dusan,Montenegro,Water Polo,711
Bann Blair Cameron,Canada,Volleyball,712
Bansley Heather,Canada,Beach Volleyball,713
Banti Caterina,Italy,Sailing,714
Banuelos Manuel,Mexico,Baseball/Softball,715
Banzeruk Ivan,Ukraine,Athletics,716
Bao Shanju,People'S Republic Of China,Cycling Track,717
Bao Yingfeng,People'S Republic Of China,Equestrian,718
Baptista Luisa,Brazil,Triathlon,719
Baptista Messias,Portugal,Canoe Sprint,720
Baptiste Kelly-Ann,Trinidad And Tobago,Athletics,721
Baquerizo Mcmillan Elsa,Spain,Beach Volleyball,722
Bar Am Noya,Israel,Sailing,723
Bar Juan Manuel,Argentina,Handball,724
Barabanov Mykyta,Ukraine,Athletics,725
Barakat Hanna,Palestine,Athletics,726
Baranchuk Anna,Roc,Rugby Sevens,727
Barankova Denisa,Slovakia,Archery,728
Baranova Varvara,Roc,Canoe Sprint,729
Baranski Fabian,Poland,Rowing,730
Barbachan Ana,Brazil,Sailing,731
Barbancon Morgan,France,Equestrian,732
Barbara,Brazil,Football,733
Barbelin Lisa,France,Archery,734
Barber Kelsey-Lee,Australia,Athletics,735
Barberena Mercado Edwin Orlando,Nicaragua,Shooting,736
Barbieri Rachele,Italy,Cycling Track,737
Barbosa Eduardo,Brazil,Judo,738
Barbosa Kurt Bryan,Philippines,Taekwondo,739
Barcelo Martin Paula,Spain,Sailing,740
Bard Melvin,France,Football,741
Bardach Martin Virginia,Argentina,Swimming,742
Bardenet Alexandre,France,Fencing,743
Bardi Dos Santos Felipe,Brazil,Athletics,744
Barega Selemon,Ethiopia,Athletics,745
Barker Elinor,Great Britain,Cycling Track,746
Barna Andrej,Serbia,Swimming,747
Barnes David,Australia,Archery,748
Barnes Emre Zafer,Turkey,Athletics,749
Barnes Nikole,United States Of America,Sailing,750
Barniak Tomasz,Poland,Canoe Sprint,751
Barona Dominic,Ecuador,Surfing,752
Barr Thomas,Ireland,Athletics,753
Barras Tom,Great Britain,Rowing,754
Barratt Jordyn,United States Of America,Skateboarding,755
Barreda Manuel,Mexico,Baseball/Softball,756
Barrett Danny,United States Of America,Rugby Sevens,757
Barrett Stephanie,Canada,Archery,758
Barrette Hugo,Canada,Cycling Track,759
Barrie Maggie,Sierra Leone,Athletics,760
Barrionuevo Maria Noel,Argentina,Hockey,761
Barrios Anriquelis,Venezuela,Judo,762
Barrios Navarro Laura,Spain,Hockey,763
Barrios Tomas,Chile,Tennis,764
Barrondo Bernardo Uriel,Guatemala,Athletics,765
Barrondo Erick Bernabe,Guatemala,Athletics,766
Barrondo Jose Alejandro,Guatemala,Athletics,767
Barros Pedro,Brazil,Skateboarding,768
Barseghyan Artur,Armenia,Swimming,769
Barshim Mutaz Essa,Qatar,Athletics,770
Bart Adrien,France,Canoe Sprint,771
Bartekova Danka,Slovakia,Shooting,772
Bartelsmeyer Amos,Germany,Athletics,773
Bartha-Keri Bianka,Hungary,Athletics,774
Barthel Danilo,Germany,Basketball,775
Barthel Mona,Germany,Tennis,776
Barthel Timo,Germany,Diving,777
Barthelemy Valerie,Belgium,Triathlon,778
Bartnik Tomasz,Poland,Shooting,779
Bartsch-Hackley Michelle,United States Of America,Volleyball,780
Barty Ashleigh,Australia,Tennis,781
Baru Morea,Papua New Guinea,Weightlifting,782
Baryard-Johnsson Malin,Sweden,Equestrian,783
Barysevich Darya,Belarus,Athletics,784
Barzelay Aviv,Israel,Swimming,785
Bashaev Tamerlan,Roc,Judo,786
Bashir Ghulam Mustafa,Pakistan,Shooting,787
Bashta Anna,Azerbaijan,Fencing,788
Basic Hana,Australia,Athletics,789
Basilashvili Nikoloz,Georgia,Tennis,790
Basile Fabio,Italy,Judo,791
Basova Liubov,Ukraine,Cycling Track,792
Bass Gina,Gambia,Athletics,793
Basseto Guilherme,Brazil,Swimming,794
Bassil Ray,Lebanon,Shooting,795
Basterra Jose Maria,Spain,Hockey,796
Bastian Izaak,Bahamas,Swimming,797
Bastien Steven,United States Of America,Athletics,798
Bat Ochir Bolortuya,Mongolia,Wrestling,799
Bat-Ochir Ser-Od,Mongolia,Athletics,800
Batashova Uliana,Roc,Modern Pentathlon,801
Batbayar Enkhkhuslen,Mongolia,Swimming,802
Bateman Amanda,Australia,Rowing,803
Batini Martina,Italy,Fencing,804
Batirmurzaev Yusup,Kazakhstan,Wrestling,805
Batista Ketiley,Brazil,Athletics,806
Bativakalolo Raichel,Japan,Rugby Sevens,807
Batki Noemi,Italy,Diving,808
Batmunkh Bolorerdene,Mongolia,Table Tennis,809
Batra Manika,India,Table Tennis,810
Batsarashkina Vitalina,Roc,Shooting,811
Batt-Doyle Isobel,Australia,Athletics,812
Battai Sugar Katinka,Hungary,Fencing,813
Batten Haley,United States Of America,Cycling Mountain Bike,814
Battiston Michela,Italy,Fencing,815
Battle Anavia,United States Of America,Athletics,816
Batum Nicolas,France,Basketball,817
Baturov Bobo-Usmon,Uzbekistan,Boxing,818
Batyrgaziev Albert,Roc,Boxing,819
Batyrshina Zilia,Roc,Shooting,820
Bau Martin,Slovenia,Swimming,821
Baumann Christian,Switzerland,Artistic Gymnastics,822
Baumgart-Witan Iga,Poland,Athletics,823
Bautista Jose,Dominican Republic,Baseball/Softball,824
Bayartsogt Munkhzaya,Mongolia,Athletics,825
Bayasgalan Solongo,Mongolia,3X3 Basketball,826
Baynes Aron,Australia,Basketball,827
Baz Shane,United States Of America,Baseball/Softball,828
Bazadze Sandro,Georgia,Fencing,829
Bazan Velez Lautaro,Argentina,Rugby Sevens,830
Bazarzhapov Galsan,Roc,Archery,831
Bazo German Maria Belen,Peru,Sailing,832
Bazolo Lorene Dorcas,Portugal,Athletics,833
Beale Daniel James,Australia,Hockey,834
Beatriz,Brazil,Football,835
Beaugrand Cassandre,France,Triathlon,836
Beaumont Jack,Great Britain,Rowing,837
Beaumont Maxime,France,Canoe Sprint,838
Bebendorf Karl,Germany,Athletics,839
Beccaro Luca,Italy,Canoe Sprint,840
Becchetti Mariavittoria,Italy,Athletics,841
Bechdeju Laura,Spain,Artistic Gymnastics,842
Beck Alex,Australia,Athletics,843
Beck Leonie,Germany,Marathon Swimming,844
Becker Charlotte,Germany,Cycling Track,845
Becker Sophie,Ireland,Athletics,846
Beckie Janine,Canada,Football,847
Beckmann Emilie,Denmark,Swimming,848
Beddoes Alex,Cook Islands,Athletics,849
Bednarczuk Agatha,Brazil,Beach Volleyball,850
Bednarek Kenneth,United States Of America,Athletics,851
Bedrani Djilali,France,Athletics,852
Beer Ellie,Australia,Athletics,853
Beer Jolyn,Germany,Shooting,854
Beesley Meghan,Great Britain,Athletics,855
Beigi Harchegani Milad,Azerbaijan,Taekwondo,856
Bejan Sergiu,Romania,Rowing,857
Bejinariu Viviana,Romania,Rowing,858
Beka Beka Alexis,France,Football,859
Bekauri Lasha,Georgia,Judo,860
Beke Kornel,Hungary,Canoe Sprint,861
Bekele Alemu,Bahrain,Athletics,862
Bekesi Eszter,Hungary,Swimming,863
Bekh-Romanchuk Maryna,Ukraine,Athletics,864
Bekhazi Joelle,Canada,Water Polo,865
Bekkering Annemiek,Netherlands,Sailing,866
Bekkering Ross,Netherlands,3X3 Basketball,867
Bekmez Meryem,Turkey,Athletics,868
Bel Ahbib Oumayma,Morocco,Boxing,869
Belaud Valentin,France,Modern Pentathlon,870
Belcher Mathew,Australia,Sailing,871
Beleaga Gianina,Romania,Rowing,872
Belemu Margaret,Zambia,Football,873
Beletew Yehualeye,Ethiopia,Athletics,874
Belhadj Mehdi,France,Athletics,875
Belinska Alla,Ukraine,Wrestling,876
Beljajeva Julia,Estonia,Fencing,877
Bell Alexandra,Great Britain,Athletics,878
Bell Daniel,South Africa,Hockey,879
Bell Joe,New Zealand,Football,880
Bellandi Alice,Italy,Judo,881
Belle Tia-Adana,Barbados,Athletics,882
Bellio Katrina,Canada,Swimming,883
Bello Ayomide Emmanuel,Nigeria,Canoe Sprint,884
Bello Elena,Italy,Athletics,885
Belmonte Mireia,Spain,Swimming,886
Belmonte Tomas,Argentina,Football,887
Belo Francisco,Portugal,Athletics,888
Belocian Wilhem,France,Athletics,889
Belomoina Yana,Ukraine,Cycling Mountain Bike,890
Beltran Fernando,Mexico,Football,891
Beltran Mir Albert,Spain,Hockey,892
Belyavskiy David,Roc,Artistic Gymnastics,893
Ben Adrian,Spain,Athletics,894
Ben Azizi Nadia,Tunisia,Fencing,895
Ben Chaabane Amira,Tunisia,Fencing,896
Ben Cheikh Mehdi,Tunisia,Volleyball,897
Ben Daoud Hamid,Spain,Athletics,898
Ben Hnia Karem,Tunisia,Weightlifting,899
Ben Ismail Afef,Tunisia,Canoe Sprint,900
Ben Othmen Miladi Mohamed Ali,Tunisia,Volleyball,901
Ben Slimene Khaled,Tunisia,Volleyball,902
Ben Tara Wassim,Tunisia,Volleyball,903
Ben Yessouf Tekiath,Niger,Taekwondo,904
Ben Zahra Abdelkarim,Morocco,Athletics,905
Benard Chris,United States Of America,Athletics,906
Benati Lorenzo,Italy,Athletics,907
Benchabla Abdelhafid,Algeria,Boxing,908
Bencic Belinda,Switzerland,Tennis,909
Benedetti Julia,Spain,Skateboarding,910
Benegas Perris,United States Of America,Cycling Bmx Freestyle,911
Benferdjallah Fateh,Algeria,Wrestling,912
Bengtsson Angelica,Sweden,Athletics,913
Bengtsson Rolf-Goran,Sweden,Equestrian,914
Benguche Jorge,Honduras,Football,915
Benhadja Loubna,Algeria,Athletics,916
Benites Bruna,Brazil,Football,917
Benitez Andrea,Spain,Skateboarding,918
Benitez Jackie,Puerto Rico,Basketball,919
Benjamin Kion,Trinidad And Tobago,Athletics,920
Benjamin Rai,United States Of America,Athletics,921
Benn Brittany,Canada,Rugby Sevens,922
Bennama Billal,France,Boxing,923
Bennett George,New Zealand,Cycling Road,924
Bennett Karen,Great Britain,Rowing,925
Bennison Hanna,Sweden,Football,926
Benoot Tiesj,Belgium,Cycling Road,927
Bentz Gunnar,United States Of America,Swimming,928
Benus Matej,Slovakia,Canoe Slalom,929
Benzing Robin,Germany,Basketball,930
Berder Cecilia,France,Fencing,931
Berdimuratov Jalgasbay,Uzbekistan,Wrestling,932
Berecz Zsombor,Hungary,Sailing,933
Berenguer Ignacio,Mexico,Sailing,934
Beres Amalia,Romania,Rowing,935
Beres Madalina,Romania,Rowing,936
Berger Eline,Netherlands,Rowing,937
Berger Eva,France,Athletics,938
Berger Matt,Canada,Skateboarding,939
Bergere Leo,France,Triathlon,940
Bergerud Torbjoern,Norway,Handball,941
Berglund Kalle,Sweden,Athletics,942
Bergstroem Linda,Sweden,Table Tennis,943
Bergstrom Fredrik,Sweden,Sailing,944
Bergstrom Olivia,Sweden,Sailing,945
Berkhout Lobke,Netherlands,Sailing,946
Berlin Reyes Kevin,Mexico,Diving,947
Berna Phil,Canada,Rugby Sevens,948
Bernabeu Maria,Spain,Judo,949
Bernardoni Paul,France,Football,950
Bernat Laura,Poland,Swimming,951
Bernau Madelynn Ann,United States Of America,Shooting,952
Bernaz Jean Baptiste,France,Sailing,953
Bernek Peter,Hungary,Swimming,954
Bernholm Anna,Sweden,Judo,955
Bernotas Juozas,Lithuania,Sailing,956
Berrahal Djahid,Algeria,Wrestling,957
Berre' Enrico,Italy,Fencing,958
Berrichi Nadjet,Algeria,Sailing,959
Berry Gwen,United States Of America,Athletics,960
Bersneva Maria,Roc,Water Polo,961
Berta Elena,Italy,Sailing,962
Bertaud Dimitry,France,Football,963
Bertazzo Liam,Italy,Cycling Track,964
Berteau Victoire,France,Cycling Track,965
Bertemes Bob,Luxembourg,Athletics,966
Bertens Kiki,Netherlands,Tennis,967
Berthier Amita,Singapore,Fencing,968
Bertocchi Elena,Italy,Diving,969
Bertoncelli Marta,Italy,Canoe Slalom,970
Bertrand Coralie,France,Rugby Sevens,971
Berultseva Sofya,Kazakhstan,Karate,972
Besbes Sarra,Tunisia,Fencing,973
Bessaguet Clement,France,Shooting,974
Bessi Cedric,Monaco,Judo,975
Best Justin,United States Of America,Rowing,976
Bestue Jael,Spain,Athletics,977
Bethel Brianne,Bahamas,Athletics,978
Bethlen Bruno,Brazil,Sailing,979
Betschart Nina,Switzerland,Beach Volleyball,980
Bett Leonard Kipkemoi,Kenya,Athletics,981
Bettiol Alberto,Italy,Cycling Road,982
Bettles Sarah,Great Britain,Archery,983
Betto Alice,Italy,Triathlon,984
Beucke Susann,Germany,Sailing,985
Beukers Nicole,Netherlands,Rowing,986
Bevan Kelsey,New Zealand,Rowing,987
Bevin Patrick,New Zealand,Cycling Road,988
Bey Augustin,France,Athletics,989
Bezede Dimitriana,Republic Of Moldova,Athletics,990
Bezuidenhout Christiaan,South Africa,Golf,991
Bezzina Eleanor,Malta,Shooting,992
Bhaker Manu,India,Shooting,993
Bhambri Sarthak,India,Athletics,994
Bhatta Soniya,Nepal,Judo,995
Bi Kun,People'S Republic Of China,Sailing,996
Biagioli Cecilia,Argentina,Marathon Swimming,997
Biagioli Romina,Argentina,Triathlon,998
Bian Tongda,People'S Republic Of China,Athletics,999
Bianchi Ilaria,Italy,Swimming,1000
Bibby Dan,Great Britain,Rugby Sevens,1001
Bibossinov Saken,Kazakhstan,Boxing,1002
Bichler Timo,Germany,Cycling Track,1003
Bicsak Bence,Hungary,Triathlon,1004
Bida Sergey,Roc,Fencing,1005
Bidani Walid,Algeria,Weightlifting,1006
Bigot Quentin,France,Athletics,1007
Bijac Marko,Croatia,Water Polo,1008
Bildstein Benjamin,Austria,Sailing,1009
Biles Simone,United States Of America,Artistic Gymnastics,1010
Billiet Sandrine,Cape Verde,Judo,1011
Billot Mathieu,France,Equestrian,1012
Billys Lauren,Puerto Rico,Equestrian,1013
Bilodeau Mathieu,Canada,Athletics,1014
Bilodid Daria,Ukraine,Judo,1015
Bin Futais Saif,United Arab Emirates,Shooting,1016
Binedell Martin,South Africa,Swimming,1017
Bingham Khamica,Canada,Athletics,1018
Birch Chloe,Great Britain,Badminton,1019
Bird Elizabeth,Great Britain,Athletics,1020
Bird Kieran,Great Britain,Swimming,1021
Bird Sue,United States Of America,Basketball,1022
Bird-Smith Dane,Australia,Athletics,1023
Biribo Kinaua,Kiribati,Judo,1024
Biriz Onur Cavit,Turkey,Sailing,1025
Biron Gilles,France,Athletics,1026
Birtwhistle Jacob,Australia,Triathlon,1027
Bisharat Ibrahim Hani,Jordan,Equestrian,1028
Bishindee Urantungalag,Mongolia,Archery,1029
Bishop-Nriagu Melissa,Canada,Athletics,1030
Biskup Mateusz,Poland,Rowing,1031
Bissegger Stefan,Switzerland,Cycling Track,1032
Bisset Catriona,Australia,Athletics,1033
Bissett Brenden David Nelson,Canada,Hockey,1034
Bithell Stuart,Great Britain,Sailing,1035
Bitolo Gabriela,Brazil,Handball,1036
Bitsch Noah,Germany,Karate,1037
Bitter Johannes,Germany,Handball,1038
Bjelica Ana,Serbia,Volleyball,1039
Bjeljac Bojana,Croatia,Athletics,1040
Bjerendal Christine,Sweden,Archery,1041
Bjerg Tobias,Denmark,Swimming,1042
Bjerrehuus Fredrik Holmquist,Denmark,Wrestling,1043
Bjoernsen Kristian,Norway,Handball,1044
Bjurberg Kessidis Alex Michel,Sweden,Wrestling,1045
Blaak Pirmin,Netherlands,Hockey,1046
Black Elsabeth,Canada,Artistic Gymnastics,1047
Blackburn Angeline,Australia,Athletics,1048
Blackstenius Stina,Sweden,Football,1049
Blagojevic Jelena,Serbia,Volleyball,1050
Blais-Belanger Marc-Antoine,Canada,Fencing,1051
Blake Jerome,Canada,Athletics,1052
Blake Yohan,Jamaica,Athletics,1053
Blankenau Jay,Canada,Volleyball,1054
Blaze Anita,France,Fencing,1055
Blazhevska Eminova Mia,North Macedonia,Swimming,1056
Blazic Jaka,Slovenia,Basketball,1057
Blazquez Joaquin,Argentina,Football,1058
Blech Torben,Germany,Athletics,1059
Blecher Eden,Israel,Artistic Swimming,1060
Bleich Jeremy,Israel,Baseball/Softball,1061
Blevins Christopher,United States Of America,Cycling Mountain Bike,1062
Blicavs Sara Kirsti,Australia,Basketball,1063
Blignaut Kyle,South Africa,Athletics,1064
Bliznets Yuliya,Belarus,Athletics,1065
Bliznyuk Anastasia,Roc,Rhythmic Gymnastics,1066
Blohm Linn,Sweden,Handball,1067
Blok Justen,Netherlands,Hockey,1068
Blom Merel,Netherlands,Equestrian,1069
Blomberg Emil,Sweden,Athletics,1070
Blomqvist Rebecka,Sweden,Football,1071
Blume Pernille,Denmark,Swimming,1072
Blummenfelt Kristian,Norway,Triathlon,1073
Blundell Jenny,Australia,Athletics,1074
Blyde Michaela,New Zealand,Rugby Sevens,1075
Boari Lucilla,Italy,Archery,1076
Boateng Bismark,Canada,Athletics,1077
Bobbs Quanita,South Africa,Hockey,1078
Boboc Radu,Romania,Football,1079
Bobocea Claudia Mihaela,Romania,Athletics,1080
Bobonov Davlat,Uzbekistan,Judo,1081
Bobritsky Shelly,Israel,Artistic Swimming,1082
Bobrovs Daniils,Latvia,Swimming,1083
Boccard Gauthier,Belgium,Hockey,1084
Bocchi Tobia,Italy,Athletics,1085
Bocekler Beril,Turkey,Swimming,1086
Boch Simon,Germany,Athletics,1087
Bockarie Solomon,Netherlands,Athletics,1088
Bodegas Michael Alexandre,Italy,Water Polo,1089
Bodenmuller Eveline,Switzerland,Equestrian,1090
Bodnar Ancuta,Romania,Rowing,1091
Bodnar Maciej,Poland,Cycling Road,1092
Bodnarchuk Mariola,Ukraine,Rhythmic Gymnastics,1093
Bodonyi Dora,Hungary,Canoe Sprint,1094
Bogaerts Rafael,Belgium,3X3 Basketball,1095
Bogdan Denis,Roc,Volleyball,1096
Bogdanovic Tijana,Serbia,Taekwondo,1097
Bogliolo Luminosa,Italy,Athletics,1098
Bohacik Jaromir,Czech Republic,Basketball,1099
Bohe Caroline,Denmark,Cycling Mountain Bike,1100
Bohus Richard,Hungary,Swimming,1101
Boivin Guillaume,Canada,Cycling Road,1102
Boje Alexandra,Denmark,Badminton,1103
Bokesa Aauri Lorena,Spain,Athletics,1104
Bol Femke,Netherlands,Athletics,1105
Bol Peter,Australia,Athletics,1106
Bolaca Napolioni,Fiji,Rugby Sevens,1107
Bold Gankhaich,Mongolia,Judo,1108
Boldsaikhan Khongorzul,Mongolia,Wrestling,1109
Bolingo Cynthia,Belgium,Athletics,1110
Boll Timo,Germany,Table Tennis,1111
Bolmaro Leandro Nicolas,Argentina,Basketball,1112
Bolou Marie,France,Sailing,1113
Boltaboev Sharofiddin,Uzbekistan,Judo,1114
Bolto Marc,Spain,Hockey,1115
Bomme Emma Beiter,Denmark,Athletics,1116
Bonanno Nicolas,Argentina,Handball,1117
Bonastre Peremateu Berta,Spain,Hockey,1118
Bond Ashlee,Israel,Equestrian,1119
Bond Hamish,New Zealand,Rowing,1120
Bone Edwina,Australia,Hockey,1121
Bone Oliver,Canada,Sailing,1122
Bonevacia Liemarvin,Netherlands,Athletics,1123
Bonface Harriet,Malawi,Judo,1124
Bonfim Caio,Brazil,Athletics,1125
Bonga Isaac,Germany,Basketball,1126
Bongiorni Anna,Italy,Athletics,1127
Bonhomme Ariane,Canada,Cycling Track,1128
Bonifacio Emilio,Dominican Republic,Baseball/Softball,1129
Bonilla Andrea Paola,Ecuador,Athletics,1130
Bonnat Michel Zacarias,Dominican Republic,Weightlifting,1131
Bonnet Charlotte,France,Swimming,1132
Bont Debbie,Netherlands,Handball,1133
Bonvalot Teresa,Portugal,Surfing,1134
Booker Devin,United States Of America,Basketball,1135
Boon Tom Alain,Belgium,Hockey,1136
Boonzaaijer Janneke,Netherlands,Equestrian,1137
Booth Joshua,Australia,Rowing,1138
Boothroyd John Findlay Hammond,Canada,Hockey,1139
Borch Kjetil,Norway,Rowing,1140
Borchashvili Shamil,Austria,Judo,1141
Bordas Reka,Hungary,Handball,1142
Bordier Gabriel,France,Athletics,1143
Bordignon Giorgia,Italy,Weightlifting,1144
Bordone Susanna,Italy,Equestrian,1145
Borel Yannick,France,Fencing,1146
Borga Rebecca,Italy,Athletics,1147
Borger Karla,Germany,Beach Volleyball,1148
Borges Alexis,Portugal,Handball,1149
Borges Almeida Silva Mauricio,Brazil,Volleyball,1150
Borges Felipe,Brazil,Handball,1151
Borges Gabriel,Brazil,Sailing,1152
Borgli Stine,Norway,Cycling Road,1153
Borgohain Lovlina,India,Boxing,1154
Borkowski Mateusz,Poland,Athletics,1155
Borlee Dylan,Belgium,Athletics,1156
Borlee Jonathan,Belgium,Athletics,1157
Borlee Kevin,Belgium,Athletics,1158
Borodachev Kirill,Roc,Fencing,1159
Borodavko Jevgenijs,Latvia,Judo,1160
Borodin Ilia,Roc,Swimming,1161
Borowska Dorota,Poland,Canoe Sprint,1162
Borras Marion,France,Cycling Track,1163
Borrero Molina Ismael,Cuba,Wrestling,1164
Borthwick Emily,Great Britain,Athletics,1165
Borutta Samantha,Germany,Athletics,1166
Borykau Mikita,Belarus,Canoe Sprint,1167
Bosetti Caterina Chiara,Italy,Volleyball,1168
Boshnak Aliya,Jordan,Athletics,1169
Boskovic Tijana,Serbia,Volleyball,1170
Bosse Pierre-Ambroise,France,Athletics,1171
Bosserhoff Niklas,Germany,Hockey,1172
Bossuyt Shari,Belgium,Cycling Track,1173
Bosworth Sam,New Zealand,Rowing,1174
Bosworth Tom,Great Britain,Athletics,1175
Botalova Maria,Roc,Rowing,1176
Botek Adam,Slovakia,Canoe Sprint,1177
Botin Le Chever Diego,Spain,Sailing,1178
Botitu Vilimoni,Fiji,Rugby Sevens,1179
Botlogetswe Christine,Botswana,Athletics,1180
Bott Cj,New Zealand,Football,1181
Bottaro Viviana,Italy,Karate,1182
Botticher Stefan,Germany,Cycling Track,1183
Boualam Roumaysa,Algeria,Boxing,1184
Boubakri Ines,Tunisia,Fencing,1185
Boucheron Hugo,France,Rowing,1186
Bouchicha Hichem,Algeria,Athletics,1187
Boudina Sid Ali,Algeria,Rowing,1188
Boudjemline Adem,Algeria,Wrestling,1189
Bougard Erica,United States Of America,Athletics,1190
Bouguerra Aymen,Tunisia,Volleyball,1191
Boukaa El Ghali,Morocco,Equestrian,1192
Boukhiam Ramzi,Morocco,Surfing,1193
Boukli Shirine,France,Judo,1194
Bouloudinats Chouaib,Algeria,Boxing,1195
Bouma Andrea,Netherlands,Athletics,1196
Bouqantar Soufiyan,Morocco,Athletics,1197
Bouras Hamza,Algeria,Sailing,1198
Bourez Michel,France,Surfing,1199
Bourhis Jean Pierre,Senegal,Canoe Slalom,1200
Bouriah Larbi,Algeria,Table Tennis,1201
Bourke Colin,Japan,Rugby Sevens,1202
Bourmpou Christina Ioanna,Greece,Rowing,1203
Bourne Tri,United States Of America,Beach Volleyball,1204
Bouseta Siwar,Tunisia,Wrestling,1205
Boutbien Jeanne,Senegal,Swimming,1206
Bouter Micaela,South Africa,Diving,1207
Boutier Celine,France,Golf,1208
Boutouil Samy,Morocco,Swimming,1209
Bouwmeester Marit,Netherlands,Sailing,1210
Bouzayani Marwa,Tunisia,Athletics,1211
Bove Claire,France,Rowing,1212
Bovendeert Roel,Netherlands,Hockey,1213
Bowen Alex,United States Of America,Water Polo,1214
Bowen Katie,New Zealand,Football,1215
Boyce Brendan,Ireland,Athletics,1216
Boyer Marine,France,Artistic Gymnastics,1217
Boyer Stephen,France,Volleyball,1218
Boz Meryem,Turkey,Volleyball,1219
Bozan Dilara,Turkey,Karate,1220
Bozbayev Islam,Kazakhstan,Judo,1221
Bradshaw Holly,Great Britain,Athletics,1222
Brady Jennifer,United States Of America,Tennis,1223
Braegger Pablo,Switzerland,Artistic Gymnastics,1224
Braendle Naemi,Switzerland,Canoe Slalom,1225
Braga Guimaraes Gabriela,Brazil,Volleyball,1226
Braganca Rui,Portugal,Taekwondo,1227
Bragmayer Zsanett,Hungary,Triathlon,1228
Braid Connor,Canada,Rugby Sevens,1229
Braidot Luca,Italy,Cycling Mountain Bike,1230
Brait Camila,Brazil,Volleyball,1231
Brake Michael,New Zealand,Rowing,1232
Brand Tim,Australia,Hockey,1233
Brandau Elisabeth,Germany,Cycling Mountain Bike,1234
Brandl Maximilian,Germany,Cycling Mountain Bike,1235
Brankovski Borjan,North Macedonia,Shooting,1236
Branquinho Diogo,Portugal,Handball,1237
Branser Marie,Democratic Republic Of The Congo,Judo,1238
Branz Maria Sol,Argentina,Sailing,1239
Brash Scott,Great Britain,Equestrian,1240
Braspennincx Shanne,Netherlands,Cycling Track,1241
Brassart Maellyse,Belgium,Artistic Gymnastics,1242
Brathwaite Shane,Barbados,Athletics,1243
Brattset Dale Kari,Norway,Handball,1244
Braunschweig Ole,Germany,Swimming,1245
Brausse Franziska,Germany,Cycling Track,1246
Bravo Claudio,Argentina,Football,1247
Bravo Elizabeth,Ecuador,Triathlon,1248
Bray-Lougheed Alanna,Canada,Canoe Sprint,1249
Braz Thiago,Brazil,Athletics,1250
Brazier Kelly,New Zealand,Rugby Sevens,1251
Brecciaroli Stefano,Italy,Equestrian,1252
Bredal Oftedal Stine,Norway,Handball,1253
Breistoel Kristine,Norway,Handball,1254
Brembach Nils,Germany,Athletics,1255
Brendel Sebastian,Germany,Canoe Sprint,1256
Brennan Emmet,Ireland,Boxing,1257
Brennauer Lisa,Germany,Cycling Road,1258
Brenno,Brazil,Football,1259
Bres Klaudia,Poland,Shooting,1260
Brew Chloe,Great Britain,Rowing,1261
Brguljan Drasko,Montenegro,Water Polo,1262
Briels Thomas,Belgium,Hockey,1263
Brier Joseph,Great Britain,Athletics,1264
Brigden-Jones Jo,Australia,Canoe Sprint,1265
Bright Millie,Great Britain,Football,1266
Brinegar Michael,United States Of America,Swimming,1267
Brinkman Thierry,Netherlands,Hockey,1268
Brittain Lawrence,South Africa,Rowing,1269
Brizard Antoine,France,Volleyball,1270
Brnovic Tatjana,Montenegro,Handball,1271
Bro Signe,Denmark,Swimming,1272
Brock Laura,Australia,Football,1273
Brodersen Svend,Germany,Football,1274
Brodka Amelia,Poland,Skateboarding,1275
Broeders Ben,Belgium,Athletics,1276
Broeksma Gijs,Netherlands,Archery,1277
Broekx Lize,Belgium,Canoe Sprint,1278
Broenink Stef,Netherlands,Rowing,1279
Broersen Nadine,Netherlands,Athletics,1280
Bromell Trayvon,United States Of America,Athletics,1281
Bromfield Junelle,Jamaica,Athletics,1282
Bromley Michelle,Australia,Table Tennis,1283
Bronze Lucy,Great Britain,Football,1284
Brooks Declan,Great Britain,Cycling Bmx Freestyle,1285
Brooks Jelena,Serbia,Basketball,1286
Brookshire Suzannah,Mexico,Baseball/Softball,1287
Brossier Amandine,France,Athletics,1288
Broszus Blake,Canada,Fencing,1289
Broughton Gayle,New Zealand,Rugby Sevens,1290
Brouwer Alexander,Netherlands,Beach Volleyball,1291
Brown Abbie,Great Britain,Rugby Sevens,1292
Brown Alicia,Canada,Athletics,1293
Brown Colton,United States Of America,Judo,1294
Brown Erika,United States Of America,Swimming,1295
Brown Grace,Australia,Cycling Road,1296
Brown Ira,Japan,3X3 Basketball,1297
Brown Javeir,Jamaica,Athletics,1298
Brown Joanna,Canada,Triathlon,1299
Brown Maceo,United States Of America,Rugby Sevens,1300
Brown Mackenzie,United States Of America,Archery,1301
Brown Max,New Zealand,Canoe Sprint,1302
Brown Ricardo,Jamaica,Boxing,1303
Brown Sky,Great Britain,Skateboarding,1304
Browne Kwesi,Trinidad And Tobago,Cycling Track,1305
Browning Kayle,United States Of America,Shooting,1306
Browning Rohan,Australia,Athletics,1307
Brownlee Jonathan,Great Britain,Triathlon,1308
Bruce Lauren,New Zealand,Athletics,1309
Bruce Nick,United States Of America,Cycling Bmx Freestyle,1310
Brueckler Julia,Austria,Skateboarding,1311
Bruessler Sarah,Germany,Canoe Sprint,1312
Bruggeman Lore,Belgium,Skateboarding,1313
Bruhn Annika,Germany,Swimming,1314
Brume Ese,Nigeria,Athletics,1315
Brun Kristoffer,Norway,Rowing,1316
Brunet Manon,France,Fencing,1317
Bruni Rachele,Italy,Marathon Swimming,1318
Bruni Roberta,Italy,Athletics,1319
Brussino Nicolas,Argentina,Basketball,1320
Bruynseels Niels,Belgium,Equestrian,1321
Brydon David,New Zealand,Hockey,1322
Bryl Michal,Poland,Beach Volleyball,1323
Brys Tim,Belgium,Rowing,1324
Bryzhina Anastasiya,Ukraine,Athletics,1325
Brzezinski Marcin,Poland,Rowing,1326
Brzozowski Artur,Poland,Athletics,1327
Bu Arish Yousif,Saudi Arabia,Swimming,1328
Bu Tingkai,People'S Republic Of China,Canoe Sprint,1329
Bublik Alexander,Kazakhstan,Tennis,1330
Buchanan Kadeisha,Canada,Football,1331
Buchanan Rushlee,New Zealand,Cycling Track,1332
Buchard Amandine,France,Judo,1333
Bucher Simon,Austria,Swimming,1334
Buchli Matthijs,Netherlands,Cycling Track,1335
Buchmann Emanuel,Germany,Cycling Road,1336
Buck Charlotte,United States Of America,Rowing,1337
Buckingham Ben,Australia,Athletics,1338
Buckingham Charlie,United States Of America,Sailing,1339
Buckle Carolyn,Australia,Artistic Swimming,1340
Buckling Hannah,Australia,Water Polo,1341
Buczek Jakub,Canada,Rowing,1342
Budcharern Siri Arun,Lao People'S Democratic Republic,Swimming,1343
Budiak Anatolii,Ukraine,Cycling Road,1344
Bueno Laura,Spain,Athletics,1345
Bufoni Leticia,Brazil,Skateboarding,1346
Bugajski Josh,Great Britain,Rowing,1347
Bugallo Agustin Fernando,Argentina,Hockey,1348
Buhl-Hansen Laerke,Denmark,Sailing,1349
Buhus Iuliana,Romania,Rowing,1350
Bui Kim,Germany,Artistic Gymnastics,1351
Buisa Pam,Canada,Rugby Sevens,1352
Buitendag Bianca,South Africa,Surfing,1353
Bujak Eugenia,Slovenia,Cycling Road,1354
Bujold Mandy,Canada,Boxing,1355
Bukhov Vladyslav,Ukraine,Swimming,1356
Bukic Luka,Croatia,Water Polo,1357
Bukowiecki Konrad,Poland,Athletics,1358
Bulaich Simian Daniela,Argentina,Volleyball,1359
Bull Alyssa,Australia,Canoe Sprint,1360
Bull Tyson,Australia,Artistic Gymnastics,1361
Bulmer Josephine,Australia,Canoe Sprint,1362
Bultor Daryl,France,Volleyball,1363
Bundsen Johanna,Sweden,Handball,1364
Bunge Claudia,New Zealand,Football,1365
Burcham Scotty,Israel,Baseball/Softball,1366
Burchell Remona,Jamaica,Athletics,1367
Burdisso Federico,Italy,Swimming,1368
Burestedt Felix,Sweden,Badminton,1369
Burger Alex,South Africa,Sailing,1370
Burger Guillaume,France,Canoe Sprint,1371
Burgess Adam,Great Britain,Canoe Slalom,1372
Burghardt Alexandra,Germany,Athletics,1373
Burgo Samuele,Italy,Canoe Sprint,1374
Burian Katalin,Hungary,Swimming,1375
Burkard Elena,Germany,Athletics,1376
Burke Mario,Barbados,Athletics,1377
Burkhill Hannah,Australia,Artistic Swimming,1378
Burks Quanesha,United States Of America,Athletics,1379
Burling Peter,New Zealand,Sailing,1380
Burmann De Oliveira Pedro Luis,Brazil,Athletics,1381
Burnet Anna,Great Britain,Sailing,1382
Burnet Taymir,Netherlands,Athletics,1383
Burnett Derek,Ireland,Shooting,1384
Burns Tom,New Zealand,Taekwondo,1385
Burrell Keeno,Jamaica,Athletics,1386
Burton Abi,Great Britain,Rugby Sevens,1387
Busa Bianka,Serbia,Volleyball,1388
Busa Luigi,Italy,Karate,1389
Busato Mattia,Italy,Karate,1390
Busch Kim,Netherlands,Swimming,1391
Buscomb Camille,New Zealand,Athletics,1392
Buslje Andro,Croatia,Water Polo,1393
Bussiere Theo,France,Swimming,1394
Bustamante Carlos,Mexico,Baseball/Softball,1395
Bustos Esteban,Chile,Modern Pentathlon,1396
Bustos Sanchez Alejandro,Spain,Water Polo,1397
Butbul Tohar,Israel,Judo,1398
Butchart Andrew,Great Britain,Athletics,1399
Butdee Chatchai-Decha,Thailand,Boxing,1400
Butsenko Mykola,Ukraine,Boxing,1401
Butterworth Alycia,Canada,Athletics,1402
Butterworth Lindsey,Canada,Athletics,1403
Butts-Townsend Tynita,United States Of America,Athletics,1404
Butulija Dajana,Serbia,Basketball,1405
Buzarnescu Mihaela,Romania,Tennis,1406
Bwogi Shadiri,Uganda,Boxing,1407
Bylon Atheyna,Panama,Boxing,1408
Byrne Ronan,Ireland,Rowing,1409
Ca Liliana,Portugal,Athletics,1410
Cabal Juan-Sebastian,Colombia,Tennis,1411
Caballero Denia,Cuba,Athletics,1412
Cabana Perez Cristina,Spain,Judo,1413
Cabecinha Ana,Portugal,Athletics,1414
Cabelicka Jitka,Czech Republic,Cycling Mountain Bike,1415
Cabral Barbosa Alexandrina,Spain,Handball,1416
Cabrera Melky,Dominican Republic,Baseball/Softball,1417
Cacace Liberato,New Zealand,Football,1418
Cacciamani Ilaria,Italy,Baseball/Softball,1419
Caceres Eusebio,Spain,Athletics,1420
Caci Anthony,France,Football,1421
Cacic Nikolina,Croatia,Boxing,1422
Cado Sasa,Serbia,Basketball,1423
Cadogan Shane,St Vincent And The Grenadines,Swimming,1424
Caffaro Francisco,Argentina,Basketball,1425
Cai Alex,Canada,Fencing,1426
Cai Zelin,People'S Republic Of China,Athletics,1427
Caicedo Juan,Ecuador,Athletics,1428
Caicedo Pachito Jean Carlos,Ecuador,Boxing,1429
Cainero Chiara,Italy,Shooting,1430
Caira Jenna,Canada,Baseball/Softball,1431
Cairns Anne,Samoa,Canoe Sprint,1432
Caixeta Tandara,Brazil,Volleyball,1433
Cakiroglu Buse Naz,Turkey,Boxing,1434
Cakss Gatis,Latvia,Athletics,1435
Calabro Giulio,Italy,Sailing,1436
Calderano Hugo,Brazil,Table Tennis,1437
Caldwell Abbey,Australia,Athletics,1438
Calel Jose Oswaldo,Guatemala,Athletics,1439
Caliskan Kubra,Turkey,Volleyball,1440
Calja Briken,Albania,Weightlifting,1441
Caljouw Mark,Netherlands,Badminton,1442
Callegari Beatrice,Italy,Artistic Swimming,1443
Camacho-Quinn Jasmine,Puerto Rico,Athletics,1444
Camara Ebrima,Gambia,Athletics,1445
Camara Fatoumata Yarie,Guinea,Wrestling,1446
Camara Seco,Guinea-Bissau,Athletics,1447
Camboni Mattia,Italy,Sailing,1448
Cameron Lloydricia,Jamaica,Athletics,1449
Camilo De Oliveira Paulo Andre,Brazil,Athletics,1450
Campazzo Facundo,Argentina,Basketball,1451
Campbell Bronte,Australia,Swimming,1452
Campbell Cate,Australia,Swimming,1453
Campbell Emily Jade,Great Britain,Weightlifting,1454
Campbell Jane,United States Of America,Football,1455
Campbell Jesse,New Zealand,Equestrian,1456
Campbell Luke,Germany,Athletics,1457
Campbell Paige,Australia,Athletics,1458
Campbell Richard,Australia,Water Polo,1459
Campbell Taylor,Great Britain,Athletics,1460
Campbell Teniel,Trinidad And Tobago,Cycling Road,1461
Campion Kevin,France,Athletics,1462
Campos Jorge,Cuba,Table Tennis,1463
Campos Luiza,Brazil,Rugby Sevens,1464
Campos Luis Henry,Peru,Athletics,1465
Campos Natalia,Chile,Football,1466
Campos Pereira Rafael Henrique,Brazil,Athletics,1467
Campos Rafael,Puerto Rico,Golf,1468
Campos Tiago,Portugal,Marathon Swimming,1469
Campuzano Chavez Peon Daniela,Mexico,Cycling Mountain Bike,1470
Can Yasemin,Turkey,Athletics,1471
Canalejo Pazos Jaime,Spain,Rowing,1472
Canales Antonia,Chile,Football,1473
Cancar Vlatko,Slovenia,Basketball,1474
Canelo Sanchez Eliecer Alfonso,Venezuela,Volleyball,1475
Canett Kayla,United States Of America,Rugby Sevens,1476
Cannone Romain,France,Fencing,1477
Cano Ruiz Carmen,Spain,Hockey,1478
Canter Rosalind,Great Britain,Equestrian,1479
Cantero Reina Patricia,Spain,Sailing,1480
Canuel Karol-Ann,Canada,Cycling Road,1481
Capdeville Gustavo,Portugal,Handball,1482
Capobianco Andrew,United States Of America,Diving,1483
Capogrosso Nicolas,Argentina,Beach Volleyball,1484
Caporaso Teodorico,Italy,Athletics,1485
Carambula Raurich Adrian Ignacio,Italy,Beach Volleyball,1486
Caramignoli Martina Rita,Italy,Swimming,1487
Carapaz Richard,Ecuador,Cycling Road,1488
Carballes Baena Roberto,Spain,Tennis,1489
Carbonell Ballestero Ona,Spain,Artistic Swimming,1490
Card Devon,South Africa,Water Polo,1491
Card Kelsey,United States Of America,Athletics,1492
Carda Ally,United States Of America,Baseball/Softball,1493
Cardenas Estrada Jorge Adan,Mexico,Weightlifting,1494
Cardona Mendez Joan,Spain,Sailing,1495
Cardoso Adriana,Brazil,Handball,1496
Cardozo Rojas Irismar Del Valle,Venezuela,Boxing,1497
Carey Jade,United States Of America,Artistic Gymnastics,1498
Carey Michelle,Ireland,Hockey,1499
Cargnin Daniel,Brazil,Judo,1500
Carini Giacomo,Italy,Swimming,1501
Cariolou Andreas,Cyprus,Sailing,1502
Carle Gabrielle,Canada,Football,1503
Carleton Bridget,Canada,Basketball,1504
Carli Sarah,Australia,Athletics,1505
Carlile Thomas,France,Equestrian,1506
Carlin Jack,Great Britain,Cycling Track,1507
Carlos Azenaide,Angola,Handball,1508
Carlsbogard Jonathan,Sweden,Handball,1509
Carlson Jenny,Sweden,Handball,1510
Carnegie Sholto,Great Britain,Rowing,1511
Caro Narvaez Angelo,Peru,Skateboarding,1512
Carosone Emily,Italy,Baseball/Softball,1513
Carou Gonzalo Matias,Argentina,Handball,1514
Carpenter Ellie,Australia,Football,1515
Carpreaux Marjorie,Belgium,Basketball,1516
Carranza Saroli Cecilia,Argentina,Sailing,1517
Carraro Martina,Italy,Swimming,1518
Carrasco Angulo Jose Manuel,Venezuela,Volleyball,1519
Carrera Quintana Raquel,Spain,Basketball,1520
Carrier Marina,Australia,Modern Pentathlon,1521
Carrillo Duilio,Mexico,Modern Pentathlon,1522
Carrillo Marko,Peru,Shooting,1523
Carrillo Yeseida,Colombia,Athletics,1524
Carrington Lisa,New Zealand,Canoe Sprint,1525
Carro Fernando,Spain,Athletics,1526
Carroll Naomi,Ireland,Hockey,1527
Carstensen Sebastian Fini,Denmark,Cycling Mountain Bike,1528
Carter Anthony,United States Of America,Baseball/Softball,1529
Carter Chris,United States Of America,Athletics,1530
Carter Dylan,Trinidad And Tobago,Swimming,1531
Caruso Bianca,Italy,Sailing,1532
Caruso Damiano,Italy,Cycling Road,1533
Carvalho Lucas,Brazil,Athletics,1534
Casas Queralt,Spain,Basketball,1535
Casas Triston,United States Of America,Baseball/Softball,1536
Casella Schuth Maico,Argentina,Hockey,1537
Casetta Belen,Argentina,Athletics,1538
Casey Paul,Great Britain,Golf,1539
Cashin Amy,Australia,Athletics,1540
Casillas Garcia Miriam,Spain,Triathlon,1541
Caslick Charlotte,Australia,Rugby Sevens,1542
Cassandro Tammaro,Italy,Shooting,1543
Cassara Andrea,Italy,Fencing,1544
Casse Matthias,Belgium,Judo,1545
Cassiem Abdud Dayaan,South Africa,Hockey,1546
Cassiem Mustaphaa,South Africa,Hockey,1547
Cassin Alexandre,France,Table Tennis,1548
Casson Jennifer,Canada,Rowing,1549
Castaldo Matteo,Italy,Rowing,1550
Castaneda Jhon Alexander,Colombia,Athletics,1551
Castano Garcia Gabriel,Mexico,Swimming,1552
Castel Blanco Jorge,Panama,Athletics,1553
Castellanos Soanez Mercedes,Spain,Handball,1554
Castillo Brenda,Dominican Republic,Volleyball,1555
Castillo Galindo Rut,Mexico,Rhythmic Gymnastics,1556
Castillo Gabriel,Bolivia,Swimming,1557
Castillo Luis,Dominican Republic,Baseball/Softball,1558
Castillo Torres Julio Cesar,Ecuador,Boxing,1559
Castren Matilda,Finland,Golf,1560
Castro Angela,Bolivia,Athletics,1561
Castro Daniel,Spain,Archery,1562
Castro Simona,Chile,Artistic Gymnastics,1563
Catley Steph,Australia,Football,1564
Cavagna Remi,France,Cycling Road,1565
Cavallar Valentina,Austria,Rowing,1566
Cavalli Marta,Italy,Cycling Road,1567
Cavanna Domiziana,Italy,Artistic Swimming,1568
Cavars Agnis,Latvia,3X3 Basketball,1569
Cavuru Lavena,Fiji,Rugby Sevens,1570
Cazanga Magda,Angola,Handball,1571
Cazorla Medina Maria Teresa,Spain,Basketball,1572
Ceballos Dani,Spain,Football,1573
Cebasek Jakob,Slovenia,Basketball,1574
Ceccarello Sofia,Italy,Shooting,1575
Cecchetti Elisa,Italy,Baseball/Softball,1576
Ceccon Thomas,Italy,Swimming,1577
Cedenio Machel,Trinidad And Tobago,Athletics,1578
Cedeno Martinez Euri,Dominican Republic,Boxing,1579
Ceh Kristjan,Slovenia,Athletics,1580
Cejka Jan,Czech Republic,Swimming,1581
Celaya Hernandez Juan Manuel,Mexico,Diving,1582
Cele Thabo,South Africa,Football,1583
Celic Vuk,Serbia,Swimming,1584
Celis Nick,Belgium,3X3 Basketball,1585
Cenholt Lin,Denmark,Sailing,1586
Centofanti Martina,Italy,Rhythmic Gymnastics,1587
Centracchio Maria,Italy,Judo,1588
Centrowitz Matthew,United States Of America,Athletics,1589
Cepede Royg Veronica,Paraguay,Tennis,1590
Cerezo Iglesias Adriana,Spain,Taekwondo,1591
Ceric Larisa,Bosnia And Herzegovina,Judo,1592
Cerruti Linda,Italy,Artistic Swimming,1593
Cerullo Isadora,Brazil,Rugby Sevens,1594
Cerundolo Francisco,Argentina,Tennis,1595
Cervantes Brittany,Mexico,Baseball/Softball,1596
Cervantes Diego,Mexico,Fencing,1597
Cervenkova Marketa,Czech Republic,Athletics,1598
Cesar Taciana,Guinea-Bissau,Judo,1599
Cesareo Romero Elisabet,Spain,Handball,1600
Cesarini Federica,Italy,Rowing,1601
Cetraro Berriolo Bruno,Uruguay,Rowing,1602
Cha Woochan,Republic Of Korea,Baseball/Softball,1603
Chaabi Houda,Algeria,Shooting,1604
Chabel Monika,Poland,Rowing,1605
Chabel Wiktor,Poland,Rowing,1606
Chabowski Marcin,Poland,Athletics,1607
Chacha Rosa,Ecuador,Athletics,1608
Chadalavada Anandha Sundh Bhavani .,India,Fencing,1609
Chae Yujung,Republic Of Korea,Badminton,1610
Chahdi Hassan,France,Athletics,1611
Chaib Ichrak,Algeria,Boxing,1612
Chaika Viktoria,Belarus,Shooting,1613
Chaine Guillaume,France,Judo,1614
Chala Vanessa,Ecuador,Judo,1615
Chalabiyev Javid,Azerbaijan,Boxing,1616
Chalker Emily,Australia,Hockey,1617
Chalmers Cameron,Great Britain,Athletics,1618
Chalmers Kyle,Australia,Swimming,1619
Chalyan Karapet,Armenia,Wrestling,1620
Chama Noel,Mexico,Athletics,1621
Chamizo Marquez Frank,Italy,Wrestling,1622
Champness Joe,New Zealand,Football,1623
Chan Chung Wang,"Hong Kong, China",Athletics,1624
Chan Hao-Ching,Chinese Taipei,Tennis,1625
Chan Hei Man H V,"Hong Kong, China",Sailing,1626
Chan Jonathan,Singapore,Diving,1627
Chan Latisha,Chinese Taipei,Tennis,1628
Chan Peng Soon,Malaysia,Badminton,1629
Chan Tiffany,"Hong Kong, China",Golf,1630
Chance Olivia,New Zealand,Football,1631
Chand Dutee,India,Athletics,1632
Chanda Grace,Zambia,Football,1633
Chandela Apurvi,India,Shooting,1634
Chang Chu-Han,Chinese Taipei,Canoe Slalom,1635
Chang Yuan,People'S Republic Of China,Boxing,1636
Chang Yong Heung,Republic Of Korea,Rugby Sevens,1637
Chanourdie Julia,France,Sport Climbing,1638
Chanyim Kamolwan,Thailand,Sailing,1639
Chapman Allysha,Canada,Football,1640
Chardy Jeremy,France,Tennis,1641
Charlemagne Mikaili,Saint Lucia,Swimming,1642
Charles Harry,Great Britain,Equestrian,1643
Charles Niamh,Great Britain,Football,1644
Charles Tina,United States Of America,Basketball,1645
Charlier Cedric Daniel Andre,Belgium,Hockey,1646
Charlton Devynne,Bahamas,Athletics,1647
Charlton Samantha,New Zealand,Hockey,1648
Charni Olfa,Tunisia,Shooting,1649
Charoenkul Gunn,Thailand,Golf,1650
Charron Maude G,Canada,Weightlifting,1651
Charter Andrew Lewis,Australia,Hockey,1652
Chartoi Adam,Sweden,Boxing,1653
Chase Kendall,United States Of America,Rowing,1654
Chaudhary Sarswati,Nepal,Athletics,1655
Chavatanont Arinadtha,Thailand,Equestrian,1656
Chaves Guimaraes Maria Ieda,Brazil,Modern Pentathlon,1657
Chaves Rubio Jhoan Esteban,Colombia,Cycling Road,1658
Chavez Munoz Arantxa,Mexico,Diving,1659
Cheah Soniia,Malaysia,Badminton,1660
Chebet Esther,Uganda,Athletics,1661
Chebet Winny,Kenya,Athletics,1662
Chebotar Vladislav,Roc,Canoe Sprint,1663
Cheddar Rabab,Morocco,Boxing,1664
Cheikh Rouhou Nihel,Tunisia,Judo,1665
Chekhirkin Aleksandr,Roc,Wrestling,1666
Chekwel Juliet,Uganda,Athletics,1667
Chelangat Mercyline,Uganda,Athletics,1668
Chelangat Sarah,Uganda,Athletics,1669
Chelangat Sheila,Kenya,Athletics,1670
Chelimo Oscar,Uganda,Athletics,1671
Chelius Emma,South Africa,Swimming,1672
Chelli Tommaso,Italy,Shooting,1673
Chemongesi Filex,Uganda,Athletics,1674
Chemtai Emmaculate,Kenya,Volleyball,1675
Chemutai Albert,Uganda,Athletics,1676
Chemutai Immaculate,Uganda,Athletics,1677
Chemutai Peruth,Uganda,Athletics,1678
Chen Aisen,People'S Republic Of China,Diving,1679
Chen Chien An,Chinese Taipei,Table Tennis,1680
Chen Chieh,Chinese Taipei,Athletics,1681
Chen Daxiang,People'S Republic Of China,Boxing,1682
Chen Dongqi,People'S Republic Of China,Shooting,1683
Chen He,People'S Republic Of China,Sailing,1684
Chen Hsuan-Yu Wendy,Australia,Badminton,1685
Chen Jiamin,People'S Republic Of China,Athletics,1686
Chen Jie,People'S Republic Of China,Swimming,1687
Chen Jasmine Shao-Man,Chinese Taipei,Equestrian,1688
Chen Keyi,People'S Republic Of China,Rugby Sevens,1689
Chen Kuei-Ru,Chinese Taipei,Athletics,1690
Chen Long,People'S Republic Of China,Badminton,1691
Chen Meng,People'S Republic Of China,Table Tennis,1692
Chen Nien-Chin,Chinese Taipei,Boxing,1693
Chen Po-Jen,Chinese Taipei,Weightlifting,1694
Chen Qiaozhu,People'S Republic Of China,Football,1695
Chen Qingyuan,People'S Republic Of China,Fencing,1696
Chen Qing Chen,People'S Republic Of China,Badminton,1697
Chen Shasha,People'S Republic Of China,Sailing,1698
Chen Shi,People'S Republic Of China,Canoe Slalom,1699
Chen Szu Yu,Chinese Taipei,Table Tennis,1700
Chen Wen-Huei,Chinese Taipei,Weightlifting,1701
Chen Xiao,People'S Republic Of China,Water Polo,1702
Chen Yang,People'S Republic Of China,Athletics,1703
Chen Yang,People'S Republic Of China,Hockey,1704
Chen Yi,People'S Republic Of China,Hockey,1705
Chen Yunxia,People'S Republic Of China,Rowing,1706
Chen Yuxi,People'S Republic Of China,Diving,1707
Chen Yu Fei,People'S Republic Of China,Badminton,1708
Cheng Camille Lily Mei,"Hong Kong, China",Swimming,1709
Cheng Chao-Tsun,Chinese Taipei,Athletics,1710
Cheng Eden,Great Britain,Diving,1711
Cheng Hsien Tzu,Chinese Taipei,Table Tennis,1712
Cheng I Ching,Chinese Taipei,Table Tennis,1713
Cheng Long,People'S Republic Of China,Swimming,1714
Cheng Yujie,People'S Republic Of China,Swimming,1715
Cheong Jun Hoong,Malaysia,Diving,1716
Chepkoech Beatrice,Kenya,Athletics,1717
Chepngetich Ruth,Kenya,Athletics,1718
Cheptai Irine,Kenya,Athletics,1719
Cheptegei Joshua,Uganda,Athletics,1720
Cherkasova Alla,Ukraine,Wrestling,1721
Chernigovskaya Svetlana,Roc,Canoe Sprint,1722
Chernousov Artem,Roc,Shooting,1723
Chernousova Margarita,Roc,Shooting,1724
Chernysheva Anna,Roc,Karate,1725
Cherono Lawrence,Kenya,Athletics,1726
Cherouati Souad Nefissa,Algeria,Marathon Swimming,1727
Cherry Michael,United States Of America,Athletics,1728
Cheruti Meiron Amir,Israel,Swimming,1729
Chesang Prisca,Uganda,Athletics,1730
Chetcuti Andrew,Malta,Swimming,1731
Chetverikova Anastasiia,Ukraine,Canoe Sprint,1732
Cheung Ka Long,"Hong Kong, China",Fencing,1733
Cheung Ngan Yi,"Hong Kong, China",Badminton,1734
Cheung Siu Lun,"Hong Kong, China",Fencing,1735
Chevrier Luc,Saint Lucia,Sailing,1736
Chew Caroline,Singapore,Equestrian,1737
Chew Phillip,United States Of America,Badminton,1738
Chew Ryan,United States Of America,Badminton,1739
Chew Zhe Yu Clarence,Singapore,Table Tennis,1740
Chia Aaron,Malaysia,Badminton,1741
Chiang Nien-Hsin,Chinese Taipei,Weightlifting,1742
Chiaraviglio German,Argentina,Athletics,1743
Chibana Gabriela,Brazil,Judo,1744
Chidester Amanda,United States Of America,Baseball/Softball,1745
Chidom Oderah,Nigeria,Basketball,1746
Chiengjiek James Nyang,Refugee Olympic Team,Athletics,1747
Chigireva Vlada,Roc,Artistic Swimming,1748
Chikunova Evgeniia,Roc,Swimming,1749
Chiles Jordan,United States Of America,Artistic Gymnastics,1750
Chilton Osisang,Palau,Swimming,1751
Chimrova Svetlana,Roc,Swimming,1752
Chindris Andrei,Romania,Football,1753
Chinenyeze Barthelemy,France,Volleyball,1754
Ching Siu Nga,"Hong Kong, China",Athletics,1755
Chinshanlo Zulfiya,Kazakhstan,Weightlifting,1756
Chinyemba Patrick,Zambia,Boxing,1757
Chioseaua Alexandru,Romania,Rowing,1758
Chirault Thomas,France,Archery,1759
Chirichella Cristina,Italy,Volleyball,1760
Chirila Catalin,Romania,Canoe Sprint,1761
Chitu Andreea,Romania,Judo,1762
Chitundu Avell,Zambia,Football,1763
Chiuffa Fabio,Brazil,Handball,1764
Chkheidze Goga,Georgia,Weightlifting,1765
Chkhvimiani Lukhumi,Georgia,Judo,1766
Cho Eunyoung,Republic Of Korea,Shooting,1767
Cho Guham,Republic Of Korea,Judo,1768
Cho Gwanghee,Republic Of Korea,Canoe Sprint,1769
Cho Mahama,Great Britain,Taekwondo,1770
Cho Sangwoo,Republic Of Korea,Baseball/Softball,1771
Cho Sungjae,Republic Of Korea,Swimming,1772
Cho Sungmin,Republic Of Korea,Sailing,1773
Cho Wonwoo,Republic Of Korea,Sailing,1774
Chocho Andres,Ecuador,Athletics,1775
Choe Byeongkwang,Republic Of Korea,Athletics,1776
Choi Chun Yin Ryan,"Hong Kong, China",Fencing,1777
Choi Hyojoo,Republic Of Korea,Table Tennis,1778
Choi Injeong,Republic Of Korea,Fencing,1779
Choi Joohwan,Republic Of Korea,Baseball/Softball,1780
Choi Kyungsun,Republic Of Korea,Athletics,1781
Choi Sooyeon,Republic Of Korea,Fencing,1782
Choi Sumin,Republic Of Korea,Handball,1783
Choi Seong Deok,Republic Of Korea,Rugby Sevens,1784
Choi Solgyu,Republic Of Korea,Badminton,1785
Choirunisa Diananda,Indonesia,Archery,1786
Cholnoky Sara,Hungary,Sailing,1787
Chon Jongwon,Republic Of Korea,Sport Climbing,1788
Choo Gaeun,Republic Of Korea,Shooting,1789
Choong Joseph,Great Britain,Modern Pentathlon,1790
Chopra Neeraj,India,Athletics,1791
Choquert Benjamin,France,Athletics,1792
Chou Tien-Chen,Chinese Taipei,Badminton,1793
Choukoud Khalid,Netherlands,Athletics,1794
Choupenitch Alexander,Czech Republic,Fencing,1795
Chourraut Maialen,Spain,Canoe Slalom,1796
Chow Felice Aisha,Trinidad And Tobago,Rowing,1797
Chow Mei Kuan,Malaysia,Badminton,1798
Choy Hiu Fung,"Hong Kong, China",Cycling Road,1799
Christen Nina,Switzerland,Shooting,1800
Christensen Simone,Denmark,Cycling Bmx Racing,1801
Christenson Micah,United States Of America,Volleyball,1802
Christiansen Henrik,Norway,Swimming,1803
Christiansen Mathias,Denmark,Badminton,1804
Christie Jonatan,Indonesia,Badminton,1805
Christie Nick,United States Of America,Athletics,1806
Christmas Kyra,Canada,Water Polo,1807
Christoforou Antri,Cyprus,Cycling Road,1808
Christou Apostolos,Greece,Swimming,1809
Chu Ka Mong,"Hong Kong, China",Fencing,1810
Chuang Chih Yuan,Chinese Taipei,Table Tennis,1811
Chukwuma Rosemary,Nigeria,Athletics,1812
Chumba Eunice Chebichii,Bahrain,Athletics,1813
Chupkov Anton,Roc,Swimming,1814
Chusovitina Oksana,Uzbekistan,Artistic Gymnastics,1815
Ciak Helena,France,Basketball,1816
Ciccone Giulio,Italy,Cycling Road,1817
Cicileo Nicolas,Argentina,Hockey,1818
Cid Aina,Spain,Rowing,1819
Cienfuegos Javier,Spain,Athletics,1820
Cieplucha Tessa,Canada,Swimming,1821
Ciftci Batuhan,Turkey,Boxing,1822
Cifuentes Horacio,Argentina,Table Tennis,1823
Cilcic Elena,Republic Of Moldova,Weightlifting,1824
Cilic Marin,Croatia,Tennis,1825
Ciloglu Bilal,Turkey,Judo,1826
Cimini Gabriele,Italy,Fencing,1827
Cinar Ates,Turkey,Sailing,1828
Cinar Deniz,Turkey,Sailing,1829
Cincibuch Jan,Czech Republic,Rowing,1830
Cink Ondrej,Czech Republic,Cycling Mountain Bike,1831
Cinti Lucio,Argentina,Rugby Sevens,1832
Ciobanu Andrei,Romania,Football,1833
Ciobanu Victor,Republic Of Moldova,Wrestling,1834
Ciofani Anne-Cecile,France,Rugby Sevens,1835
Cipressa Erica,Italy,Fencing,1836
Cirilo Duboys Yarisleidis,Cuba,Canoe Sprint,1837
Cirjenics Miklos,Hungary,Judo,1838
Cisse Arthur,Côte D'Ivoire,Athletics,1839
Cisse Cheick Sallah,Côte D'Ivoire,Taekwondo,1840
Cisternas Eduardo,Chile,Swimming,1841
Citrini Beaulieu Melissa,Canada,Diving,1842
Claes Hanne,Belgium,Athletics,1843
Claes Kelly,United States Of America,Beach Volleyball,1844
Claessens Zoe,Switzerland,Cycling Bmx Racing,1845
Claesson Lovisa,Sweden,Rowing,1846
Clair Merven,Mauritius,Boxing,1847
Clancy Edward,Great Britain,Cycling Track,1848
Clancy Taliqua,Australia,Beach Volleyball,1849
Clareburt Lewis,New Zealand,Swimming,1850
Clark Tamara,United States Of America,Athletics,1851
Clark Zoey,Great Britain,Athletics,1852
Clarke Amya,Saint Kitts And Nevis,Athletics,1853
Clarke Cheavon,Great Britain,Boxing,1854
Clarke Dominic,Australia,Trampoline Gymnastics,1855
Clarke Frazer,Great Britain,Boxing,1856
Clarke Matthew,Australia,Athletics,1857
Claudinho,Brazil,Football,1858
Claver Victor,Spain,Basketball,1859
Claxton Jane-Anne,Australia,Hockey,1860
Clay Liz,Australia,Athletics,1861
Cleary Jack,Australia,Rowing,1862
Cleirigh Buttner Siofra,Ireland,Athletics,1863
Clemons Christina,United States Of America,Athletics,1864
Clerget Axel,France,Judo,1865
Clevenot Trevor,France,Volleyball,1866
Clevering Ymkje,Netherlands,Rowing,1867
Cleverley Daisy,New Zealand,Football,1868
Clifton Tuva'A,Samoa,Canoe Sprint,1869
Clouvel Elodie,France,Modern Pentathlon,1870
Coatanea Pauline,France,Handball,1871
Coban Merve,Turkey,Karate,1872
Coburn Emma,United States Of America,Athletics,1873
Cocioran Marius Iulian,Romania,Athletics,1874
Cociu Daniela,Republic Of Moldova,Canoe Sprint,1875
Cockrell Anna,United States Of America,Athletics,1876
Cocuzzi Luiz Henrique,Brazil,Cycling Mountain Bike,1877
Coelho Ygor,Brazil,Badminton,1878
Coetze Pieter,South Africa,Swimming,1879
Coffey Olivia,United States Of America,Rowing,1880
Coggins Oscar,"Hong Kong, China",Triathlon,1881
Cohen Adva,Israel,Athletics,1882
Cohen Gili,Israel,Judo,1883
Cohen Groumi Gal,Israel,Swimming,1884
Cohen Yoav,Israel,Sailing,1885
Colaci Massimo,Italy,Volleyball,1886
Colak Ibrahim,Turkey,Artistic Gymnastics,1887
Colebrooke Samson,Bahamas,Athletics,1888
Coleman Michelle,Sweden,Swimming,1889
Coleman Nathaniel,United States Of America,Sport Climbing,1890
Coles Laura,Australia,Shooting,1891
Colin Louis Richarno,Mauritius,Boxing,1892
Collard Maxime,France,Equestrian,1893
Colledani Nadir,Italy,Cycling Mountain Bike,1894
Collett Laura,Great Britain,Equestrian,1895
Colley Shay,Canada,Basketball,1896
Collier Dylan,New Zealand,Rugby Sevens,1897
Collier Elise,Australia,Shooting,1898
Collier Napheesa,United States Of America,Basketball,1899
Collins John,Great Britain,Rowing,1900
Colman Samy,Morocco,Equestrian,1901
Colombatto Santiago,Argentina,Football,1902
Colombo Filippo,Switzerland,Cycling Mountain Bike,1903
Colombotto Rosso Lucrezia,Italy,Golf,1904
Colthrust Adell,Trinidad And Tobago,Athletics,1905
Compaore Benjamin,France,Athletics,1906
Conde Maria,Spain,Basketball,1907
Condie Kyra,United States Of America,Sport Climbing,1908
Condorelli Santo,Italy,Swimming,1909
Coninx Dorian,France,Triathlon,1910
Conners Corey,Canada,Golf,1911
Connor Ben,Great Britain,Athletics,1912
Connor Isabelle,United States Of America,Rhythmic Gymnastics,1913
Conradie Pieter,South Africa,Athletics,1914
Conroy Jordan,Ireland,Rugby Sevens,1915
Consolini Chiara,Italy,3X3 Basketball,1916
Consonni Simone,Italy,Cycling Track,1917
Constantine Kyra,Canada,Athletics,1918
Constien Valerie,United States Of America,Athletics,1919
Conte Aissata Denn,Guinea,Athletics,1920
Conte Facundo,Argentina,Volleyball,1921
Contreras Isabel,Spain,Canoe Sprint,1922
Conyedo Ruano Abraham De Jesus,Italy,Wrestling,1923
Cook Oliver,Great Britain,Rowing,1924
Cook Tamsin,Australia,Swimming,1925
Cooke Aoife,Ireland,Athletics,1926
Cooke James,Great Britain,Modern Pentathlon,1927
Coombes Alec,Great Britain,Rugby Sevens,1928
Cooney-Cross Kyra,Australia,Football,1929
Cooper Abbey,United States Of America,Athletics,1930
Cooper Anton,New Zealand,Cycling Mountain Bike,1931
Cooper Isaac,Australia,Swimming,1932
Cooper Lacarthea,Bahamas,Athletics,1933
Copello Yasmani,Turkey,Athletics,1934
Coppell Harry,Great Britain,Athletics,1935
Copponi Clara,France,Cycling Track,1936
Coquillard Andre Jin,Republic Of Korea,Rugby Sevens,1937
Corbett Kaylene,South Africa,Swimming,1938
Corchete Luis Manuel,Spain,Athletics,1939
Cordon Kevin,Guatemala,Badminton,1940
Cordova Sebastian,Mexico,Football,1941
Coria Federico,Argentina,Tennis,1942
Cormenier Carole,France,Shooting,1943
Cormont Ethan,France,Athletics,1944
Cornelie Petr,France,Basketball,1945
Cornet Alize,France,Tennis,1946
Corral Daniel,Mexico,Artistic Gymnastics,1947
Corrales Rodal Rodrigo,Spain,Handball,1948
Correa Ana Beatriz,Brazil,Volleyball,1949
Correa Matheus,Brazil,Athletics,1950
Correia De Souza Douglas,Brazil,Volleyball,1951
Corrigan Liam,United States Of America,Rowing,1952
Cortes Juncosa Francisco,Spain,Hockey,1953
Coscoran Andrew,Ireland,Athletics,1954
Cosnefroy Benoit,France,Cycling Road,1955
Cosser Christopher,South Africa,Sport Climbing,1956
Costa Biondi Valentina Isabel,Argentina,Hockey,1957
Costa Catarina,Portugal,Judo,1958
Costa Chiara,Senegal,Shooting,1959
Costa Diogo,Portugal,Sailing,1960
Costa Guilherme,Brazil,Swimming,1961
Costa Jose,Portugal,Sailing,1962
Costa Pedro,Portugal,Sailing,1963
Costa Thalia,Brazil,Rugby Sevens,1964
Costea Bianca-Andreea,Romania,Swimming,1965
Costello Amy Ewart,Great Britain,Hockey,1966
Cote Andree-Anne,Canada,Artistic Swimming,1967
Couckuyt Paulien,Belgium,Athletics,1968
Coughlan Aoife,Australia,Judo,1969
Cournoyer Rene,Canada,Artistic Gymnastics,1970
Courtney Kate,United States Of America,Cycling Mountain Bike,1971
Coutinho Geisa Aparecida,Brazil,Athletics,1972
Couzy Melanie,France,Shooting,1973
Coward Holley Matthew John,Great Britain,Shooting,1974
Coward Josh,Australia,Rugby Sevens,1975
Cox Bronwyn,Australia,Rowing,1976
Cox Michelle,Australia,Baseball/Softball,1977
Coxsey Shauna,Great Britain,Sport Climbing,1978
Coyle Natalya,Ireland,Modern Pentathlon,1979
Cozmiuc Ionela,Romania,Rowing,1980
Cozmiuc Marius,Romania,Rowing,1981
Crackles Fiona Anne,Great Britain,Hockey,1982
Craddock Lawson,United States Of America,Cycling Road,1983
Craft Shanice,Germany,Athletics,1984
Craig Emily,Great Britain,Rowing,1985
Craig Thomas William,Australia,Hockey,1986
Cranny Elise,United States Of America,Athletics,1987
Craviotto Saul,Spain,Canoe Sprint,1988
Creed Brendan William John,Great Britain,Hockey,1989
Cremen Margaret,Ireland,Rowing,1990
Crescenzo Angelo,Italy,Karate,1991
Crestan Eliott,Belgium,Athletics,1992
Crevar Anja,Serbia,Swimming,1993
Crevier Axelle,Canada,Water Polo,1994
Crippa Yemaneberhan,Italy,Athletics,1995
Criscio Martina,Italy,Fencing,1996
Crisostomo Cristopher,Dominican Republic,Baseball/Softball,1997
Croenen Louis,Belgium,Swimming,1998
Cromwell Tiffany,Australia,Cycling Road,1999
Cronin Caitlin,Australia,Rowing,2000
Crooks Jillian,Cayman Islands,Swimming,2001
Croon Jorrit,Netherlands,Hockey,2002
Crothers William,Canada,Rowing,2003
Crouser Ryan,United States Of America,Athletics,2004
Crovetto Chadid Francisca,Chile,Shooting,2005
Crowley Aileen,Ireland,Rowing,2006
Crumpton Nathan,American Samoa,Athletics,2007
Cruysberghs Axel,Belgium,Skateboarding,2008
Cruz Amado,Belize,Canoe Sprint,2009
Cruz Andy,Cuba,Boxing,2010
Cruz Sandoval Brianda Tamara,Mexico,Boxing,2011
Crvendakic Aleksandra,Serbia,Basketball,2012
Cseh Laszlo,Hungary,Swimming,2013
Csernoviczki Eva,Hungary,Judo,2014
Csipes Tamara,Hungary,Canoe Sprint,2015
Csizmadia Kolos,Hungary,Canoe Sprint,2016
Cuaspud Marcela,Ecuador,Modern Pentathlon,2017
Cubelos Francisco,Spain,Canoe Sprint,2018
Cuckovic Uros,Montenegro,Water Polo,2019
Cucurella Marc,Spain,Football,2020
Cudinovic Gennadij,Germany,Wrestling,2021
Cuello Mirco Jehiel,Argentina,Boxing,2022
Cui Lihong,People'S Republic Of China,Athletics,2023
Cui Qiuxia,People'S Republic Of China,Hockey,2024
Cui Xiaotong,People'S Republic Of China,Rowing,2025
Cuic Claudia,Romania,3X3 Basketball,2026
Cujean Lucien,Switzerland,Sailing,2027
Cullell Estape Jofre,Spain,Cycling Mountain Bike,2028
Cullhaj Indrit,Albania,Judo,2029
Culver Trey,United States Of America,Athletics,2030
Cumbo Hugo,Vanuatu,Judo,2031
Cummings Jr Clarence,United States Of America,Weightlifting,2032
Cunha Matheus,Brazil,Football,2033
Cunningham Gabriele,United States Of America,Athletics,2034
Cunningham Trey,United States Of America,Athletics,2035
Cunningham Vashti,United States Of America,Athletics,2036
Cupido Luca,United States Of America,Water Polo,2037
Curatoli Luca,Italy,Fencing,2038
Curran Taylor Westermark,Canada,Hockey,2039
Curry Scott,New Zealand,Rugby Sevens,2040
Curzan Claire,United States Of America,Swimming,2041
Cusinato Ilaria,Italy,Swimming,2042
Cutro-Kelly Nina,United States Of America,Judo,2043
Cybulska Malgorzata,Poland,Equestrian,2044
Cysique Sarah Leonie,France,Judo,2045
Czaja Dominik,Poland,Rowing,2046
Czerniak Konrad,Poland,Swimming,2047
Czykier Damian,Poland,Athletics,2048
D Alie Raelin,Italy,3X3 Basketball,2049
D'Agostino Nicholas,Australia,Football,2050
D'Almeida Marcus,Brazil,Archery,2051
D'Amato Asia,Italy,Artistic Gymnastics,2052
D'Amour Nicholas,"Virgin Islands, Us",Archery,2053
D'Hoore Jolien,Belgium,Cycling Track,2054
Da Conceicao Triste Buly,Sao Tome And Principe,Canoe Sprint,2055
Da Costa Steven,France,Karate,2056
Da Rocha Dayane,Brazil,Handball,2057
Da Rosa Rangel,Brazil,Handball,2058
Da Silva Ana Carolina,Brazil,Volleyball,2059
Da Silva Chayenne,Brazil,Athletics,2060
Da Silva Costa Thalita,Brazil,Rugby Sevens,2061
Da Silva Daniel Chaves,Brazil,Athletics,2062
Da Silva Ferreira Aline,Brazil,Wrestling,2063
Da Silva Izabela,Brazil,Athletics,2064
Da Silva Myriam,Canada,Boxing,2065
Da Silva Tatiane Raquel,Brazil,Athletics,2066
Da Silva Viegas Jose Joao,Democratic Republic Of Timor-Leste,Swimming,2067
Daba Tejitu,Bahrain,Athletics,2068
Dabila Kouadio-Yves,Côte D'Ivoire,Football,2069
Dabla Fabrice,Togo,Athletics,2070
Dabovic Ana,Serbia,Basketball,2071
Dabrowski Gabriela,Canada,Tennis,2072
Dacres Fedrick,Jamaica,Athletics,2073
Dadic Ivona,Austria,Athletics,2074
Daffarn Luc,South Africa,Rowing,2075
Daffinrud Tonje Frydenberg,Norway,Golf,2076
Daghfous Yasmine,Tunisia,Fencing,2077
Dahlberg Anton,Sweden,Sailing,2078
Dahlkemper Abby,United States Of America,Football,2079
Dahouk Muna,Refugee Olympic Team,Judo,2080
Dajomes Barrera Neisi Patricia,Ecuador,Weightlifting,2081
Dake Kyle Douglas,United States Of America,Wrestling,2082
Dakhlaoui Haithem,Tunisia,Wrestling,2083
Dakin Sam,New Zealand,Cycling Track,2084
Dal Molin Paolo,Italy,Athletics,2085
Dalaloyan Artur,Roc,Artistic Gymnastics,2086
Daley Thomas,Great Britain,Diving,2087
Dalgatova Saadat,Roc,Boxing,2088
Dalhausser Philip,United States Of America,Beach Volleyball,2089
Dallman-Weiss Lara,United States Of America,Sailing,2090
Daly Nicola,Ireland,Hockey,2091
Daly Rachel,Great Britain,Football,2092
Danani Santiago,Argentina,Volleyball,2093
Dancette Blandine,France,Handball,2094
Danesi Anna,Italy,Volleyball,2095
Daniel Benjamin,South Africa,Sailing,2096
Daniel Rahel,Eritrea,Athletics,2097
Daniel Taro,Japan,Tennis,2098
Daniell Marcus,New Zealand,Tennis,2099
Daniels Cathal,Ireland,Equestrian,2100
Daniels Haley,Canada,Canoe Slalom,2101
Daniels Teahna,United States Of America,Athletics,2102
Danilenko Dmitriy,Roc,Fencing,2103
Danilova Iana,Roc,Rugby Sevens,2104
Dano Nina,Sweden,Handball,2105
Dansou Marc Pascal Pierre,Benin,Swimming,2106
Dante Djenebou,Mali,Athletics,2107
Danylenko Danylo,Ukraine,Athletics,2108
Darchinyan Arman,Armenia,Boxing,2109
Dardis Billy,Ireland,Rugby Sevens,2110
Daries Naveen,South Africa,Artistic Gymnastics,2111
Darj Max,Sweden,Handball,2112
Darleux Cleopatre,France,Handball,2113
Darmanin Lisa,Australia,Sailing,2114
Darquea Ibarra Daniela Magdalena,Ecuador,Golf,2115
Darsigny Tali,Canada,Weightlifting,2116
Darwish Ramadan,Egypt,Judo,2117
Das Atanu,India,Archery,2118
Dascalu Vlad,Romania,Cycling Mountain Bike,2119
Dashdavaa Amartuvshin,Mongolia,Judo,2120
Dashti Lara,Kuwait,Swimming,2121
Datunashvili Zurabi,Serbia,Wrestling,2122
Daube Hannes,United States Of America,Water Polo,2123
Daudet Joris,France,Cycling Bmx Racing,2124
Daumont Paul,Burkina Faso,Cycling Road,2125
Dauser Lukas,Germany,Artistic Gymnastics,2126
Davarpanah Saeid,Islamic Republic Of Iran,Basketball,2127
Davey Tarryn,New Zealand,Hockey,2128
David Areneo,Malawi,Archery,2129
David Cergia,Honduras,Judo,2130
David Yanis Esmeralda,France,Athletics,2131
Davidovich Fokina Alejandro,Spain,Tennis,2132
Davids Angelo,South Africa,Rugby Sevens,2133
Davids Selvyn,South Africa,Rugby Sevens,2134
Davids Zain,South Africa,Rugby Sevens,2135
Davidson Madaline,New Zealand,Trampoline Gymnastics,2136
Davidson Tierna,United States Of America,Football,2137
Davies Frances,New Zealand,Hockey,2138
Davies Rose,Australia,Athletics,2139
Davies Sarah,Great Britain,Weightlifting,2140
Davis Alex,Great Britain,Rugby Sevens,2141
Davis Keyshawn,United States Of America,Boxing,2142
Davis Leo,South Africa,Sailing,2143
Davis Stephanie,Great Britain,Athletics,2144
Davis Tara,United States Of America,Athletics,2145
Davison Benjamin,United States Of America,Rowing,2146
Davoudi Ali,Islamic Republic Of Iran,Weightlifting,2147
Davtyan Artur,Armenia,Artistic Gymnastics,2148
Davydova Daria,Roc,Judo,2149
Dawson Angus,Australia,Rowing,2150
Dawson Erica,New Zealand,Sailing,2151
Dawson Jacob,Great Britain,Rowing,2152
Dawson Kathleen,Great Britain,Swimming,2153
Dawson Matthew,Australia,Hockey,2154
Day Noelani Malia,Tonga,Swimming,2155
Day Riley,Australia,Athletics,2156
Dayan Ofir,Israel,Rhythmic Gymnastics,2157
Dayibekova Zaynab,Uzbekistan,Fencing,2158
De Almeida Paula Paulo Roberto,Brazil,Athletics,2159
De Araujo Tamires,Brazil,Handball,2160
De Arruda Renata,Brazil,Handball,2161
De Bever Elliot Mckenna,Peru,Swimming,2162
De Bod Stefan,South Africa,Cycling Road,2163
De Boer Thom,Netherlands,Swimming,2164
De Brouwer Bregje,Netherlands,Artistic Swimming,2165
De Cecco Luciano,Argentina,Volleyball,2166
De Colo Nando,France,Basketball,2167
De Coster Gabriel,Belgium,Canoe Slalom,2168
De Deus Felisberto,Democratic Republic Of Timor-Leste,Athletics,2169
De Deus Leonardo,Brazil,Swimming,2170
De Filippis Mauro,Italy,Shooting,2171
De Freitas Mya,St Vincent And The Grenadines,Swimming,2172
De Gennaro Giovanni,Italy,Canoe Slalom,2173
De Gennaro Monica,Italy,Volleyball,2174
De Geus Jonas,Netherlands,Hockey,2175
De Geus Lilian,Netherlands,Sailing,2176
De Goede Eva Roma Maria,Netherlands,Hockey,2177
De Graaf Sander,Netherlands,Rowing,2178
De Grasse Andre,Canada,Athletics,2179
De Haitre Vincent,Canada,Cycling Track,2180
De Jesus Dos Santos Melanie,France,Artistic Gymnastics,2181
De Jong Roos,Netherlands,Rowing,2182
De Jonge Mark,Canada,Canoe Sprint,2183
De Kerpel Nicolas,Belgium,Hockey,2184
De La Cruz Baez Alexy Miguel,Dominican Republic,Boxing,2185
De La Cruz Capani Jovana,Peru,Athletics,2186
De La Cruz De Pena Bethania,Dominican Republic,Volleyball,2187
De La Cruz Eglys Yahima,Cuba,Shooting,2188
De La Fuente Hernan,Argentina,Football,2189
De La Vega Pedro,Argentina,Football,2190
De Lange Tristan,Namibia,Cycling Road,2191
De Liedekerke-Meier Lara,Belgium,Equestrian,2192
De Lima Jucilene Sales,Brazil,Athletics,2193
De Loof Catie,United States Of America,Swimming,2194
De Los Santos Nunez Leonel,Dominican Republic,Boxing,2195
De Luca Marco,Italy,Athletics,2196
De Marte Jonathan,Israel,Baseball/Softball,2197
De Mol Joep Paul Eric,Netherlands,Hockey,2198
De Morais Andressa,Brazil,Athletics,2199
De Nicolo Marco,Italy,Shooting,2200
De Nutte Sarah,Luxembourg,Table Tennis,2201
De Oliveira Saad Gattaz Caroline,Brazil,Volleyball,2202
De Oliveira Wanderson,Brazil,Boxing,2203
De Paula Pessoa Rodrigo,Brazil,Equestrian,2204
De Roey Manon,Belgium,Golf,2205
De Sloover Arthur Anne-Marie Thierr,Belgium,Hockey,2206
De Smedt Jarno,Belgium,Archery,2207
De Souza Ferreira Alessandro,Peru,Shooting,2208
De Souza Mauricio Luiz,Brazil,Volleyball,2209
De Souza Wallace,Brazil,Volleyball,2210
De Toro Dominguez Miguel,Spain,Water Polo,2211
De Tullio Marco,Italy,Swimming,2212
De Velasco Ines,Spain,Archery,2213
De Vries Monique,Australia,Sailing,2214
De Vylder Lindsay,Belgium,Cycling Track,2215
De Waard Maaike,Netherlands,Swimming,2216
De Waard Xan Gerdien,Netherlands,Hockey,2217
De Wijn Sander Sebastiaan Robert,Netherlands,Hockey,2218
De Wit Frank,Netherlands,Judo,2219
De Witte Laura,Netherlands,Athletics,2220
De Witte Lisanne,Netherlands,Athletics,2221
Deaconu Ronaldo,Romania,Football,2222
Dean Anthony,Australia,Cycling Bmx Racing,2223
Dean Clark,United States Of America,Rowing,2224
Dean Tom,Great Britain,Swimming,2225
Dearing Alice,Great Britain,Marathon Swimming,2226
Debesay Mosana,Eritrea,Cycling Road,2227
Debinha,Brazil,Football,2228
Debjani Ismael,Belgium,Athletics,2229
Debues-Stafford Gabriela,Canada,Athletics,2230
Decas Wesly,Honduras,Football,2231
Dechambeau Bryson,United States Of America,Golf,2232
Dechasa Shumi,Bahrain,Athletics,2233
Deck Gabriel,Argentina,Basketball,2234
Decsi Tamas,Hungary,Fencing,2235
Dede Bruno,Japan,Athletics,2236
Dedovic Nikola,Serbia,Water Polo,2237
Dedu Georgiana,Romania,Rowing,2238
Deeltstra Andrea,Netherlands,Athletics,2239
Deenoi Nawamin,Thailand,Rowing,2240
Deetlefs Lisa-Marie,South Africa,Hockey,2241
Defay Johanne,France,Surfing,2242
Defazio Abella Pablo,Uruguay,Sailing,2243
Degn Malene,Denmark,Cycling Mountain Bike,2244
Deidda Francesca,Italy,Artistic Swimming,2245
Deignan Elizabeth,Great Britain,Cycling Road,2246
Dekha Iryna,Ukraine,Weightlifting,2247
Dekker Anouk,Netherlands,Football,2248
Del Buono Federica,Italy,Athletics,2249
Del Lungo Marco,Italy,Water Polo,2250
Del Ponte Ajla,Switzerland,Athletics,2251
Del Real Diego,Mexico,Athletics,2252
Del Toro Carvajal Maylin,Cuba,Judo,2253
Del Valle Quirarte Martha Fernanda,Mexico,Equestrian,2254
Delacour Perrine,France,Golf,2255
Delacruz Jourdan Elizabeth,United States Of America,Weightlifting,2256
Delaere Antonia,Belgium,Basketball,2257
Delapierre Quentin,France,Sailing,2258
Delarze Barnabe,Switzerland,Rowing,2259
Delas De Andres Miguel,Spain,Hockey,2260
Delaunay Eric,France,Shooting,2261
Delestre Simon,France,Equestrian,2262
Delfour Lucien,Australia,Canoe Slalom,2263
Delgadillo Daniel,Mexico,Marathon Swimming,2264
Delgado Angelica,United States Of America,Judo,2265
Delgado Anicka,Ecuador,Swimming,2266
Delia Marcos,Argentina,Basketball,2267
Delilaj Manuela,Albania,Shooting,2268
Dell'Aquila Vito,Italy,Taekwondo,2269
Dellavedova Matthew,Australia,Basketball,2270
Dellien Hugo,Bolivia,Tennis,2271
Delmotte Nicolas,France,Equestrian,2272
Delrue Delphine,France,Badminton,2273
Demay Coralie,France,Cycling Track,2274
Demey Valerie,Belgium,Cycling Road,2275
Demidik Karyna,Belarus,Athletics,2276
Demir Evin,Turkey,Athletics,2277
Demireva Mirela,Bulgaria,Athletics,2278
Demirhan Evin,Turkey,Wrestling,2279
Demse Solomon,Ethiopia,Taekwondo,2280
Denayer Felix Veronique B.,Belgium,Hockey,2281
Dendy Marquis,United States Of America,Athletics,2282
Deng Thomas,Australia,Football,2283
Deng Weiyun,People'S Republic Of China,Shooting,2284
Deng Yu-Cheng,Chinese Taipei,Archery,2285
Deng Zewen,People'S Republic Of China,Water Polo,2286
Deng Zhiwei,People'S Republic Of China,Wrestling,2287
Deni .,Indonesia,Weightlifting,2288
Deniz Cansel,Kazakhstan,Taekwondo,2289
Dennerley Joel,Australia,Water Polo,2290
Dennis Rohan,Australia,Cycling Road,2291
Denny Matthew,Australia,Athletics,2292
Depaul Evan,Canada,Sailing,2293
Derafshipour Hamoon,Refugee Olympic Team,Karate,2294
Dereje Roza,Ethiopia,Athletics,2295
Derek Ana,Croatia,Artistic Gymnastics,2296
Dereli Emel,Turkey,Athletics,2297
Derenalagi Mele,Fiji,Rugby Sevens,2298
Derkach Dariya,Italy,Athletics,2299
Derkoski Filip,North Macedonia,Swimming,2300
Ders Lester,Cuba,Modern Pentathlon,2301
Dershwitz Eli,United States Of America,Fencing,2302
Dervisis Georgios,Greece,Water Polo,2303
Derwael Nina,Belgium,Artistic Gymnastics,2304
Desalu Eseosa Fostine,Italy,Athletics,2305
Descat Hugo,France,Handball,2306
Desensky Michal,Czech Republic,Athletics,2307
Desisa Lelisa,Ethiopia,Athletics,2308
Deslauriers Mario,Canada,Equestrian,2309
Desplanches Jeremy,Switzerland,Swimming,2310
Despotovic Jelena,Montenegro,Handball,2311
Desta Netsanet,Ethiopia,Athletics,2312
Destribats Agustin Alejandro,Argentina,Wrestling,2313
Deswal Yashaswini Singh,India,Shooting,2314
Detry Thomas,Belgium,Golf,2315
Detti Gabriele,Italy,Swimming,2316
Deurloo Bart,Netherlands,Artistic Gymnastics,2317
Devaux Lovell Stephanie,Saint Lucia,Sailing,2318
Devi Sharmila,India,Hockey,2319
Devlin Cameron,Australia,Football,2320
Devos Pieter,Belgium,Equestrian,2321
Dhers Daniel,Venezuela,Cycling Bmx Freestyle,2322
Dhesi Amarveer,Canada,Wrestling,2323
Di Camillo Costanza,Italy,Artistic Swimming,2324
Di Cola Stefano,Italy,Swimming,2325
Di Costanzo Marco,Italy,Rowing,2326
Di Fulvio Francesco,Italy,Water Polo,2327
Di Lazzaro Elisa Maria,Italy,Athletics,2328
Di Liddo Elena,Italy,Swimming,2329
Di Mauro Gennaro Alberto,Italy,Rowing,2330
Diago Mesa Sahily,Cuba,Athletics,2331
Diallo Amad,Côte D'Ivoire,Football,2332
Diallo Ismael,Côte D'Ivoire,Football,2333
Diallo Lucas,Burkina Faso,Judo,2334
Diallo Rouguy,France,Athletics,2335
Diallo Thierno,Spain,Artistic Gymnastics,2336
Diamond Emily,Great Britain,Athletics,2337
Diatta Adama,Senegal,Wrestling,2338
Diaw Ibrahima,Senegal,Table Tennis,2339
Diaz Adriana,Puerto Rico,Table Tennis,2340
Diaz Andy,Cuba,Athletics,2341
Diaz Fernandez Antonio Jose,Venezuela,Karate,2342
Diaz Hidilyn,Philippines,Weightlifting,2343
Diaz Jose,Dominican Republic,Baseball/Softball,2344
Diaz Melanie,Puerto Rico,Table Tennis,2345
Diaz Rivas Virginia,Spain,Rowing,2346
Diaz Valentina,Chile,Football,2347
Dibaba Birhane,Ethiopia,Athletics,2348
Dibowski Andreas,Germany,Equestrian,2349
Dickins Stephanie,New Zealand,Hockey,2350
Dicko Romane,France,Judo,2351
Dickson Brandon,United States Of America,Baseball/Softball,2352
Dickson Robert,Ireland,Sailing,2353
Dickson Sam,New Zealand,Rugby Sevens,2354
Didal Margielyn,Philippines,Skateboarding,2355
Diego Carlos,Brazil,Football,2356
Diehm Natalya,Australia,Cycling Bmx Freestyle,2357
Diekmann Maike,Namibia,Rowing,2358
Diener Christian,Germany,Swimming,2359
Diethelm Gerber Heidi,Switzerland,Shooting,2360
Dietsche Riccarda,Switzerland,Athletics,2361
Dietze Tina,Germany,Canoe Sprint,2362
Diggins Skylar,United States Of America,Basketball,2363
Dikec Yusuf,Turkey,Shooting,2364
Dikgale Ranti Marvin,South Africa,Athletics,2365
Dimec Ziga,Slovenia,Basketball,2366
Dincoff Rachel,United States Of America,Athletics,2367
Ding Xia,People'S Republic Of China,Volleyball,2368
Ding Xuan,People'S Republic Of China,Football,2369
Dingilius Wallace Shawn,Palau,Swimming,2370
Dingley Oliver,Ireland,Diving,2371
Dinh Phuong Thanh,Vietnam,Artistic Gymnastics,2372
Dinh Thi Hao,Vietnam,Rowing,2373
Diniz Luciana,Portugal,Equestrian,2374
Diongue Ndeye Binta,Senegal,Fencing,2375
Diosdado Garcia Nuria,Mexico,Artistic Swimming,2376
Dirks Samantha,Belize,Athletics,2377
Disera Peter,Canada,Cycling Mountain Bike,2378
Dittmann Joanna,Poland,Rowing,2379
Divari Aikaterini,Greece,Sailing,2380
Diver Sinead,Australia,Athletics,2381
Dixon Adam Graham,Great Britain,Hockey,2382
Diyas Zarina,Kazakhstan,Tennis,2383
Dizotti Beatriz Pimentel,Brazil,Swimming,2384
Djakovic Antonio,Switzerland,Swimming,2385
Djekanovic Tatjana,Bosnia And Herzegovina,Shooting,2386
Djokovic Novak,Serbia,Tennis,2387
Djouhan Lolassonn,France,Athletics,2388
Djuraev Akbar,Uzbekistan,Weightlifting,2389
Dlamini Nicholas,South Africa,Cycling Road,2390
Dlamini Simanga,Eswatini,Swimming,2391
Dlamini Thabiso,Eswatini,Boxing,2392
Dlungwana Tyson,South Africa,Hockey,2393
Dmitrieva Daria,Roc,Handball,2394
Do Nascimento Daniel,Brazil,Athletics,2395
Do Nascimento Rodrigo,Brazil,Athletics,2396
Do Nascimento Alexandra,Brazil,Handball,2397
Do Thi Anh Nguyet,Vietnam,Archery,2398
Doan Ritsu,Japan,Football,2399
Doar Katie,New Zealand,Hockey,2400
Dobber Jochem,Netherlands,Athletics,2401
Dobbin Beth,Great Britain,Athletics,2402
Dobek Patryk,Poland,Athletics,2403
Dobre Alexandru,Romania,Football,2404
Dobson Charlotte,Great Britain,Sailing,2405
Dockier Sebastien,Belgium,Hockey,2406
Dodean Daniela,Romania,Table Tennis,2407
Dodig Ivan,Croatia,Tennis,2408
Dogue Patrick,Germany,Modern Pentathlon,2409
Dohmann Carl,Germany,Athletics,2410
Dohmen John-John Dominique M,Belgium,Hockey,2411
Doi Manami,Japan,Sailing,2412
Doi Remi Anri,Japan,Handball,2413
Doig Calderon Maria Luisa,Peru,Fencing,2414
Dolce Vincenzo,Italy,Water Polo,2415
Dolgopyat Artem,Israel,Artistic Gymnastics,2416
Dolgova Anastasiia,Roc,Canoe Sprint,2417
Dolgova Irina,Roc,Judo,2418
Dols Keanan,Jamaica,Swimming,2419
Dolson Stefanie,United States Of America,3X3 Basketball,2420
Dombaxi Wuta,Angola,Handball,2421
Dominguez Martinez Camil Inmaculada,Dominican Republic,Volleyball,2422
Dominguez Ramos Josue,Dominican Republic,Swimming,2423
Dominguez Silvia,Spain,Basketball,2424
Domovic Bulut Dusan,Serbia,3X3 Basketball,2425
Doncic Luka,Slovenia,Basketball,2426
Dong Chao,People'S Republic Of China,Fencing,2427
Dong Dong,People'S Republic Of China,Trampoline Gymnastics,2428
Dong Guojian,People'S Republic Of China,Athletics,2429
Dongmo Auriol,Portugal,Athletics,2430
Donoghue Brooke,New Zealand,Rowing,2431
Doo Hoi Kem,"Hong Kong, China",Table Tennis,2432
Doom Alexander,Belgium,Athletics,2433
Doonan Gia,United States Of America,Rowing,2434
Dopazo Martin,Argentina,Equestrian,2435
Doria Vilarrubla Monica,Andorra,Canoe Slalom,2436
Dorjsuren Sumiya,Mongolia,Judo,2437
Dornbach Maximilian,Germany,Cycling Track,2438
Dos Santos Alison,Brazil,Athletics,2439
Dos Santos Almir,Brazil,Athletics,2440
Dos Santos Ane Marcelle,Brazil,Archery,2441
Dos Santos Felipe,Brazil,Athletics,2442
Dos Santos Ricardo,Portugal,Athletics,2443
Dos Santos Silva Leila,Brazil,Rugby Sevens,2444
Dosho Sara,Japan,Wrestling,2445
Dosso Zaynab,Italy,Athletics,2446
Dossou Yovo Celtus,Benin,Judo,2447
Dostal Josef,Czech Republic,Canoe Sprint,2448
Doueihy Gabriella,Lebanon,Swimming,2449
Douglas Justin,Canada,Rugby Sevens,2450
Douglas Luiz,Brazil,Football,2451
Douglas Sarah,Canada,Sailing,2452
Douglass Kate,United States Of America,Swimming,2453
Dougoud Martin,Switzerland,Canoe Slalom,2454
Doukoure Ismael,France,Football,2455
Doumbia Aboubacar,Côte D'Ivoire,Football,2456
Doumbia Idrissa,Côte D'Ivoire,Football,2457
Douvalidis Konstantinos,Greece,Athletics,2458
Dowell Justin,United States Of America,Cycling Bmx Freestyle,2459
Down-Jenkins Anton,New Zealand,Diving,2460
Downey Mark,Ireland,Cycling Track,2461
Downs Tyler,United States Of America,Diving,2462
Doyle Lauren,United States Of America,Rugby Sevens,2463
Doyle Philip,Ireland,Rowing,2464
Drabik Sandra,Poland,Boxing,2465
Dragic Zoran,Slovenia,Basketball,2466
Dragulescu Marian,Romania,Artistic Gymnastics,2467
Drahotova Anezka,Czech Republic,Athletics,2468
Draper Jacob Benjamin,Great Britain,Hockey,2469
Drews Andrea,United States Of America,Volleyball,2470
Drinkhall Paul,Great Britain,Table Tennis,2471
Drisbioti Antigoni,Greece,Athletics,2472
Dronova Tamara,Roc,Cycling Road,2473
Drouin Caroline,France,Rugby Sevens,2474
Drozdovskaya Tatiana,Belarus,Sailing,2475
Druenne Theo,Monaco,Swimming,2476
Drummond Gerald,Costa Rica,Athletics,2477
Drummond Timothy,South Africa,Hockey,2478
Druncea Daniela,Romania,Rowing,2479
Drux Paul,Germany,Handball,2480
Druzhinin Ilia,Roc,Swimming,2481
Dry Chris,South Africa,Rugby Sevens,2482
Drysdale Daley Ebony,Jamaica,Judo,2483
Drzyzga Fabian,Poland,Volleyball,2484
Du Plessis Lilian Joy,South Africa,Hockey,2485
Du Preez Branco,South Africa,Rugby Sevens,2486
Du Preez Charlene,South Africa,Cycling Track,2487
Du Preez Ethan,South Africa,Swimming,2488
Du Yue,People'S Republic Of China,Badminton,2489
Duan Ying-Ying,People'S Republic Of China,Tennis,2490
Duarte Daniel,Mexico,Baseball/Softball,2491
Duarte Gilberto,Portugal,Handball,2492
Dubchenko Aleksandr,Roc,Cycling Track,2493
Dubitskaya Aliona,Belarus,Athletics,2494
Dubler Cedric,Australia,Athletics,2495
Dubois Albane,France,Sailing,2496
Dubois Caroline,Great Britain,Boxing,2497
Dubovitskaya Nadezhda,Kazakhstan,Athletics,2498
Dubrovich Jacqueline,United States Of America,Fencing,2499
Ducarroz Nikita,Switzerland,Cycling Bmx Freestyle,2500
Duchampt Felix,Romania,Triathlon,2501
Duchet Alix,France,Basketball,2502
Duckworth James,Australia,Tennis,2503
Duda Daryna,Ukraine,Rhythmic Gymnastics,2504
Duda,Brazil,Football,2505
Dudarau Hleb,Belarus,Athletics,2506
Duehring Jasmin,Canada,Cycling Track,2507
Duestad Jeanette Hegg,Norway,Shooting,2508
Duetz Annette,Netherlands,Sailing,2509
Duffy Colin,United States Of America,Sport Climbing,2510
Duffy Flora,Bermuda,Triathlon,2511
Dufour Cathrine,Denmark,Equestrian,2512
Dugalic Angela,Serbia,Basketball,2513
Duhamel Cyrielle,France,Swimming,2514
Duijndam Rinka,Netherlands,Handball,2515
Dujardin Charlotte,Great Britain,Equestrian,2516
Dujshebaev Dovichebaeva Alex,Spain,Handball,2517
Dukarska Monika,Ireland,Rowing,2518
Duke Deirdre,Ireland,Hockey,2519
Duke Mitch,Australia,Football,2520
Dukic Milivoj,Montenegro,Sailing,2521
Dulca Marco,Romania,Football,2522
Dulce Anna,Republic Of Moldova,Shooting,2523
Dulfer Kelly,Netherlands,Handball,2524
Dumbuya Tity,Sierra Leone,Swimming,2525
Dumoulin Tom,Netherlands,Cycling Road,2526
Duncan Melissa,Australia,Athletics,2527
Dunfee Evan,Canada,Athletics,2528
Dunkel Nils,Germany,Artistic Gymnastics,2529
Dunn Crystal,United States Of America,Football,2530
Duplantis Armand,Sweden,Athletics,2531
Duraes Diana,Portugal,Swimming,2532
Duran Mariah,United States Of America,Skateboarding,2533
Durango Flores Diana,Ecuador,Shooting,2534
Durant Kevin Wayne,United States Of America,Basketball,2535
Duranti Agnese,Italy,Rhythmic Gymnastics,2536
Durbridge Luke,Australia,Cycling Road,2537
Durdiakova Tereza,Czech Republic,Athletics,2538
Durkacz Damian,Poland,Boxing,2539
Dustin Oliver,Great Britain,Athletics,2540
Duszynski Kajetan,Poland,Athletics,2541
Dutra Augusto,Brazil,Athletics,2542
Dutra Leonardo,Brazil,Handball,2543
Dutton Phillip,United States Of America,Equestrian,2544
Duverger Pileta Eyurkenia,Cuba,Weightlifting,2545
Dvorsak Ziva,Slovenia,Shooting,2546
Dwi Pangestu Arif,Indonesia,Archery,2547
Dwicahyo Ade Resky,Azerbaijan,Badminton,2548
Dwyer Rasheed,Jamaica,Athletics,2549
Dyankova Simona,Bulgaria,Rhythmic Gymnastics,2550
Dygert Chloe,United States Of America,Cycling Road,2551
Dygert Chloe,United States Of America,Cycling Track,2552
Dyke Emma,New Zealand,Rowing,2553
Dzhuzupbekov Uzur,Kyrgyzstan,Wrestling,2554
Dziaugys Martynas,Lithuania,Rowing,2555
Dziominskaya Karyna,Belarus,Archery,2556
Dziubin Dzmitry,Belarus,Athletics,2557
Eashash Zeyad Eishaih Hussein,Jordan,Boxing,2558
Eaton Jagger,United States Of America,Skateboarding,2559
Ebadipour Ghara H. Milad,Islamic Republic Of Iran,Volleyball,2560
Ebenyo Daniel Simiu,Kenya,Athletics,2561
Eberhardt Alexis Exequiel,Argentina,Shooting,2562
Ebert Leonie,Germany,Fencing,2563
Ebzery Katie,Australia,Basketball,2564
Echenique Gonzalo,Italy,Water Polo,2565
Echevarria Benitez Lidianny,Cuba,Beach Volleyball,2566
Echevarria Juan Miguel,Cuba,Athletics,2567
Echikunwoke Annette,Nigeria,Athletics,2568
Eckhardt Neele,Germany,Athletics,2569
Edalli Ludovico,Italy,Artistic Gymnastics,2570
Edem Offiong,Nigeria,Table Tennis,2571
Edghill Chelsea,Guyana,Table Tennis,2572
Edmondson Annette,Australia,Cycling Track,2573
Edmondston Holly,New Zealand,Cycling Track,2574
Edtmayer Tyler,Germany,Skateboarding,2575
Edward Alonso,Panama,Athletics,2576
Edwards Aaliyah,Canada,Basketball,2577
Edwards Blake,Australia,Water Polo,2578
Edwards Gavin Earl,Japan,Basketball,2579
Edwards Jye,Australia,Athletics,2580
Edwards Kai Graeme,Australia,Marathon Swimming,2581
Edwards Lachlan Robert,Australia,Water Polo,2582
Edwards Rebecca,Great Britain,Rowing,2583
Edwige Beatrice,France,Handball,2584
Eerland Britt,Netherlands,Table Tennis,2585
Efimova Yuliya,Roc,Swimming,2586
Efoloko Jona,Great Britain,Athletics,2587
Efrem Ghirmai,Eritrea,Swimming,2588
Eftimova Inna,Bulgaria,Athletics,2589
Eggens Monika,Canada,Water Polo,2590
Egodawela Tehani,Sri Lanka,Shooting,2591
Egonu Paola Ogechi,Italy,Volleyball,2592
Egorov Aleksandr,Roc,Swimming,2593
Egorova Anna,Roc,Swimming,2594
Egutidze Anri,Portugal,Judo,2595
Eibl Ronja,Germany,Cycling Mountain Bike,2596
Eid Ali,Bahrain,Handball,2597
Eigel Pavel,Roc,Canoe Slalom,2598
Eikermann Gregorchuk Jaden Shiloh,Germany,Diving,2599
Eisa Mohammed Jamal Abdelmaji,Refugee Olympic Team,Athletics,2600
Eissa Seif,Egypt,Taekwondo,2601
Eisser Tracy,United States Of America,Rowing,2602
Ekberg Niclas,Sweden,Handball,2603
Eke Nadia,Ghana,Athletics,2604
Eke Uche,Nigeria,Artistic Gymnastics,2605
Ekimov Leonid,Roc,Shooting,2606
Ekinci Necat,Turkey,Boxing,2607
Ekka Deep Grace,India,Hockey,2608
Ektova Irina,Kazakhstan,Athletics,2609
El Aaraby Mohamed Reda,Morocco,Athletics,2610
El Abbassi El Hassan,Bahrain,Athletics,2611
El Bakkali Soufiane,Morocco,Athletics,2612
El Bouchti Oumaima,Morocco,Taekwondo,2613
El Fathaoui Yassine,Italy,Athletics,2614
El Goumri Othmane,Morocco,Athletics,2615
El Guesse Abdelati,Morocco,Athletics,2616
El Kouraji Mohcine,Morocco,Cycling Road,2617
El Moukim Rkia,Morocco,Athletics,2618
El Seify Ashraf Amgad,Qatar,Athletics,2619
El Wench Mahmoud,Egypt,Football,2620
Elahmar Ahmed,Egypt,Handball,2621
Elbana Abdelkhalek,Egypt,Rowing,2622
Elderaa Seif,Egypt,Handball,2623
Elderaa Yehia,Egypt,Handball,2624
Eleftheriou Andri,Cyprus,Shooting,2625
Elendt Anna Charlott Darcel,Germany,Swimming,2626
Elgamal Adham Hatem,Egypt,Badminton,2627
Elgamel Mostafa,Egypt,Athletics,2628
Elgendy Ahmed,Egypt,Modern Pentathlon,2629
Elgeziry Amro,United States Of America,Modern Pentathlon,2630
Elgohari Hala,Egypt,Shooting,2631
Elgraoui Zouheir,Morocco,Beach Volleyball,2632
Elhage Philip,Aruba,Shooting,2633
Elias Nacif,Lebanon,Judo,2634
Elidrissi Ayoub,Qatar,Judo,2635
Elissonde Kenny,France,Cycling Road,2636
Elizalde Sebastian,Mexico,Baseball/Softball,2637
Elkord Houssam,Morocco,Fencing,2638
Ellenwood Georgia,Canada,Athletics,2639
Ellermann Dina,Estonia,Equestrian,2640
Elliott Kiana Rose,Australia,Weightlifting,2641
Ellis Kendall,United States Of America,Athletics,2642
Ellis Marcus,Great Britain,Badminton,2643
Ellis Nigel,Jamaica,Athletics,2644
Ellis Rashida,United States Of America,Boxing,2645
Ellison Brady,United States Of America,Archery,2646
Elmasry Ibrahim,Egypt,Handball,2647
Elmore Malindi,Canada,Athletics,2648
Elna Amed,Comoros,Athletics,2649
Elnahas Shady,Canada,Judo,2650
Elonu Adaora,Nigeria,Basketball,2651
Elosegi Ander,Spain,Canoe Slalom,2652
Elpitiya Badalge Dona Milka Gehani,Sri Lanka,Artistic Gymnastics,2653
Elsaeid Osama,Egypt,Shooting,2654
Elsalamoney Basmla,Egypt,Triathlon,2655
Elsasyed Login,Egypt,Rhythmic Gymnastics,2656
Elsawy Ali,Egypt,Karate,2657
Elsayed Mohamed,Egypt,Fencing,2658
Elsayed Mohamed Ibrahim Elsayed,Egypt,Wrestling,2659
Elsharkawy Yara,Egypt,Fencing,2660
Elshenawy Mohamed,Egypt,Football,2661
Elsissy Ziad,Egypt,Fencing,2662
Eltayar Mohamed,Egypt,Handball,2663
Elvir Samuel,Honduras,Football,2664
Elwakil Omar,Egypt,Handball,2665
Elwalid Rihab,Tunisia,Archery,2666
Elwes Charles,Great Britain,Rowing,2667
Elzoheiry Mariam,Egypt,Fencing,2668
Emaniman Gladys Ekaru,Kenya,Volleyball,2669
Emba Cheta,United States Of America,Rugby Sevens,2670
Embrich Irina,Estonia,Fencing,2671
Emegano Obi,Nigeria,Basketball,2672
Emelin Sergey,Roc,Wrestling,2673
Emilianov Alexandra,Republic Of Moldova,Athletics,2674
Emmanuel Crystal,Canada,Athletics,2675
Emura Misaki,Japan,Fencing,2676
Enache Marian,Romania,Rowing,2677
Endler Christiane,Chile,Football,2678
Endo Jun,Japan,Football,2679
Endo Wataru,Japan,Football,2680
Endrekson Tonu,Estonia,Rowing,2681
Enekwechi Chukwuebuka,Nigeria,Athletics,2682
Engels Craig,United States Of America,Athletics,2683
Englezakis Konstantinos,Greece,Swimming,2684
English Amber,United States Of America,Shooting,2685
English Felix,Ireland,Cycling Track,2686
English Mark,Ireland,Athletics,2687
Enina Ekaterina,Roc,Volleyball,2688
Enkhbat Lkhagvasuren,Mongolia,Table Tennis,2689
Enkhtaivan Chimeddolgor,Mongolia,3X3 Basketball,2690
Enkhtaivan Davaakhuu,Mongolia,Shooting,2691
Ennis Sarah,Ireland,Equestrian,2692
Enomoto Haruka,Japan,Diving,2693
Ensing Kyle,United States Of America,Volleyball,2694
Entrerrios Rodriguez Raul,Spain,Handball,2695
Entzminger Emma,Canada,Baseball/Softball,2696
Enzema Benjamin,Equatorial Guinea,Athletics,2697
Epitropov Lyubomir,Bulgaria,Swimming,2698
Er Necati,Turkey,Athletics,2699
Eraky Karim,Egypt,Football,2700
Ercan Seyma,Turkey,Volleyball,2701
Erceg Abby,New Zealand,Football,2702
Erdelyi Balazs,Hungary,Water Polo,2703
Erdem Dundar Eda,Turkey,Volleyball,2704
Erdenebat Bekhbayar,Mongolia,Wrestling,2705
Erdenebat Bilegsaikhan,Mongolia,Weightlifting,2706
Erdenebat Tsendbaatar,Mongolia,Boxing,2707
Erdi Maria,Hungary,Sailing,2708
Erdogan Meryem,Turkey,Athletics,2709
Erel Tal,Israel,Baseball/Softball,2710
Ergashev Adkhamjon,Uzbekistan,Weightlifting,2711
Erichsen Fie Udby,Denmark,Rowing,2712
Erichsen Julie,Norway,Artistic Gymnastics,2713
Erika,Brazil,Football,2714
Eriksson Magdalena,Sweden,Football,2715
Erm Johannes,Estonia,Athletics,2716
Errani Sara,Italy,Tennis,2717
Errigo Arianna,Italy,Fencing,2718
Erta Bernat,Spain,Athletics,2719
Ertan Deniz,Turkey,Swimming,2720
Ertz Julie,United States Of America,Football,2721
Escobar Guerrero Maria Alexandra,Ecuador,Weightlifting,2722
Escobar Mascunano Gabriel,Spain,Boxing,2723
Escobedo Dallas,Mexico,Baseball/Softball,2724
Eseme Emmanuel,Cameroon,Athletics,2725
Espar Llaquet Anna,Spain,Water Polo,2726
Espar Llaquet Clara,Spain,Water Polo,2727
Esparza Jesus Arturo,Mexico,Athletics,2728
Espinola Salinas Agua Marina,Paraguay,Cycling Road,2729
Espinosa De Los Monteros Adriana,Ecuador,Archery,2730
Espinosa Daniel,Mexico,Baseball/Softball,2731
Espinoza Ahymara,Venezuela,Athletics,2732
Esquivel Joaquin,Mexico,Football,2733
Essadiq Mehdi,Morocco,Triathlon,2734
Essayi Anass,Morocco,Athletics,2735
Esson Victoria,New Zealand,Football,2736
Ester Ramos Laura,Spain,Water Polo,2737
Estrada Magdiel,Cuba,Judo,2738
Etchart Rodrigo,Argentina,Rugby Sevens,2739
Etelatalo Lassi,Finland,Athletics,2740
Etienne Axelle,France,Cycling Bmx Racing,2741
Eto Takashi,Japan,Athletics,2742
Ettaieb Nour Elhouda,Tunisia,Rowing,2743
Eustice Jethro Ray,South Africa,Hockey,2744
Evans Joanna,Bahamas,Swimming,2745
Evans Neah,Great Britain,Cycling Track,2746
Evans Sarah,Great Britain,Hockey,2747
Eve Mejia Lisvel Elisa,Dominican Republic,Volleyball,2748
Evelyn Tristan,Barbados,Athletics,2749
Evenepoel Remco,Belgium,Cycling Road,2750
Evezard Jason,South Africa,Water Polo,2751
Evglevski Sergei,Australia,Shooting,2752
Evloev Musa,Roc,Wrestling,2753
Evora Nelson,Portugal,Athletics,2754
Exum Dante,Australia,Basketball,2755
Eyal Slman Younis,Jordan,Judo,2756
Eyenga Mboosi Jeanne Gaelle,Cameroon,Weightlifting,2757
Ezzaydouni Ibrahim,Spain,Athletics,2758
Fabbri Leonardo,Italy,Athletics,2759
Fabre Margaux,France,Swimming,2760
Fabregas Ludovic,France,Handball,2761
Fadhul Ahmed,Bahrain,Handball,2762
Fahnbulleh Joseph,Liberia,Athletics,2763
Fahr Annina,Switzerland,Athletics,2764
Fahr Sarah Luisa,Italy,Volleyball,2765
Fahrni Linda,Switzerland,Sailing,2766
Fain Katja,Slovenia,Swimming,2767
Fairchild Alexa,Belgium,Equestrian,2768
Fairweather Erika,New Zealand,Swimming,2769
Fajdek Pawel,Poland,Athletics,2770
Fakhrutdinova Alise,Uzbekistan,Modern Pentathlon,2771
Falasca Lucia,Argentina,Sailing,2772
Falcao Cabral Joao Henrique,Brazil,Athletics,2773
Falcon Reyes Esmeralda,Mexico,Boxing,2774
Falk Jennifer,Sweden,Football,2775
Fall Mouhamadou,France,Athletics,2776
Fall Moustapha,France,Basketball,2777
Faloci Giovanni,Italy,Athletics,2778
Fama Amanda,Italy,Baseball/Softball,2779
Famera Martin,Spain,Water Polo,2780
Faminou Aliaksandr,Belarus,Equestrian,2781
Fan Hau-Li,Canada,Marathon Swimming,2782
Fan Yilin,People'S Republic Of China,Artistic Gymnastics,2783
Fan Zhendong,People'S Republic Of China,Table Tennis,2784
Fang Wan-Ling,Chinese Taipei,Weightlifting,2785
Fang Yaoqing,People'S Republic Of China,Athletics,2786
Fangio Francesca,Italy,Swimming,2787
Fanny Kokou Dodji,Togo,Table Tennis,2788
Fantela Mihovil,Croatia,Sailing,2789
Fantela Sime,Croatia,Sailing,2790
Fantini Sara,Italy,Athletics,2791
Fantoni Giacomo,Italy,Cycling Bmx Racing,2792
Fardj Mohammed,Algeria,Wrestling,2793
Farella Bianca,Canada,Rugby Sevens,2794
Farias Bruna Jessica,Brazil,Athletics,2795
Farinango David,Ecuador,Marathon Swimming,2796
Farinha Jonathan,Trinidad And Tobago,Athletics,2797
Farken Robert,Germany,Athletics,2798
Farrington Kent,United States Of America,Equestrian,2799
Farriol Bianca,Argentina,Volleyball,2800
Farzaliyev Firdovsi,Azerbaijan,Karate,2801
Farzaneh Fasihi,Islamic Republic Of Iran,Athletics,2802
Fassi Maria,Mexico,Golf,2803
Fast Emelie,Sweden,Swimming,2804
Fatiyev Murad,Azerbaijan,Judo,2805
Fatovic Loren,Croatia,Water Polo,2806
Fattal Rachel,United States Of America,Water Polo,2807
Fattouh Mahassen Ha,Lebanon,Weightlifting,2808
Fauthoux Marine,France,Basketball,2809
Fayola Hurtado Ronald Daniel,Venezuela,Volleyball,2810
Fayzullaeva Kumushkhon,Uzbekistan,Weightlifting,2811
Fedarenka Ilya,Belarus,Canoe Sprint,2812
Federico Ivan,Italy,Skateboarding,2813
Federowicz Tim,United States Of America,Baseball/Softball,2814
Fedorovtseva Arina,Roc,Volleyball,2815
Fedotova Anastasia,Roc,Water Polo,2816
Feeley Camilla,United States Of America,Rhythmic Gymnastics,2817
Fegerl Stefan,Austria,Table Tennis,2818
Feige Saskia,Germany,Athletics,2819
Fejes Daniel,Hungary,Canoe Sprint,2820
Felipe Gustavo,Brazil,Skateboarding,2821
Felix Allyson,United States Of America,Athletics,2822
Felix Delron,Grenada,Swimming,2823
Feliz Lidio Andres,Dominican Republic,Athletics,2824
Feng Bin,People'S Republic Of China,Athletics,2825
Feng Chun Kai,Chinese Taipei,Cycling Road,2826
Feng Shanshan,People'S Republic Of China,Golf,2827
Feng Tianwei,Singapore,Table Tennis,2828
Feng Yu,People'S Republic Of China,Artistic Swimming,2829
Feracci Alexandra,France,Karate,2830
Ferguson Kord,United States Of America,Athletics,2831
Fergusson Robbie,Great Britain,Rugby Sevens,2832
Ferjani Fares,Tunisia,Fencing,2833
Ferlic Mason,United States Of America,Athletics,2834
Fernandes Dos Ramos Roque,Sao Tome And Principe,Canoe Sprint,2835
Fernandez Alberto,Spain,Shooting,2836
Fernandez Alvaro,Spain,Football,2837
Fernandez Charles,Guatemala,Modern Pentathlon,2838
Fernandez Federico Gaston,Argentina,Handball,2839
Fernandez Fraga Alicia,Spain,Handball,2840
Fernandez Leylah Annie,Canada,Tennis,2841
Fernandez Miranda Francisco,Spain,Water Polo,2842
Fernandez Maria Pia,Uruguay,Athletics,2843
Fernandez Perez Angel,Spain,Handball,2844
Fernandez Rudy,Spain,Basketball,2845
Fernandez Sergio,Spain,Athletics,2846
Fernandez Steiner Liliana,Spain,Beach Volleyball,2847
Fernon Edward,Australia,Modern Pentathlon,2848
Ferrand Prevot Pauline,France,Cycling Mountain Bike,2849
Ferrari Vanessa,Italy,Artistic Gymnastics,2850
Ferraz Joao,Portugal,Handball,2851
Ferreira Beatriz,Brazil,Boxing,2852
Ferreira Fernando,Brazil,Athletics,2853
Ferreira Italo,Brazil,Surfing,2854
Ferrer E Silva Laila,Brazil,Athletics,2855
Ferrer-Salat Beatriz,Spain,Equestrian,2856
Ferreras Sanz Berta,Spain,Artistic Swimming,2857
Ferro Costanza,Italy,Artistic Swimming,2858
Ferro Fiona,France,Tennis,2859
Fesikova Anastasiia,Roc,Swimming,2860
Fetisova Irina,Roc,Volleyball,2861
Feuillet Remi,Mauritius,Judo,2862
Fiamingo Rossella,Italy,Fencing,2863
Fichera Marco,Italy,Fencing,2864
Fichman Sharon,Canada,Tennis,2865
Fidanza Martina,Italy,Cycling Track,2866
Fiedina Marta,Ukraine,Artistic Swimming,2867
Fieldman Henry,Great Britain,Rowing,2868
Fields Nirra,Canada,Basketball,2869
Figari Niccolo,Italy,Water Polo,2870
Figlioli Pietro,Italy,Water Polo,2871
Figueras Trejo Adrian,Spain,Handball,2872
Figueredo Pereira Kawan,Brazil,Diving,2873
Figueroa Julia,Spain,Judo,2874
Figueroa Roldan Yusleidy Mariana,Venezuela,Weightlifting,2875
Figueroa Suarez Enrique,Puerto Rico,Sailing,2876
Fijalek Grzegorz,Poland,Beach Volleyball,2877
Fikadu Dawit,Bahrain,Athletics,2878
Filia Eric,United States Of America,Baseball/Softball,2879
Filip Ana Maria,France,3X3 Basketball,2880
Filipovic Filip,Serbia,Water Polo,2881
Filippi Marcella,Italy,3X3 Basketball,2882
Filippidis Konstantinos,Greece,Athletics,2883
Filler Andrea,Italy,Baseball/Softball,2884
Filmer Caileigh,Canada,Rowing,2885
Filtisikou Kiriaki,Greece,Athletics,2886
Filzmoser Sabrina,Austria,Judo,2887
Finesse Nantenaina,Seychelles,Judo,2888
Fink Nic,United States Of America,Swimming,2889
Finke Robert,United States Of America,Swimming,2890
Finley Mason,United States Of America,Athletics,2891
Finn Michelle,Ireland,Athletics,2892
Finol Rivas Yoel,Venezuela,Boxing,2893
Fiodorow Joanna,Poland,Athletics,2894
Fiola-Dion Camille,Canada,Artistic Swimming,2895
Fioravanti Costa Marina,Brazil,Rugby Sevens,2896
Fioravanti Leonardo,Italy,Surfing,2897
Firfirica Alin Alexandru,Romania,Athletics,2898
Firisua Sharon,Solomon Islands,Athletics,2899
Fischer Aria,United States Of America,Water Polo,2900
Fischer Makenzie,United States Of America,Water Polo,2901
Fischer Sarah,Austria,Weightlifting,2902
Fiserova Tereza,Czech Republic,Canoe Slalom,2903
Fisher Grant,United States Of America,Athletics,2904
Fisher-Marsters Kirsten Andrea,Cook Islands,Swimming,2905
Fishman Jake,Israel,Baseball/Softball,2906
Fiti Scott James,Federated States Of Micronesia,Athletics,2907
Fitzgibbons Sally,Australia,Surfing,2908
Fitzpatrick Connor,Canada,Canoe Sprint,2909
Fitzpatrick Ian,Ireland,Rugby Sevens,2910
Fitzpatrick Madison Mae,Australia,Hockey,2911
Fitzpatrick Savannah,Australia,Hockey,2912
Fitzpatrick Theresa,New Zealand,Rugby Sevens,2913
Fitzsimmons Riley,Australia,Canoe Sprint,2914
Flanagan Benjamin,Canada,Athletics,2915
Flanagan Eilish,Ireland,Athletics,2916
Flarup Peter T.,Denmark,Equestrian,2917
Fleetwood Tommy,Great Britain,Golf,2918
Fleissner Jan,Czech Republic,Rowing,2919
Fleissnerova Kristyna,Czech Republic,Rowing,2920
Flem Hoest Line,Norway,Sailing,2921
Fleming Deborah,Great Britain,Rugby Sevens,2922
Fleming Jessie,Canada,Football,2923
Fleschutz Jette Louisa,Germany,Hockey,2924
Fletcher Benjamin,Ireland,Judo,2925
Fletcher Megan,Ireland,Judo,2926
Fleurs Luke,South Africa,Football,2927
Flickinger Hali,United States Of America,Swimming,2928
Flippes Laura,France,Handball,2929
Flissi Mohamed,Algeria,Boxing,2930
Florence John John,United States Of America,Surfing,2931
Florentino Robert,Dominican Republic,Judo,2932
Florentino Roca Hector,Dominican Republic,Equestrian,2933
Flores Jeremy,France,Surfing,2934
Florescu Eduard,Romania,Football,2935
Florijn Finn,Netherlands,Rowing,2936
Florijn Karolien,Netherlands,Rowing,2937
Flueckiger Mathias,Switzerland,Cycling Mountain Bike,2938
Fluhler Stacey,New Zealand,Rugby Sevens,2939
Foconi Alessio,Italy,Fencing,2940
Fofana Cedric,Canada,Diving,2941
Fofana Hassane,Italy,Athletics,2942
Fofana Seydou,Mali,Taekwondo,2943
Fognini Fabio,Italy,Tennis,2944
Foley Michael,Canada,Cycling Track,2945
Folie Raphaela,Italy,Volleyball,2946
Folkard Naomi,Great Britain,Archery,2947
Folkertsma Sisca,Netherlands,Football,2948
Follert Laurits,Germany,Rowing,2949
Folorunso Ayomide,Italy,Athletics,2950
Fomina Olga,Roc,Handball,2951
Fonseca Daniela,Cuba,Table Tennis,2952
Fonseca Jorge,Portugal,Judo,2953
Fonseca Natalia,Angola,Handball,2954
Fontana Vittoria,Italy,Athletics,2955
Fontecchio Simone,Italy,Basketball,2956
Fontes Ignacio,Spain,Athletics,2957
Fontijn Nouchka,Netherlands,Boxing,2958
Fonua Amini,Tonga,Swimming,2959
Foord Caitlin,Australia,Football,2960
Foppa Pauletta,France,Handball,2961
Foppen Mike,Netherlands,Athletics,2962
Forbes Tatyana,Mexico,Baseball/Softball,2963
Forca Ariza Judith,Spain,Water Polo,2964
Forcherio Maria Emilia,Argentina,Hockey,2965
Ford Andrew,Australia,Water Polo,2966
Ford Emily,Great Britain,Rowing,2967
Ford George,Australia,Water Polo,2968
Ford Tom,Great Britain,Rowing,2969
Foreman-Mackey Annie,Canada,Cycling Track,2970
Forkin Chelsea,Australia,Baseball/Softball,2971
Formiga,Brazil,Football,2972
Foroughi Javad,Islamic Republic Of Iran,Shooting,2973
Forsyth Alan,Great Britain,Hockey,2974
Forte Julian,Jamaica,Athletics,2975
Fortin Valentine,France,Cycling Track,2976
Fortuna Antonela,Argentina,Volleyball,2977
Fortunato Francesco,Italy,Athletics,2978
Foss Tobias S.,Norway,Cycling Road,2979
Fossali Ludovico,Italy,Sport Climbing,2980
Fosti Roman,Estonia,Athletics,2981
Fotofili Ronald Lawrence,Tonga,Athletics,2982
Fotouhi Mohammad,Islamic Republic Of Iran,Fencing,2983
Fouad Karim,Egypt,Football,2984
Fouda Polina,Egypt,Rhythmic Gymnastics,2985
Fountoulis Ioannis,Greece,Water Polo,2986
Fournier Evan,France,Basketball,2987
Fowler Andrew,Guyana,Swimming,2988
Fowler Mary,Australia,Football,2989
Fowles Sylvia,United States Of America,Basketball,2990
Fox Jessica,Australia,Canoe Slalom,2991
Fox Ryan,New Zealand,Golf,2992
Frade Luis,Portugal,Handball,2993
Frafjord Marit Malm,Norway,Handball,2994
Fraga Pedro,Portugal,Rowing,2995
Fragkaki Eleni,Greece,Artistic Swimming,2996
Fraile Matarranz Omar,Spain,Cycling Road,2997
Fraincart Sarah,Morocco,Rowing,2998
Franceschi Sara,Italy,Swimming,2999
Franch Adrianna,United States Of America,Football,3000
Francis Danusia,Jamaica,Artistic Gymnastics,3001
Francisco Luiz,Brazil,Skateboarding,3002
Frank Nicole,Uruguay,Swimming,3003
Frank Tanja,Austria,Sailing,3004
Frankel Tomer,Israel,Swimming,3005
Franklin Larissa,Canada,Baseball/Softball,3006
Franklin Mallory,Great Britain,Canoe Slalom,3007
Franklin Tori,United States Of America,Athletics,3008
Franssen Juul,Netherlands,Judo,3009
Frantzeskakis Christos,Greece,Athletics,3010
Franziska Patrick,Germany,Table Tennis,3011
Frasca Loris,France,Artistic Gymnastics,3012
Fraser Brett,Cayman Islands,Swimming,3013
Fraser Joe,Great Britain,Artistic Gymnastics,3014
Fraser-Beaulieu Brittany,Canada,Equestrian,3015
Fraser-Pryce Shelly-Ann,Jamaica,Athletics,3016
Fratus Bruno,Brazil,Swimming,3017
Frayne Henry,Australia,Athletics,3018
Frayre Moctezuma Eder,Mexico,Cycling Road,3019
Frazier Todd,United States Of America,Baseball/Softball,3020
Fredriksen Magnus,Norway,Handball,3021
Freeman James,Botswana,Swimming,3022
Frei Sina,Switzerland,Cycling Mountain Bike,3023
Freitas Henriques Anderson,Brazil,Athletics,3024
Freitas Marcos,Portugal,Table Tennis,3025
Freitas Patricia,Brazil,Sailing,3026
French Kate,Great Britain,Modern Pentathlon,3027
Frerichs Courtney,United States Of America,Athletics,3028
Freriks Merel,Netherlands,Handball,3029
Frey Johannes,Germany,Judo,3030
Frey Karl-Richard,Germany,Judo,3031
Fricker Samuel,Australia,Diving,3032
Friedrich Lea Sophie,Germany,Cycling Track,3033
Friedsam Anna-Lena,Germany,Tennis,3034
Friess Aline,France,Artistic Gymnastics,3035
Frintova Vendula,Czech Republic,Triathlon,3036
Froidevaux Robin,Switzerland,Cycling Track,3037
Frolkina Evgeniia,Roc,3X3 Basketball,3038
Frolkina Olga,Roc,3X3 Basketball,3039
Frosler Reeve,South Africa,Football,3040
Fruergaard Maiken,Denmark,Badminton,3041
Fry Charlotte,Great Britain,Equestrian,3042
Fuailefau Mike,Canada,Rugby Sevens,3043
Fuchs Bruno,Brazil,Football,3044
Fuchs Florian,Germany,Hockey,3045
Fuchs Martin,Switzerland,Equestrian,3046
Fuchs Virginia,United States Of America,Boxing,3047
Fucsovics Marton,Hungary,Tennis,3048
Fuentes Zavala Aremi,Mexico,Weightlifting,3049
Fuglsang Jakob,Denmark,Cycling Road,3050
Fujii Nanako,Japan,Athletics,3051
Fujii Naonobu,Japan,Volleyball,3052
Fujii Shio,Japan,Handball,3053
Fujishima Hiroki,Japan,Canoe Sprint,3054
Fujita Yamato,Japan,Baseball/Softball,3055
Fujita Yoshikazu,Japan,Rugby Sevens,3056
Fuksa Martin,Czech Republic,Canoe Sprint,3057
Fuksa Petr,Czech Republic,Canoe Sprint,3058
Fukumura Juka,Japan,Artistic Swimming,3059
Fukushima Daisuke,Japan,Equestrian,3060
Fukushima Shihomi,Japan,Fencing,3061
Fukushima Tomoyoshi,Japan,Water Polo,3062
Fukushima Yuki,Japan,Badminton,3063
Fumic Manuel,Germany,Cycling Mountain Bike,3064
Fumita Kenichiro,Japan,Wrestling,3065
Funch Julie Froelund,Denmark,Canoe Sprint,3066
Funk Ricarda,Germany,Canoe Slalom,3067
Funnemark Endre,Norway,Sailing,3068
Furgeson Colleen,Marshall Islands,Swimming,3069
Furk Benedikt,Germany,Hockey,3070
Furman Alena,Belarus,Rowing,3071
Furman Dzmitry,Belarus,Rowing,3072
Furtula Danijel,Montenegro,Athletics,3073
Furukawa Takaharu,Japan,Archery,3074
Furuyama Kie,Japan,Cycling Track,3075
Greysia Polii,Indonesia,Badminton,3076
Gaber Ibrahim Houssein,Djibouti,Swimming,3077
Gacina Andrej,Croatia,Table Tennis,3078
Gacka Kinga,Poland,Athletics,3079
Gad Mahmoud,Egypt,Football,3080
Gadirova Jennifer,Great Britain,Artistic Gymnastics,3081
Gadirova Jessica,Great Britain,Artistic Gymnastics,3082
Gadsdon Luke,Canada,Rowing,3083
Gadzhiev Magomedmurad,Poland,Wrestling,3084
Gadzhimagomedov Muslim,Roc,Boxing,3085
Gadzhiyev Khadzhimurad,Azerbaijan,Wrestling,3086
Gaffoor Aniqah,Sri Lanka,Swimming,3087
Gaich Adolfo,Argentina,Football,3088
Gailen Blake,Israel,Baseball/Softball,3089
Gaitan Haramara,Mexico,Badminton,3090
Gaitero Martin Alberto,Spain,Judo,3091
Gaither Tynia,Bahamas,Athletics,3092
Gajanova Gabriela,Slovakia,Athletics,3093
Gal Edward,Netherlands,Equestrian,3094
Galal Osama,Egypt,Football,3095
Galan Daniel Elahi,Colombia,Tennis,3096
Galant Martyna,Poland,Athletics,3097
Galashina Anastasiia,Roc,Shooting,3098
Galassi Gianluca,Italy,Volleyball,3099
Galbadrakh Otgontsetseg,Kazakhstan,Judo,3100
Gale Lauren,Canada,Athletics,3101
Gale Tom,Great Britain,Athletics,3102
Galiabovitch Elena,Australia,Shooting,3103
Galimany Marta,Spain,Athletics,3104
Gall James Richard,Great Britain,Hockey,3105
Gallagher Erin,South Africa,Swimming,3106
Gallagher Laura,Great Britain,Trampoline Gymnastics,3107
Gallardo Karen,Chile,Athletics,3108
Gallay Ana,Argentina,Beach Volleyball,3109
Gallego Sara,Spain,Athletics,3110
Galli Gemma,Italy,Artistic Swimming,3111
Gallinari Danilo,Italy,Basketball,3112
Gallizzi Tayavek,Argentina,Basketball,3113
Galos Roland,Hungary,Boxing,3114
Galvan Matteo,Italy,Athletics,3115
Galvez Fatima,Spain,Shooting,3116
Galvis Sandra Viviana,Colombia,Athletics,3117
Galyer Ali,New Zealand,Swimming,3118
Gambetta Sara,Germany,Athletics,3119
Gamez Matos Elisbet,Cuba,Swimming,3120
Gammond Fiona,Great Britain,Rowing,3121
Gandia Adrian,Puerto Rico,Judo,3122
Ganea George,Romania,Football,3123
Gangl Edina,Hungary,Water Polo,3124
Ganira Belly-Cresus,Burundi,Swimming,3125
Ganjzadeh Sajad,Islamic Republic Of Iran,Karate,3126
Gankin Denis,Kazakhstan,Archery,3127
Ganna Filippo,Italy,Cycling Road,3128
Ganna Filippo,Italy,Cycling Track,3129
Gans Stedman,South Africa,Rugby Sevens,3130
Gantulga Altanbagana,Mongolia,Judo,3131
Gao Haiyan,People'S Republic Of China,Sailing,3132
Gao Lei,People'S Republic Of China,Trampoline Gymnastics,3133
Gao Shiyan,People'S Republic Of China,3X3 Basketball,3134
Gao Yang,People'S Republic Of China,Athletics,3135
Gaponova Ganna,Ukraine,Table Tennis,3136
Garbett Matthew,New Zealand,Football,3137
Garces Sequera Claudymar,Venezuela,Karate,3138
Garci Fadwa,Tunisia,Table Tennis,3139
Garcia Boissier Nicolas,Spain,Diving,3140
Garcia Brito Luis Alberto,Dominican Republic,Weightlifting,3141
Garcia Canellas Margarita Victo,Spain,Cycling Road,3142
Garcia Caroline,France,Tennis,3143
Garcia Cayetano,Spain,Canoe Sprint,3144
Garcia Diego,Spain,Athletics,3145
Garcia Eric,Spain,Football,3146
Garcia Estefania,Ecuador,Judo,3147
Garcia Gadea Javier,Croatia,Water Polo,3148
Garcia Godoy Maica,Spain,Water Polo,3149
Garcia Grau Begona,Spain,Hockey,3150
Garcia Jesus Angel,Spain,Athletics,3151
Garcia Jose,Honduras,Football,3152
Garcia Junior,Dominican Republic,Baseball/Softball,3153
Garcia Martinez Rocio Del Alba,Spain,Cycling Mountain Bike,3154
Garcia Mena Jose Antonio,Spain,Equestrian,3155
Garcia Navarro Ivan,Mexico,Diving,3156
Garcia Ordonez Javier,Spain,Rowing,3157
Garcia Rachel,United States Of America,Baseball/Softball,3158
Garcia Robledo Antonio,Spain,Handball,3159
Garcia Saiz Nicolas,Spain,Swimming,3160
Garcia Samuel,Spain,Athletics,3161
Garcia Urzainqui Marina,Spain,Swimming,3162
Garcia-Caro Laura,Spain,Athletics,3163
Garda Krisztina,Hungary,Water Polo,3164
Gardiner Steven,Bahamas,Athletics,3165
Gardner English,United States Of America,Athletics,3166
Gardos Robert,Austria,Table Tennis,3167
Gardzielewski Arkadiusz,Poland,Athletics,3168
Garia Christopher,Netherlands,Athletics,3169
Garino Patricio,Argentina,Basketball,3170
Garnbret Janja,Slovenia,Sport Climbing,3171
Garozzo Daniele,Italy,Fencing,3172
Garrigos Francisco,Spain,Judo,3173
Garside Harry,Australia,Boxing,3174
Garuba Usman,Spain,Basketball,3175
Garza Perez Eugenio,Mexico,Equestrian,3176
Garzon Caballero Jeandry,Cuba,Wrestling,3177
Gasch Loic,Switzerland,Athletics,3178
Gasol Marc,Spain,Basketball,3179
Gasol Saez Pau,Spain,Basketball,3180
Gasparotto Marta,Italy,Baseball/Softball,3181
Gastaldello Beryl,France,Swimming,3182
Gate Aaron,New Zealand,Cycling Track,3183
Gatt Sasha,Malta,Swimming,3184
Gaucher Kim,Canada,Basketball,3185
Gaudiano Emanuele,Italy,Equestrian,3186
Gaudu David,France,Cycling Road,3187
Gauzy Simon,France,Table Tennis,3188
Gavino Gonzalez Francisco,Spain,Equestrian,3189
Gavira Collado Adrian,Spain,Beach Volleyball,3190
Gaxiola Gonzalez Luz Daniela,Mexico,Cycling Track,3191
Gay John,Canada,Athletics,3192
Gaye Demish,Jamaica,Athletics,3193
Gayle Tajay,Jamaica,Athletics,3194
Gaysinsky Daniel,Canada,Karate,3195
Gazoz Mete,Turkey,Archery,3196
Gazzard Kiera,Australia,Artistic Swimming,3197
Gbagbi Ruth,Côte D'Ivoire,Taekwondo,3198
Gbane Seydou,Côte D'Ivoire,Taekwondo,3199
Gdula Lukas,Czech Republic,Athletics,3200
Ge Manqi,People'S Republic Of China,Athletics,3201
Geay Gabriel Gerald,United Republic Of Tanzania,Athletics,3202
Gebbie Luke,Philippines,Swimming,3203
Gebhardt Melanie,Germany,Canoe Sprint,3204
Gebreezibeher Freweyni,Ethiopia,Athletics,3205
Gebreselama Tsigie,Ethiopia,Athletics,3206
Gebrhiwet Hagos,Ethiopia,Athletics,3207
Geduld Justin,South Africa,Rugby Sevens,3208
Gee Derek,Canada,Cycling Track,3209
Geens Jelle,Belgium,Triathlon,3210
Geis Oliver,Germany,Shooting,3211
Gelant Elroy,South Africa,Athletics,3212
Gelle Peter,Slovakia,Canoe Sprint,3213
Gemechu Tsehay,Ethiopia,Athletics,3214
Gemesi Csanad,Hungary,Fencing,3215
Gemili Adam,Great Britain,Athletics,3216
Genda Sosuke,Japan,Baseball/Softball,3217
Genee Dagmar,Netherlands,Water Polo,3218
Genest Lauriane,Canada,Cycling Track,3219
Genidounias Konstantinos,Greece,Water Polo,3220
Geniets Kevin,Luxembourg,Cycling Road,3221
Genreau Denis,Australia,Football,3222
Gensheimer Uwe,Germany,Handball,3223
Gentili Giacomo,Italy,Rowing,3224
Gentle Ashleigh,Australia,Triathlon,3225
Genty Yann,France,Handball,3226
Genzo Francesca,Italy,Canoe Sprint,3227
Geoghegan Hart Tao,Great Britain,Cycling Road,3228
George Cayla,Australia,Basketball,3229
George Tom,Great Britain,Rowing,3230
Georgievski Dejan,North Macedonia,Taekwondo,3231
Georgiou Marios,Cyprus,Artistic Gymnastics,3232
Geraei Mohammadali,Islamic Republic Of Iran,Wrestling,3233
Geraei Mohammadreza,Islamic Republic Of Iran,Wrestling,3234
Geramipoor Aaron,Islamic Republic Of Iran,Basketball,3235
Gerard Vincent,France,Handball,3236
Gerashchenko Iryna,Ukraine,Athletics,3237
Gerasimov Egor,Belarus,Tennis,3238
Gerasimova Elena,Roc,Artistic Gymnastics,3239
Gerassimenko Kirill,Kazakhstan,Table Tennis,3240
Gerber Yanah,South Africa,Water Polo,3241
Gerchev Yanislav,Bulgaria,Judo,3242
Germade Rodrigo,Spain,Canoe Sprint,3243
Germanier Sabrina Soledad,Argentina,Volleyball,3244
Gerson Mirco,Switzerland,Beach Volleyball,3245
Geschke Simon,Germany,Cycling Road,3246
Geurts Anouk,Belgium,Sailing,3247
Geurts Loes,Netherlands,Football,3248
Gezahegne Kalkidan,Bahrain,Athletics,3249
Ghafour Amir,Islamic Republic Of Iran,Volleyball,3250
Ghambour Alhussein,Libya,Rowing,3251
Gharbi Mehdi,Tunisia,Sailing,3252
Ghareeb Abdulrahman,Saudi Arabia,Football,3253
Ghazal Majd Eddin,Syrian Arab Republic,Athletics,3254
Ghebregergis Yohanes,Eritrea,Athletics,3255
Ghebrehiwet Faniel Eyob,Italy,Athletics,3256
Ghebreigzabhier Amanuel,Eritrea,Cycling Road,3257
Ghelber Bianca Florentina,Romania,Athletics,3258
Gheorghe Ion,Romania,Football,3259
Gheorghe Valentin,Romania,Football,3260
Ghiasi Cheka Morteza,Islamic Republic Of Iran,Wrestling,3261
Ghita Virgil,Romania,Football,3262
Gholami Masoud,Islamic Republic Of Iran,Volleyball,3263
Ghys Robbe,Belgium,Cycling Track,3264
Gialama Krystalenia,Greece,Artistic Swimming,3265
Giannelli Simone,Italy,Volleyball,3266
Gibb Jacob,United States Of America,Beach Volleyball,3267
Gibbs Riley,United States Of America,Sailing,3268
Gibbs Rory,Great Britain,Rowing,3269
Gibson Ali,Puerto Rico,Basketball,3270
Gibson Alison,United States Of America,Diving,3271
Gicquel Thom,France,Badminton,3272
Gidey Letesenbet,Ethiopia,Athletics,3273
Gidsel Mathias,Denmark,Handball,3274
Gielnik Emily,Australia,Football,3275
Gierisch Kristin,Germany,Athletics,3276
Giffey Niels,Germany,Basketball,3277
Gigante Sarah,Australia,Cycling Road,3278
Giger Yasmin,Switzerland,Athletics,3279
Gigler Heiko,Austria,Swimming,3280
Gignac Andre-Pierre,France,Football,3281
Gil Bryan,Spain,Football,3282
Gil Federico,Argentina,Shooting,3283
Gil Kreling Fernando,Brazil,Volleyball,3284
Gil Laura,Spain,Basketball,3285
Gil Melisa,Argentina,Shooting,3286
Gilavert Louis,France,Athletics,3287
Gilbert Callum,New Zealand,Canoe Slalom,3288
Gilbert Jen,Canada,Baseball/Softball,3289
Gilchrist Kaleigh,United States Of America,Water Polo,3290
Giles Chelsie,Great Britain,Judo,3291
Giles Elliot,Great Britain,Athletics,3292
Gill Jacko,New Zealand,Athletics,3293
Gill Shaun,Belize,Athletics,3294
Gillarova Irena,Czech Republic,Athletics,3295
Gille Sander,Belgium,Tennis,3296
Gilles Vanessa,Canada,Football,3297
Gillespie Cravon,United States Of America,Athletics,3298
Gilman Thomas Patrick,United States Of America,Wrestling,3299
Gilmore Stephanie,Australia,Surfing,3300
Gilmour Kirsty,Great Britain,Badminton,3301
Gim Boeun,Republic Of Korea,Handball,3302
Gimson John,Great Britain,Sailing,3303
Gine Patsi Xantal,Spain,Hockey,3304
Gines Lopez Alberto,Spain,Sport Climbing,3305
Giorgi Camila,Italy,Tennis,3306
Giorgi Eleonora Anna,Italy,Athletics,3307
Giovana,Brazil,Football,3308
Girard De Langlade Mpali Adam,Gabon,Swimming,3309
Girard De Langlade Mpali Aya,Gabon,Swimming,3310
Giraud Aurelien ,France,Skateboarding,3311
Girdlestone Cameron,Australia,Rowing,3312
Girev Ivan,Roc,Swimming,3313
Girke Nikola,Canada,Sailing,3314
Girleanu Cosmin-Petre,Romania,Boxing,3315
Girma Lamecha,Ethiopia,Athletics,3316
Girma Tigist,Ethiopia,Athletics,3317
Giron Marcos,United States Of America,Tennis,3318
Girulis Karolis,Lithuania,Shooting,3319
Gischard Benjamin,Switzerland,Artistic Gymnastics,3320
Gittens Tyra,Trinidad And Tobago,Athletics,3321
Giuffrida Odette,Italy,Judo,3322
Giupponi Matteo,Italy,Athletics,3323
Gjakova Akil,Kosovo,Judo,3324
Gkiouvetsis Konstantinos,Greece,Water Polo,3325
Gkolomeev Kristian,Greece,Swimming,3326
Gkountoura Theodora,Greece,Fencing,3327
Gladyshev Ivan,Roc,Cycling Track,3328
Glaetzer Matthew,Australia,Cycling Track,3329
Glas Hanna,Sweden,Football,3330
Glasby Tarryn Christie,South Africa,Hockey,3331
Glasnovic Josip,Croatia,Shooting,3332
Glasser Mitch,Israel,Baseball/Softball,3333
Glatzer Leon,Germany,Surfing,3334
Glazkov Nikita,Roc,Fencing,3335
Glazunow Wiktor,Poland,Canoe Sprint,3336
Gleadle Elizabeth,Canada,Athletics,3337
Glebauskas Adrijus,Lithuania,Athletics,3338
Glenner-Frandsen Astrid,Denmark,Athletics,3339
Glifberg Rune,Denmark,Skateboarding,3340
Glinta Robert,Romania,Swimming,3341
Glover Harry,Great Britain,Rugby Sevens,3342
Glover Helen,Great Britain,Rowing,3343
Glover Thomas,Australia,Football,3344
Glyzina Nadezhda,Roc,Water Polo,3345
Tunjung Gregoria Mariska,Indonesia,Badminton,3346
Gmelin Jeannine,Switzerland,Rowing,3347
Gnaka Silas,Côte D'Ivoire,Football,3348
Gnanasekaran Sathiyan,India,Table Tennis,3349
Go Woosuk,Republic Of Korea,Baseball/Softball,3350
Gobadze Lasha,Georgia,Wrestling,3351
Gobbi Stefania,Italy,Rowing,3352
Gobert Rudy,France,Basketball,3353
Goberville Celine,France,Shooting,3354
Gocen Osman,Turkey,Wrestling,3355
Godbless Tima,Nigeria,Athletics,3356
Godby Madalyn,United States Of America,Cycling Track,3357
Godel Robin,Switzerland,Equestrian,3358
Godfrey Leigh,Australia,Baseball/Softball,3359
Godley Emily Victoria,Great Britain,Weightlifting,3360
Godoy Contreras Anna,Spain,Triathlon,3361
Godwin Elija,United States Of America,Athletics,3362
Gofers Keesja,Australia,Water Polo,3363
Goh Liu Ying,Malaysia,Badminton,3364
Goins Ryan,Mexico,Baseball/Softball,3365
Gola Marlena,Poland,Athletics,3366
Goldie Alanna,Canada,Fencing,3367
Goliadkina Maryna,Roc,Artistic Swimming,3368
Golitin Amaury,France,Athletics,3369
Golla Johannes,Germany,Handball,3370
Golodna Olha,Ukraine,Athletics,3371
Golovina Evgeniia,Roc,Water Polo,3372
Golubev Andrey,Kazakhstan,Tennis,3373
Golubev Valentin,Roc,Volleyball,3374
Golubic Viktorija,Switzerland,Tennis,3375
Gomboc Adrian,Slovenia,Judo,3376
Gomboeva Svetlana,Roc,Archery,3377
Gombos Norbert,Slovakia,Tennis,3378
Gomes Andre,Portugal,Handball,3379
Gomes De Souza Mazzo Lucas,Brazil,Athletics,3380
Gomes Filipe,Malawi,Swimming,3381
Gomez Abello Aleix,Spain,Handball,3382
Gomez Jesus,Spain,Athletics,3383
Gomez Matos Franklin,Puerto Rico,Wrestling,3384
Gomez Marcela Cristina,Argentina,Athletics,3385
Gomez Mineri Kurotori,Guam,Swimming,3386
Gomez Noya Javier,Spain,Triathlon,3387
Gomez Roxana,Cuba,Athletics,3388
Gomez Villafane Sofia,Argentina,Cycling Mountain Bike,3389
Goncalves Oliveira Junior Evandro,Brazil,Beach Volleyball,3390
Goncalves Pedro,Brazil,Canoe Slalom,3391
Goncharova Nataliya,Roc,Volleyball,3392
Gonche Matheus,Brazil,Swimming,3393
Gong Li,People'S Republic Of China,Karate,3394
Gong Lijiao,People'S Republic Of China,Athletics,3395
Gong Xiangyu,People'S Republic Of China,Volleyball,3396
Gonska Nadine,Germany,Athletics,3397
Gonzales Chelsea,Mexico,Baseball/Softball,3398
Gonzalez Adrian,Mexico,Baseball/Softball,3399
Gonzalez Alegna,Mexico,Athletics,3400
Gonzalez De Castejon Enrique,Spain,Hockey,3401
Gonzalez Dufrane Manuel,Mexico,Equestrian,3402
Gonzalez Enrique,Mexico,Equestrian,3403
Gonzalez Fernando,Venezuela,Volleyball,3404
Gonzalez Hugo,Spain,Swimming,3405
Gonzalez Ivan Dario,Colombia,Athletics,3406
Gonzalez Jarquin Evidelia,Nicaragua,Rowing,3407
Gonzalez Jose,Mexico,Baseball/Softball,3408
Gonzalez Luciano,Argentina,Rugby Sevens,3409
Gonzalez Lopez Gaila Ceneida,Dominican Republic,Volleyball,3410
Gonzalez Lopez Irene,Spain,Water Polo,3411
Gonzalez Marina,Spain,Artistic Gymnastics,3412
Gonzalez Melissa,Colombia,Athletics,3413
Gonzalez Michelle,Puerto Rico,Basketball,3414
Gonzalez Ortega Lara,Spain,Handball,3415
Gonzalez Ortiz Luis Jhancarlos,Colombia,Skateboarding,3416
Gonzalez Pedri,Spain,Football,3417
Gonzalez Raquel,Spain,Athletics,3418
Gonzalez Tomas,Chile,Artistic Gymnastics,3419
Goodin Bruce,New Zealand,Equestrian,3420
Goodman Molly,Australia,Rowing,3421
Goranova Ivet,Bulgaria,Karate,3422
Gorbenko Anastasia,Israel,Swimming,3423
Gorbunova Anastasia,Roc,Triathlon,3424
Gordo Salvador,Angola,Swimming,3425
Gordon Jalese,Antigua And Barbuda,Sailing,3426
Gordon Shaul,Canada,Fencing,3427
Goris Diego,Dominican Republic,Baseball/Softball,3428
Gorissen Mieke,Belgium,Athletics,3429
Gorsa Petar,Croatia,Shooting,3430
Gorshkova Polina,Roc,Handball,3431
Gorzelany Agustina,Argentina,Hockey,3432
Gose Anthony,United States Of America,Baseball/Softball,3433
Gose Isabel,Germany,Swimming,3434
Goto Miu,Japan,Baseball/Softball,3435
Gottfridsson Jim,Sweden,Handball,3436
Gouda Maha,Egypt,Diving,3437
Gough Maddy,Australia,Swimming,3438
Gougnard Simon Pierre F,Belgium,Hockey,3439
Goulding Chris,Australia,Basketball,3440
Goule Natoya,Jamaica,Athletics,3441
Govers Blake,Australia,Hockey,3442
Govinden Rodney,Seychelles,Sailing,3443
Govorcinovic Anamaria,Croatia,Canoe Sprint,3444
Gowler Jackie,New Zealand,Rowing,3445
Gowler Kerri,New Zealand,Rowing,3446
Goya Kazuhiro,Japan,Rugby Sevens,3447
Goyard Thomas,France,Sailing,3448
Grabosch Pauline Sophie,Germany,Cycling Track,3449
Grabowski Jasmin,Germany,Judo,3450
Grabowski Lena,Austria,Swimming,3451
Graca Ricardo,Brazil,Football,3452
Gradel Max,Côte D'Ivoire,Football,3453
Grady Michael,United States Of America,Rowing,3454
Grael Marco,Brazil,Sailing,3455
Grael Martine,Brazil,Sailing,3456
Graf Andreas,Austria,Cycling Track,3457
Graf David,Switzerland,Cycling Bmx Racing,3458
Graham Naomi,United States Of America,Boxing,3459
Grainger Susanne,Canada,Rowing,3460
Grajales Crisanto,Mexico,Triathlon,3461
Gramane Rady Adosinda,Mozambique,Boxing,3462
Grambusch Mats Jurgen,Germany,Hockey,3463
Granados Ortega Alvaro,Spain,Water Polo,3464
Granatto Maria Jose,Argentina,Hockey,3465
Granatto Maria Victoria,Argentina,Hockey,3466
Grand Pierre Emilie Faith,Haiti,Swimming,3467
Granda Andy,Cuba,Judo,3468
Granda Roque Angel,Spain,Sailing,3469
Grande Risco Alexandra Vanessa,Peru,Karate,3470
Grangeon De Villele Lara,France,Marathon Swimming,3471
Granitzki Hanna Carina,Germany,Hockey,3472
Grant Charlotte,Australia,Football,3473
Grant Houston Jerami,United States Of America,Basketball,3474
Grant Imogen,Great Britain,Rowing,3475
Granz Caterina,Germany,Athletics,3476
Grassineau Camille,France,Rugby Sevens,3477
Grau Potrille Jorge,Cuba,Shooting,3478
Graudina Tina,Latvia,Beach Volleyball,3479
Grauer Stephanie,Canada,Rowing,3480
Graversgaard Mette,Denmark,Athletics,3481
Gray Allisha,United States Of America,3X3 Basketball,3482
Gray Adeline Maria,United States Of America,Wrestling,3483
Gray Chelsea,United States Of America,Basketball,3484
Gray-Matyas Jordan,United States Of America,Rugby Sevens,3485
Grbic Itana,Montenegro,Handball,3486
Greaux Kyle,Trinidad And Tobago,Athletics,3487
Grebennikov Jenia,France,Volleyball,3488
Green Anna,New Zealand,Football,3489
Green Draymond Jamal,United States Of America,Basketball,3490
Green Gavin,Malaysia,Golf,3491
Green Hannah,Australia,Golf,3492
Green Joshua Benjamin,Australia,Basketball,3493
Green Jake,South Africa,Rowing,3494
Green Thomas,Australia,Canoe Sprint,3495
Greene Cejhae,Antigua And Barbuda,Athletics,3496
Greene Cillin,Ireland,Athletics,3497
Greene Darragh,Ireland,Swimming,3498
Greenshields Julia,Canada,Rugby Sevens,3499
Greenslade Ella,New Zealand,Rowing,3500
Gregorich Hechavarria Daniel,Cuba,Wrestling,3501
Gregorio Rossella,Italy,Fencing,3502
Gregson Genevieve,Australia,Athletics,3503
Grengbo Florian,France,Cycling Track,3504
Gressier Jimmy,France,Athletics,3505
Grethen Charles,Luxembourg,Athletics,3506
Greve Willem,Netherlands,Equestrian,3507
Grez Javiera,Chile,Football,3508
Gribanov Denis,Roc,Sailing,3509
Grice Thomas Derek,Australia,Shooting,3510
Griffith Georgia,Australia,Athletics,3511
Griffiths Christopher,Great Britain,Hockey,3512
Grigalashvili Tato,Georgia,Judo,3513
Grigar Jakub,Slovakia,Canoe Slalom,3514
Grigorjeva Anastasija,Latvia,Wrestling,3515
Grijalva Luis,Guatemala,Athletics,3516
Grimalt Esteban,Chile,Beach Volleyball,3517
Grimalt Marco,Chile,Beach Volleyball,3518
Grimes Isaac,United States Of America,Athletics,3519
Grimes Katie,United States Of America,Swimming,3520
Grimm Vanessa,Germany,Athletics,3521
Grindheim Andre Klippenberg,Norway,Swimming,3522
Griner Brittney,United States Of America,Basketball,3523
Griskenas Evita,United States Of America,Rhythmic Gymnastics,3524
Griskonis Mindaugas,Lithuania,Rowing,3525
Groenen Jackie,Netherlands,Football,3526
Groenewegen Sara,Canada,Baseball/Softball,3527
Grol Henk,Netherlands,Judo,3528
Grondin Donavan,France,Cycling Track,3529
Groom Angus,Great Britain,Rowing,3530
Groot Nycke,Netherlands,Handball,3531
Gros Mathilde,France,Cycling Track,3532
Gross Felix,Germany,Cycling Track,3533
Grosso Julia,Canada,Football,3534
Grosu Eduard-Michael,Romania,Cycling Road,3535
Groth Jonathan,Denmark,Table Tennis,3536
Grousset Maxime,France,Swimming,3537
Grovdal Karoline Bjerkeli,Norway,Athletics,3538
Grozdeva Maria,Bulgaria,Shooting,3539
Grube Chris,Great Britain,Sailing,3540
Gruchalla-Wesierski Kasia,Canada,Rowing,3541
Gruda Sandrine,France,Basketball,3542
Gruhn Rebecca,Germany,Cycling Bmx Freestyle,3543
Gruhne Hans,Germany,Rowing,3544
Gruver Olivia,United States Of America,Athletics,3545
Gruzdev Dmitriy,Kazakhstan,Cycling Road,3546
Grzegorzewicz Patryk,Poland,Athletics,3547
Gu Bingfeng,People'S Republic Of China,Hockey,3548
Gu Bongil,Republic Of Korea,Fencing,3549
Gu Hong,People'S Republic Of China,Boxing,3550
Gu Yaoyao,People'S Republic Of China,Rugby Sevens,3551
Guan Chenchen,People'S Republic Of China,Artistic Gymnastics,3552
Guaragna Rigonat Francisco,Argentina,Sailing,3553
Guardiola Villaplana Gedeon,Spain,Handball,3554
Guarieiro Giulia,Brazil,Handball,3555
Guazzini Vittoria,Italy,Cycling Track,3556
Guba Paulina,Poland,Athletics,3557
Gubaydullina Gulnaz,Roc,Modern Pentathlon,3558
Gudnason Gudni Valur,Iceland,Athletics,3559
Gudzius Andrius,Lithuania,Athletics,3560
Guei Floria,France,Athletics,3561
Guem Abraham,South Sudan,Athletics,3562
Guennichi Amine,Tunisia,Wrestling,3563
Guerdat Steve,Switzerland,Equestrian,3564
Guerin Lina,France,Rugby Sevens,3565
Guerra Javier,Spain,Athletics,3566
Guerra Leydi,Peru,Athletics,3567
Guerrero Carla,Chile,Football,3568
Guerrero Esther,Spain,Athletics,3569
Guerrero Ilse,Mexico,Athletics,3570
Guery Jerome,Belgium,Equestrian,3571
Guezguez Eya,Tunisia,Sailing,3572
Guezguez Sarra,Tunisia,Sailing,3573
Guglia Annie,Canada,Skateboarding,3574
Guiagon Parfait,Côte D'Ivoire,Football,3575
Guialo Isabel,Angola,Handball,3576
Guica Ecaterina,Canada,Judo,3577
Guido Guilherme,Brazil,Swimming,3578
Guigou Michael,France,Handball,3579
Guimaraes Bruno,Brazil,Football,3580
Guipe Jose,Venezuela,Rowing,3581
Guise-Brown Matthew,South Africa,Hockey,3582
Guity Alex,Honduras,Football,3583
Gulelauri Lasha,Georgia,Athletics,3584
Gulich Andrin,Switzerland,Rowing,3585
Guliyev Ramil,Turkey,Athletics,3586
Gullerud Magnus,Norway,Handball,3587
Gulliksen Geir,Norway,Equestrian,3588
Gulliksen Kevin,Norway,Handball,3589
Gullstrand Emma,Sweden,Diving,3590
Gunes Viktoria,Turkey,Swimming,3591
Gunes Zehra,Turkey,Volleyball,3592
Gunson Ella,New Zealand,Hockey,3593
Guo Jessica Zi Jia,Canada,Fencing,3594
Guo Li,People'S Republic Of China,Artistic Swimming,3595
Guo Linlin,People'S Republic Of China,Rowing,3596
Guo Qiqi,People'S Republic Of China,Rhythmic Gymnastics,3597
Guo Yiqi,People'S Republic Of China,Fencing,3598
Guo Yufang,People'S Republic Of China,Cycling Track,3599
Guraliuk Brendan,Canada,Hockey,3600
Gurbanli Aisha,Azerbaijan,Judo,3601
Gurbindo Martinez Eduardo,Spain,Handball,3602
Guregian Katelin,United States Of America,Rowing,3603
Gures Umit Can,Turkey,Swimming,3604
Gurisatti Greta,Hungary,Water Polo,3605
Gurley Lydia,Ireland,Cycling Track,3606
Guryeva Polina,Turkmenistan,Weightlifting,3607
Gusev Oleg,Roc,Canoe Sprint,3608
Gustaitis Abby,United States Of America,Rugby Sevens,3609
Gustin Ronan,France,Fencing,3610
Gutierrez Bermejo Jennifer Maria,Spain,Handball,3611
Gutkowski Lukasz,Poland,Modern Pentathlon,3612
Guttormsen Sondre,Norway,Athletics,3613
Guy James,Great Britain,Swimming,3614
Guyart Astrid,France,Fencing,3615
Guyot Sarah,France,Canoe Sprint,3616
Guzel Ecem,Turkey,Sailing,3617
Guzman Jeison,Dominican Republic,Baseball/Softball,3618
Guzman Lucas Lautaro,Argentina,Taekwondo,3619
Guzman Lopez Yusneylis,Cuba,Wrestling,3620
Guzowska Paulina,Poland,Athletics,3621
Gwak Donghan,Republic Of Korea,Judo,3622
Gwathmey Jazmon,Puerto Rico,Basketball,3623
Gyongyossy Aniko,Hungary,Water Polo,3624
Gyuratz Reka,Hungary,Athletics,3625
Gyurta Gergely,Hungary,Swimming,3626
Ha Jeemin,Republic Of Korea,Sailing,3627
Haas Townley,United States Of America,Swimming,3628
Habesohn Daniel,Austria,Table Tennis,3629
Habib Mahdi,Bahrain,Handball,3630
Habif Thomas Ezequiel,Argentina,Hockey,3631
Habz Azeddine,France,Athletics,3632
Hachimura Rui,Japan,Basketball,3633
Hack Austin,United States Of America,Rowing,3634
Hackbarth Rudolph,Brazil,Handball,3635
Hackett Semoy,Trinidad And Tobago,Athletics,3636
Hadadi Ehsan,Islamic Republic Of Iran,Athletics,3637
Haddad Henrique,Brazil,Sailing,3638
Haddadi Hamed,Islamic Republic Of Iran,Basketball,3639
Haddioui Maha,Morocco,Golf,3640
Hadid Noureddine,Lebanon,Athletics,3641
Hadipour Seighalani Armin,Islamic Republic Of Iran,Taekwondo,3642
Hadzic Alen,United States Of America,Fencing,3643
Haecker Katharina,Australia,Judo,3644
Haefner Kai,Germany,Handball,3645
Haegstad Erik,Norway,Cycling Mountain Bike,3646
Haemmerle Elisa,Austria,Artistic Gymnastics,3647
Hafizov Ildar,United States Of America,Wrestling,3648
Hafnaoui Ahmed,Tunisia,Swimming,3649
Hafra Noemi,Hungary,Handball,3650
Hagino Kosuke,Japan,Swimming,3651
Hagitani Kaede,Japan,Athletics,3652
Hagman Nathalie,Sweden,Handball,3653
Haidukevich Hanna,Belarus,Rhythmic Gymnastics,3654
Haileselassie Yemane,Eritrea,Athletics,3655
Hailu Lemlem,Ethiopia,Athletics,3656
Haimy Shlomi,Israel,Cycling Mountain Bike,3657
Hains Nikita,Australia,Diving,3658
Hajdari Musa,Kosovo,Athletics,3659
Hake Jule,Germany,Canoe Sprint,3660
Hakizimana John,Rwanda,Athletics,3661
Halasz Bence,Hungary,Athletics,3662
Hall Farrah,United States Of America,Sailing,3663
Hall James,Great Britain,Artistic Gymnastics,3664
Hall James,United States Of America,Shooting,3665
Hall Linden,Australia,Athletics,3666
Hallendorff Amica,South Africa,Water Polo,3667
Halligan Bronte,Australia,Water Polo,3668
Hallock Ben,United States Of America,Water Polo,3669
Ham Eunji,Republic Of Korea,Weightlifting,3670
Hamad Sulaiman,Saudi Arabia,Judo,3671
Hamada Mayu,Japan,Taekwondo,3672
Hamada Mohammed K H,Palestine,Weightlifting,3673
Hamada Shori,Japan,Judo,3674
Hamadi Fadane,Comoros,Athletics,3675
Hamadouche Maiva,France,Boxing,3676
Hamcho Ahmad Saber,Syrian Arab Republic,Equestrian,3677
Hamdi Sarra,Tunisia,Wrestling,3678
Hamdy Ammar,Egypt,Football,3679
Hamdy Mostafa,Egypt,Shooting,3680
Hamed Ahmed,Egypt,Modern Pentathlon,3681
Hamedi Tareg,Saudi Arabia,Karate,3682
Hamilton Lucas,Australia,Cycling Road,3683
Hammed Mohamed,Tunisia,Archery,3684
Hammerling Frieda,Germany,Rowing,3685
Hamout Mohamed,Morocco,Boxing,3686
Hamza Malak,Egypt,Trampoline Gymnastics,3687
Hamza Mohamed,Egypt,Fencing,3688
Hamza Mohamed Magdi,Egypt,Athletics,3689
Hamza Samar Amer Ibrahim,Egypt,Wrestling,3690
Han Daeyoon,Republic Of Korea,Shooting,3691
Han Dakyung,Republic Of Korea,Swimming,3692
Han Eomji,Republic Of Korea,Basketball,3693
Han Heeju,Republic Of Korea,Judo,3694
Han Hyunhee,Republic Of Korea,Baseball/Softball,3695
Han Kun Kyu,Republic Of Korea,Rugby Sevens,3696
Han Mijin,Republic Of Korea,Judo,3697
Han Myeongmok,Republic Of Korea,Weightlifting,3698
Han Xu,People'S Republic Of China,Basketball,3699
Han Ying,Germany,Table Tennis,3700
Hancharou Uladzislau,Belarus,Trampoline Gymnastics,3701
Hancock Micha,United States Of America,Volleyball,3702
Hancock Tracy Gangelo,United States Of America,Wrestling,3703
Hancock Vincent,United States Of America,Shooting,3704
Haner Martin Dominik,Germany,Hockey,3705
Hanffou Sarah,Cameroon,Table Tennis,3706
Hanna Mary,Australia,Equestrian,3707
Hano Kazushi,Japan,Rugby Sevens,3708
Hansen Joachim B,Denmark,Golf,3709
Hansen Jesper,Denmark,Shooting,3710
Hansen Jessica,Australia,Swimming,3711
Hansen Johan,Denmark,Handball,3712
Hansen Lasse Norman,Denmark,Cycling Track,3713
Hansen Mikkel,Denmark,Handball,3714
Hansen Simon,Denmark,Athletics,3715
Hanson Elliot,Great Britain,Sailing,3716
Hanson Robin,Sweden,Swimming,3717
Hansson Elin,Sweden,Handball,3718
Hansson Louise,Sweden,Swimming,3719
Hansson Sophie,Sweden,Swimming,3720
Hany Noha,Egypt,Fencing,3721
Hany Doha,Egypt,Badminton,3722
Hao Ting,People'S Republic Of China,Rhythmic Gymnastics,3723
Hara Nozomi,Japan,Handball,3724
Hara Wakaba,Japan,Rugby Sevens,3725
Harada Kai,Japan,Sport Climbing,3726
Harada Nodoka,Japan,Baseball/Softball,3727
Harai Balazs,Hungary,Water Polo,3728
Haralabidis Stephanie,United States Of America,Water Polo,3729
Harasawa Hisayoshi,Japan,Judo,3730
Haratyk Michal,Poland,Athletics,3731
Hardy Sam,Australia,Rowing,3732
Hare Nicole,Canada,Rowing,3733
Hargreaves Jack,Australia,Rowing,3734
Hari Kristoffer,Denmark,Athletics,3735
Harimoto Tenketsu,Japan,Basketball,3736
Harimoto Tomokazu,Japan,Table Tennis,3737
Harkin Abbey,Australia,Swimming,3738
Harmsen Joris,Netherlands,Cycling Bmx Racing,3739
Harnasko Alina,Belarus,Rhythmic Gymnastics,3740
Harrington Kellie Anne,Ireland,Boxing,3741
Harris Ben,Great Britain,Rugby Sevens,3742
Harris Frederick,Sierra Leone,Judo,3743
Harris Isaiah,United States Of America,Athletics,3744
Harris Jonah,Nauru,Athletics,3745
Harris Meg,Australia,Swimming,3746
Harrison Eric,Trinidad And Tobago,Athletics,3747
Harrison Juvaughn,United States Of America,Athletics,3748
Harrison Kendra,United States Of America,Athletics,3749
Harrison Nevin,United States Of America,Canoe Sprint,3750
Harrity John,United States Of America,Rowing,3751
Harshman Kelsey,Canada,Baseball/Softball,3752
Harspataki Karoly Gabor,Hungary,Karate,3753
Hart Nathan,Australia,Cycling Track,3754
Harting Christoph,Germany,Athletics,3755
Harting Zach,United States Of America,Swimming,3756
Hartkopf Lourdes,Argentina,Sailing,3757
Hartmann Joshua,Germany,Athletics,3758
Hartung Max,Germany,Fencing,3759
Harutyunyan Arsen,Armenia,Wrestling,3760
Harvey Eleanor,Canada,Fencing,3761
Hasegawa Suzuka,Japan,Swimming,3762
Hasegawa Yui,Japan,Football,3763
Hashemi Ali,Islamic Republic Of Iran,Weightlifting,3764
Hashida Maiko,Japan,Water Polo,3765
Hashimoto Daiki,Japan,Artistic Gymnastics,3766
Hashimoto Eiya,Japan,Cycling Track,3767
Hashioka Daiki,Japan,Football,3768
Hashioka Yuki,Japan,Athletics,3769
Hassan Ali Idow,Somalia,Athletics,3770
Hassan Abdirahman Saeed,Qatar,Athletics,3771
Hassan Mostafa Amr,Egypt,Athletics,3772
Hassan Mohamed,Egypt,Fencing,3773
Hassan Sifan,Netherlands,Athletics,3774
Hassani Maryam,Bahrain,Shooting,3775
Hassanzadeh Mohammad,Islamic Republic Of Iran,Basketball,3776
Hassett Betsy,New Zealand,Football,3777
Hassler Julia,Liechtenstein,Swimming,3778
Hassouna Audai Rushdi Hamed,Libya,Swimming,3779
Hatakeda Hitomi,Japan,Artistic Gymnastics,3780
Hataoka Nasa,Japan,Golf,3781
Hatate Reo,Japan,Football,3782
Hatayama Eri,Japan,Sailing,3783
Hatherly Alan,South Africa,Cycling Mountain Bike,3784
Hatton Teneale,New Zealand,Canoe Sprint,3785
Hattori Yuma,Japan,Athletics,3786
Haugh Daniel,United States Of America,Athletics,3787
Haughey Siobhan Bernadette,"Hong Kong, China",Swimming,3788
Hauke Franzisca,Germany,Hockey,3789
Hauke Tobias Constantin,Germany,Hockey,3790
Haukenes Havard,Norway,Athletics,3791
Hauschild Paige,United States Of America,Water Polo,3792
Hausding Patrick,Germany,Diving,3793
Hauser Julia,Austria,Triathlon,3794
Hauser Matthew,Australia,Triathlon,3795
Havik Yoeri,Netherlands,Cycling Road,3796
Havik Yoeri,Netherlands,Cycling Track,3797
Havryliuk Mykhailo,Ukraine,Athletics,3798
Havyarimana Ornella,Burundi,Boxing,3799
Hawkins Callum,Great Britain,Athletics,3800
Hawkshaw Sarah,Ireland,Hockey,3801
Hawthorn Natalia,Canada,Athletics,3802
Hay Hugo,France,Athletics,3803
Hayakawa Ren,Japan,Archery,3804
Hayashi Daichi,Japan,Football,3805
Hayashi Honoka,Japan,Football,3806
Hayashi Kotona,Japan,Volleyball,3807
Hayashi Saki,Japan,Basketball,3808
Hayashi Shingo,Japan,Equestrian,3809
Hayashi Taisei,Japan,Rugby Sevens,3810
Hayden Brent,Canada,Swimming,3811
Hayes Carolyn,Ireland,Triathlon,3812
Hayes Demi,Australia,Rugby Sevens,3813
Hayes Greta,Australia,Hockey,3814
Hayes Quanera,United States Of America,Athletics,3815
Hayter Ethan,Great Britain,Cycling Track,3816
Hayward Jeremy Thomas,Australia,Hockey,3817
Hayward Katie,Australia,Athletics,3818
Hayward Victoria,Canada,Baseball/Softball,3819
Hazin Jeremy,Canada,Table Tennis,3820
He Bing Jiao,People'S Republic Of China,Badminton,3821
He Junyi,People'S Republic Of China,Swimming,3822
He Zhengyang,People'S Republic Of China,Shooting,3823
Heading Aaron,Great Britain,Shooting,3824
Healy Phil,Ireland,Athletics,3825
Healy Sarah,Ireland,Athletics,3826
Heath Liam,Great Britain,Canoe Sprint,3827
Heath Tobin,United States Of America,Football,3828
Heatly James,Great Britain,Diving,3829
Heavirland Nicole,United States Of America,Rugby Sevens,3830
Hechavarria Zurian,Cuba,Athletics,3831
Hecker Tim,Germany,Canoe Sprint,3832
Hedgeland Jaz,Australia,Triathlon,3833
Heduit Carolann,France,Artistic Gymnastics,3834
Hedwig Grzegorz,Poland,Canoe Slalom,3835
Heemskerk Femke,Netherlands,Swimming,3836
Heering Charlotte,Denmark,Equestrian,3837
Hegarty Kirsty,Great Britain,Shooting,3838
Hegazy Ahmed,Egypt,Football,3839
Hegg Jon-Hermann,Norway,Shooting,3840
Heggemsnes Sofus,Norway,Artistic Gymnastics,3841
Heghes Madalina,Romania,Rowing,3842
Hegyi Stephan,Austria,Judo,3843
Hegyvary Adrian,United States Of America,Cycling Track,3844
Heidrich Adrian,Switzerland,Beach Volleyball,3845
Heidrich Joana,Switzerland,Beach Volleyball,3846
Heidtmann Jacob,Germany,Swimming,3847
Heil Erik,Germany,Sailing,3848
Heimberg Michelle,Switzerland,Diving,3849
Heiner Nicholas,Netherlands,Sailing,3850
Heinle Fabian,Germany,Athletics,3851
Heintz Philip,Germany,Swimming,3852
Heinz Pauline,Germany,Hockey,3853
Heinzer Max,Switzerland,Fencing,3854
Hejnova Zuzana,Czech Republic,Athletics,3855
Helal Rayan,France,Cycling Track,3856
Helcelet Adam Sebastian,Czech Republic,Athletics,3857
Helebrandt Mate,Hungary,Athletics,3858
Helmy Yousra,Egypt,Table Tennis,3859
Helseth Martin,Norway,Rowing,3860
Helvig Jan Oscar Stabe,Norway,Rowing,3861
Hem Puch,Cambodia,Swimming,3862
Hemida Bassant,Egypt,Athletics,3863
Hemp Lauren,Great Britain,Football,3864
Henckels Jeff,Luxembourg,Archery,3865
Hendawy Karim,Egypt,Handball,3866
Henderson Brooke,Canada,Golf,3867
Henderson Rebecca,Australia,Athletics,3868
Hendrickx Alexander Robby P,Belgium,Hockey,3869
Hendrix Robin,Belgium,Athletics,3870
Henique Melanie,France,Swimming,3871
Hennessy Brisa,Costa Rica,Surfing,3872
Henrichs Benjamin,Germany,Football,3873
Henriksen Eivind,Norway,Athletics,3874
Hentke Franziska,Germany,Swimming,3875
Heo Kwanghee,Republic Of Korea,Badminton,3876
Herbert Pierre-Hugues,France,Tennis,3877
Herder Philipp,Germany,Artistic Gymnastics,3878
Heredia Vives Aleix,Spain,Modern Pentathlon,3879
Herey Anatolii,Ukraine,Fencing,3880
Herin Avila Laura,Cuba,Wrestling,3881
Hering Christina,Germany,Athletics,3882
Hering-Pradler Sabrina,Germany,Canoe Sprint,3883
Herman Elvira,Belarus,Athletics,3884
Hermannova Barbora,Czech Republic,Beach Volleyball,3885
Hernandez Angel,Colombia,Trampoline Gymnastics,3886
Hernandez Encarnacion Moises,Dominican Republic,Taekwondo,3887
Hernandez Garcia Miguelina,Dominican Republic,Boxing,3888
Hernandez Hailey,United States Of America,Diving,3889
Hernandez Monzon Dolores,Mexico,Diving,3890
Hernandez Serrador Ainhoa,Spain,Handball,3891
Hernangomez Geuer Willy,Spain,Basketball,3892
Hernangomez Juancho,Spain,Basketball,3893
Heroui Salim,Algeria,Fencing,3894
Herrem Camilla,Norway,Handball,3895
Herrera Abreu Johanelis,Italy,Athletics,3896
Herrera Arnoldo,Costa Rica,Swimming,3897
Herrera Allepuz Pablo,Spain,Beach Volleyball,3898
Herrera Marcelo,Argentina,Football,3899
Herrera Rodriguez Candelaria Lucia,Argentina,Volleyball,3900
Hershko Raz,Israel,Judo,3901
Herttrich Isabel,Germany,Badminton,3902
Hertzberger Jeroen,Netherlands,Hockey,3903
Herzbruch Timm Alexander,Germany,Hockey,3904
Herzog Andrea,Germany,Canoe Slalom,3905
Herzog Peter,Austria,Athletics,3906
Hess Max,Germany,Athletics,3907
Hesselbjerg Ole,Denmark,Athletics,3908
Hester Carl,Great Britain,Equestrian,3909
Hethat Yassine,Algeria,Athletics,3910
Heurtault Leila,France,Karate,3911
Heurtel Thomas,France,Basketball,3912
Heyward Jake,Great Britain,Athletics,3913
Hibino Nao,Japan,Tennis,3914
Hickey Samuel,Mexico,Baseball/Softball,3915
Hickling Tissanna,Jamaica,Athletics,3916
Hicks Joshua,Australia,Rowing,3917
Hicks Malcolm,New Zealand,Athletics,3918
Hicks Michael,Poland,3X3 Basketball,3919
Hiejima Makoto,Japan,Basketball,3920
Hiekal Hanna,Egypt,Artistic Swimming,3921
Higashino Arisa,Japan,Badminton,3922
Higgo Garrick,South Africa,Golf,3923
Higuita Garcia Sergio Andres,Colombia,Cycling Road,3924
Hikosaka Masakatsu,Japan,Rugby Sevens,3925
Hilbert Jonathan,Germany,Athletics,3926
Hildebrandt Sarah Ann,United States Of America,Wrestling,3927
Hill Alexander,Australia,Rowing,3928
Hill Amber,Great Britain,Shooting,3929
Hill Danielle,Ireland,Swimming,3930
Hill Darrell,United States Of America,Athletics,3931
Hill Kimberly,United States Of America,Volleyball,3932
Hindes Philip,Great Britain,Cycling Track,3933
Hindi Abdulbasit,Saudi Arabia,Football,3934
Hinds Natalie,United States Of America,Swimming,3935
Hinds Tia,Australia,Rugby Sevens,3936
Hinkati Privel,Benin,Rowing,3937
Hinze Emma,Germany,Cycling Track,3938
Hiraiwa Yuna,Japan,Artistic Gymnastics,3939
Hiraki Kokona,Japan,Skateboarding,3940
Hirano Ayumu,Japan,Skateboarding,3941
Hirano Miu,Japan,Table Tennis,3942
Hirano Yume,Japan,Rugby Sevens,3943
Hirao Chika,Japan,Football,3944
Hirata Shiori,Japan,Shooting,3945
Hirayama Nathan,Canada,Rugby Sevens,3946
Hirini Sarah,New Zealand,Rugby Sevens,3947
Hironaka Ririka,Japan,Athletics,3948
Hirota Sayaka,Japan,Badminton,3949
Hirotsu Haruka,Japan,Rugby Sevens,3950
Hirschi Marc,Switzerland,Cycling Road,3951
Hixon Michael,United States Of America,Diving,3952
Hladiychuk Yana,Ukraine,Athletics,3953
Hlavac Vit,Czech Republic,Athletics,3954
Hlimi Ep Moulahi Khouloud,Tunisia,Boxing,3955
Hmam Adam,Tunisia,Table Tennis,3956
Hmissi Saddem,Tunisia,Volleyball,3957
Ho Alessandra,Australia,Artistic Swimming,3958
Ho Ian Yentou,"Hong Kong, China",Swimming,3959
Ho Kwan Kit,"Hong Kong, China",Table Tennis,3960
Ho Nam Wai Tinky,"Hong Kong, China",Swimming,3961
Ho Thomas Heffernan,"Hong Kong, China",Equestrian,3962
Ho Tin-Tin,Great Britain,Table Tennis,3963
Ho-Garcia Gabriel Wing-Chuen,Canada,Hockey,3964
Ho-Shue Jason,Canada,Badminton,3965
Hoag Nicholas,Canada,Volleyball,3966
Hoang Thi Duyen,Vietnam,Weightlifting,3967
Hoang Xuan Vinh,Vietnam,Shooting,3968
Hoare Oliver,Australia,Athletics,3969
Hobbs Aleia,United States Of America,Athletics,3970
Hocaoglu Akyol Meltem,Turkey,Karate,3971
Hocker Cole,United States Of America,Athletics,3972
Hockin Benjamin,Paraguay,Swimming,3973
Hodel Andrina,Switzerland,Athletics,3974
Hodges Chelsea,Australia,Swimming,3975
Hodges Jessie,New Zealand,Cycling Track,3976
Hodgkins Byrne Charlotte,Great Britain,Rowing,3977
Hodgkins Byrne Mathilda,Great Britain,Rowing,3978
Hodgkinson Keely,Great Britain,Athletics,3979
Hoefler Kelvin,Brazil,Skateboarding,3980
Hoejgaard Rasmus,Denmark,Golf,3981
Hoelgaard Markus,Norway,Cycling Road,3982
Hoesch Adrian,American Samoa,Sailing,3983
Hofbauer Trevor,Canada,Athletics,3984
Hoff Max,Germany,Canoe Sprint,3985
Hoffman Leigh,Australia,Cycling Track,3986
Hoffmann Lore,Switzerland,Athletics,3987
Hofmann Andreas,Germany,Athletics,3988
Hogerwerf Ellen,Netherlands,Rowing,3989
Hokazono Jumpei,Japan,Sailing,3990
Holasova Aneta,Czech Republic,Artistic Gymnastics,3991
Holbura Maria,Romania,Artistic Gymnastics,3992
Holden Lizzy,Ireland,Hockey,3993
Holiday Jrue,United States Of America,Basketball,3994
Holland Drew,United States Of America,Water Polo,3995
Holland Vicky,Great Britain,Triathlon,3996
Hollard Tristan,Australia,Swimming,3997
Hollaus Lukas,Austria,Triathlon,3998
Holloway Grant,United States Of America,Athletics,3999
Holm Jacob,Denmark,Handball,4000
Holmer Erik,Sweden,Canoe Slalom,4001
Holmes Jordan,Australia,Football,4002
Holmes Katharine,United States Of America,Fencing,4003
Holstein Heike,Ireland,Equestrian,4004
Holt Maxwell,United States Of America,Volleyball,4005
Holterman Jill,Netherlands,Athletics,4006
Holub Tamila,Portugal,Swimming,4007
Holub-Kowalik Malgorzata,Poland,Athletics,4008
Homer Daryl,United States Of America,Fencing,4009
Homrani Ep Zayani Mariem,Tunisia,Boxing,4010
Honda Tomoru,Japan,Swimming,4011
Honderich Rachel,Canada,Badminton,4012
Hoogland Jeffrey,Netherlands,Cycling Track,4013
Hooper Gloria,Italy,Athletics,4014
Hooper Johnny,United States Of America,Water Polo,4015
Hoover Gavin,United States Of America,Cycling Track,4016
Hope Lucy,Great Britain,Swimming,4017
Hopink Lisa,Germany,Swimming,4018
Hopkin Anna,Great Britain,Swimming,4019
Hopkins Yolanda,Portugal,Surfing,4020
Hoppel Bryce,United States Of America,Athletics,4021
Horackova Marie,Czech Republic,Archery,4022
Horan Foster,Ireland,Rugby Sevens,4023
Horan Lindsey,United States Of America,Football,4024
Horanyi Dora,Hungary,Canoe Sprint,4025
Horigome Yuto,Japan,Skateboarding,4026
Horimizu Kojiro,Japan,Shooting,4027
Horn Matilda,Great Britain,Rowing,4028
Horn Stefanie,Italy,Canoe Slalom,4029
Horne Jonathan,Germany,Karate,4030
Horne Keenan Craig,South Africa,Hockey,4031
Horodyskyy Bohdan-Ivan,Ukraine,Athletics,4032
Horrego Julio,Honduras,Swimming,4033
Horska Kristyna,Czech Republic,Swimming,4034
Horta Acevedo Julian Stiven,Colombia,Wrestling,4035
Horta Fanny,France,Rugby Sevens,4036
Horta Pombo Caetano,Spain,Rowing,4037
Horton Genevieve,Australia,Rowing,4038
Horton Kohl,Cook Islands,Canoe Sprint,4039
Horuna Stanislav,Ukraine,Karate,4040
Horvat Anita,Slovenia,Athletics,4041
Hoshi Kimika,Japan,Hockey,4042
Hoshino Rikuya,Japan,Golf,4043
Hoskin Alicia,New Zealand,Canoe Sprint,4044
Hosnyanszky Norbert,Hungary,Water Polo,4045
Hosny,Egypt,Badminton,4046
Hosseini Mirhashem,Islamic Republic Of Iran,Taekwondo,4047
Hosseinkhani Mostafa,Islamic Republic Of Iran,Wrestling,4048
Hosszu Katinka,Hungary,Swimming,4049
Hostens Manon,France,Canoe Sprint,4050
Hou Zhihui,People'S Republic Of China,Weightlifting,4051
Hough Nicholas,Australia,Athletics,4052
Houghton Steph,Great Britain,Football,4053
Houle Hugo,Canada,Cycling Road,4054
Houlie Michael,South Africa,Swimming,4055
Houmri Mohammed,Algeria,Boxing,4056
Hourtou Marlyse,Chad,Archery,4057
Housheer Dione,Netherlands,Handball,4058
Houssein Aden-Alexandre,Djibouti,Judo,4059
Houtzager Marc,Netherlands,Equestrian,4060
Hovland Viktor,Norway,Golf,4061
Howard Andrea,Italy,Baseball/Softball,4062
Howard Leigh,Australia,Cycling Track,4063
Howard Tim,Australia,Hockey,4064
Howden Rhys,Australia,Water Polo,4065
Hoy Andrew,Australia,Equestrian,4066
Hoyle Jacob,United States Of America,Fencing,4067
Hrasnova Martina,Slovakia,Athletics,4068
Hrckulak David,Czech Republic,Shooting,4069
Hristov Hristo Dimitrov,Bulgaria,Weightlifting,4070
Hristova Mimi Nikolova,Bulgaria,Wrestling,4071
Hrochova Tereza,Czech Republic,Athletics,4072
Hrovat Gregor,Slovenia,Basketball,4073
Hrushyna Alina,Ukraine,Wrestling,4074
Hrysanthos Anthony,Australia,Water Polo,4075
Hsieh Hsi-En,Chinese Taipei,Athletics,4076
Hsieh Kaylin Sin Yan,"Hong Kong, China",Fencing,4077
Hsieh Yu-Chieh,Chinese Taipei,Tennis,4078
Hsieh Yun-Ting,Chinese Taipei,Weightlifting,4079
Hsu Chieh-Yu,Chinese Taipei,Tennis,4080
Hsu Wei-Ling,Chinese Taipei,Golf,4081
Hu Heming,Australia,Table Tennis,4082
Hu Jianguan,People'S Republic Of China,Boxing,4083
Hu Jinqiu,People'S Republic Of China,3X3 Basketball,4084
Hua Tian Alex,People'S Republic Of China,Equestrian,4085
Huang Bokai,People'S Republic Of China,Athletics,4086
Huang Changzhou,People'S Republic Of China,Athletics,4087
Huang Dong Ping,People'S Republic Of China,Badminton,4088
Huang Guifen,People'S Republic Of China,Athletics,4089
Huang Hsiao-Wen,Chinese Taipei,Boxing,4090
Huang Jieyi,People'S Republic Of China,Canoe Sprint,4091
Huang Kaifeng,People'S Republic Of China,Rowing,4092
Huang Mei-Chien,Chinese Taipei,Swimming,4093
Huang Mengkai,People'S Republic Of China,Fencing,4094
Huang Shih-Feng,Chinese Taipei,Athletics,4095
Huang Sijing,People'S Republic Of China,Basketball,4096
Huang Xuechen,People'S Republic Of China,Artistic Swimming,4097
Huang Ya Qiong,People'S Republic Of China,Badminton,4098
Huang Yu-Jen,Chinese Taipei,Taekwondo,4099
Huang Yi-Ting,Chinese Taipei,Rowing,4100
Huang Zhangjiayang,People'S Republic Of China,Rhythmic Gymnastics,4101
Hubbard Kendra,Australia,Athletics,4102
Hubbard Laurel,New Zealand,Weightlifting,4103
Hubert Etienne,France,Canoe Sprint,4104
Huc Ciprian,Romania,Rowing,4105
Huck Erin,United States Of America,Cycling Mountain Bike,4106
Huddleston David,Bulgaria,Artistic Gymnastics,4107
Hudson Harriet,Australia,Rowing,4108
Hudson Victoria,Austria,Athletics,4109
Hudson-Smith Matthew,Great Britain,Athletics,4110
Huebers Richard,Germany,Fencing,4111
Hughes David,United States Of America,Sailing,4112
Hughes Gareth,Great Britain,Equestrian,4113
Hughes Mackenzie,Canada,Golf,4114
Hughes Madison,United States Of America,Rugby Sevens,4115
Hughes Matthew,Canada,Athletics,4116
Hughes Zharnel,Great Britain,Athletics,4117
Huitema Jordyn,Canada,Football,4118
Huklek Ivan,Croatia,Wrestling,4119
Hulkko Ida,Finland,Swimming,4120
Hull Jessica,Australia,Athletics,4121
Hull Megan,New Zealand,Hockey,4122
Humbert Ugo,France,Tennis,4123
Hummatova Zeynab,Azerbaijan,Rhythmic Gymnastics,4124
Humwa Herman,Kenya,Rugby Sevens,4125
Hunbin Oleksii,Ukraine,Archery,4126
Hundahl Michael Valgren,Denmark,Cycling Road,4127
Hung Wing Yan Winne,"Hong Kong, China",Rowing,4128
Hung Yuan-Hsi,Chinese Taipei,Artistic Gymnastics,4129
Hunt Natasha,Great Britain,Rugby Sevens,4130
Hunter Charlie,Australia,Athletics,4131
Hunter Erin,South Africa,Hockey,4132
Huntington Maria,Finland,Athletics,4133
Hur Kyoungmin,Republic Of Korea,Baseball/Softball,4134
Hurkacz Hubert,Poland,Tennis,4135
Hurkmans Maarten,Netherlands,Rowing,4136
Hurlburt-Yu Joshua,Canada,Badminton,4137
Hurley Courtney,United States Of America,Fencing,4138
Hurley Kelley,United States Of America,Fencing,4139
Hurske Reetta,Finland,Athletics,4140
Hurtado David,Ecuador,Athletics,4141
Huse Viktoria,Germany,Hockey,4142
Huseynov Karamat,Azerbaijan,Judo,4143
Huseynov Rafig,Azerbaijan,Wrestling,4144
Hushtyn Aliaksandr,Belarus,Wrestling,4145
Husic Nedzad,Bosnia And Herzegovina,Taekwondo,4146
Husillos Oscar,Spain,Athletics,4147
Huske Torri,United States Of America,Swimming,4148
Hussein Danah,Iraq,Athletics,4149
Hussein Kariem,Switzerland,Athletics,4150
Hussen Amr Reda Ramadan,Egypt,Wrestling,4151
Hussl David,Austria,Sailing,4152
Hussong Christin,Germany,Athletics,4153
Huston Nyjah,United States Of America,Skateboarding,4154
Huston Patrick,Great Britain,Archery,4155
Hutchison Henry,Australia,Rugby Sevens,4156
Hvas Tomoe,Norway,Swimming,4157
Hwang Jaegyun,Republic Of Korea,Baseball/Softball,4158
Hwang Sunwoo,Republic Of Korea,Swimming,4159
Hwang Uijo,Republic Of Korea,Football,4160
Hyland Brendan,Ireland,Swimming,4161
Hyland Sierra,Mexico,Baseball/Softball,4162
Hym Charlotte,France,Skateboarding,4163
Hyman Kemar,Cayman Islands,Athletics,4164
Hymer Stacey,Australia,Taekwondo,4165
Hynne Hedda,Norway,Athletics,4166
Iakovidis Theodoros,Greece,Weightlifting,4167
Iakovlev Ivan,Roc,Volleyball,4168
Iakovleva Lidiia,Australia,Rhythmic Gymnastics,4169
Ianchuk Dmytro,Ukraine,Canoe Sprint,4170
Iashaish Hussein Eishaish Hussein,Jordan,Boxing,4171
Ibarguen Caterine,Colombia,Athletics,4172
Ibarra Pedro,Argentina,Hockey,4173
Ibekwe Ify,Nigeria,Basketball,4174
Ibragimov Kamil,Roc,Fencing,4175
Ibragimov Magomed Idrisovitch,Uzbekistan,Wrestling,4176
Ibrahim Haneen,Sudan,Swimming,4177
Ibrahim Mubal Azzam,Maldives,Swimming,4178
Ibrahimi Drilon,Kosovo,Shooting,4179
Ichiguchi Yuka,Japan,Baseball/Softball,4180
Ichiyama Mao,Japan,Athletics,4181
Iddir Alexandre,France,Judo,4182
Iden Gustav,Norway,Triathlon,4183
Idris Adijat Avorshai,Nigeria,Wrestling,4184
Iemma Hernandez Julio Cesar,Venezuela,Shooting,4185
Igarashi Chihiro,Japan,Swimming,4186
Igarashi Kanoa,Japan,Surfing,4187
Igaune Laura,Latvia,Athletics,4188
Iglesias Marcos Alvaro,Spain,Hockey,4189
Iglesias Marcos Belen,Spain,Hockey,4190
Iglesias Roniel,Cuba,Boxing,4191
Igolnikov Mikhail,Roc,Judo,4192
Ihemeje Emanuel,Italy,Athletics,4193
Iitsuka Shibuki,Japan,Sailing,4194
Iizuka Shota,Japan,Athletics,4195
Ikari Yuki,Japan,Swimming,4196
Ikawa Hiroyuki,Japan,Shooting,4197
Ikeda Koki,Japan,Athletics,4198
Ikeda Sakiko,Japan,Football,4199
Ikee Rikako,Japan,Swimming,4200
Ikehara Ayaka,Japan,Handball,4201
Iki Aiko,Japan,Athletics,4202
Ilardi Jake,United States Of America,Skateboarding,4203
Ildem Cenk,Turkey,Wrestling,4204
Ilestedt Amanda,Sweden,Football,4205
Ilgun Hatice Kubra,Turkey,Taekwondo,4206
Iliankova Anastasiia,Roc,Artistic Gymnastics,4207
Ilias Periklis,Greece,Cycling Mountain Bike,4208
Iliasov Niiaz,Roc,Judo,4209
Ilie Laura-Georgeta,Romania,Shooting,4210
Ilieva Ivelina,Bulgaria,Judo,4211
Ililau Adrian Justin Jimena,Palau,Athletics,4212
Ilina Ekaterina,Roc,Handball,4213
Illes Anna,Hungary,Water Polo,4214
Ilyashenko Pavel,Kazakhstan,Modern Pentathlon,4215
Im Aeji,Republic Of Korea,Boxing,4216
Im Sungjae,Republic Of Korea,Golf,4217
Imboden Race,United States Of America,Fencing,4218
Imnadze Mariam,Georgia,Swimming,4219
Imprasertsuk Isarapa,Thailand,Shooting,4220
Imrie Kurtis,New Zealand,Canoe Sprint,4221
Imuk Abdulselam,Turkey,Athletics,4222
In Kyo Don,Republic Of Korea,Taekwondo,4223
Inaba Akari,Japan,Water Polo,4224
Inaba Yusuke,Japan,Water Polo,4225
Inami Mone,Japan,Golf,4226
Ince Ariana,United States Of America,Athletics,4227
Ince Kimberly,Grenada,Swimming,4228
Incze Kriszta Tunde,Romania,Wrestling,4229
Indergand Linda,Switzerland,Cycling Mountain Bike,4230
Infantino Antonio,Italy,Athletics,4231
Ingebrigtsen Filip,Norway,Athletics,4232
Ingebrigtsen Jakob,Norway,Athletics,4233
Ingham Dane,New Zealand,Football,4234
Ingle Sophie,Great Britain,Football,4235
Ingles Joe,Australia,Basketball,4236
Inglis Hugo,New Zealand,Hockey,4237
Injera Collins,Kenya,Rugby Sevens,4238
Insaeng Subenrat,Thailand,Athletics,4239
Intanon Ratchanok,Thailand,Badminton,4240
Inthavong Santisouk,Lao People'S Democratic Republic,Swimming,4241
Inui Yukiko,Japan,Artistic Swimming,4242
Ionescu Ovidiu,Romania,Table Tennis,4243
Iordache Larisa Andreea,Romania,Artistic Gymnastics,4244
Iosefo Martin,United States Of America,Rugby Sevens,4245
Ipsen Anton,Denmark,Swimming,4246
Ira Eliezer,Côte D'Ivoire,Football,4247
Irabaruta Olivier,Burundi,Athletics,4248
Iraoui Soumiya,Morocco,Judo,4249
Irawan Eko Yuli,Indonesia,Weightlifting,4250
Irby Lynna,United States Of America,Athletics,4251
Irie Ryosuke,Japan,Swimming,4252
Irie Sena,Japan,Boxing,4253
Irnazarova Kamola,Uzbekistan,Rhythmic Gymnastics,4254
Iro Edgar Richardson,Solomon Islands,Swimming,4255
Irr Brian,United States Of America,Karate,4256
Irvine Brendan,Ireland,Boxing,4257
Irving Max,United States Of America,Water Polo,4258
Iscaye Diana,France,Athletics,4259
Iseppi Valentina,Italy,Rowing,4260
Isgro Rodrigo,Argentina,Rugby Sevens,4261
Ishak Mohab,Egypt,Diving,4262
Ishanov Olimjon,Tajikistan,Swimming,4263
Ishida Kippei,Japan,Rugby Sevens,4264
Ishihara Naoko,Japan,Shooting,4265
Ishii Miki,Japan,Beach Volleyball,4266
Ishii Yuki,Japan,Volleyball,4267
Ishijima Yusuke,Japan,Beach Volleyball,4268
Ishikawa Kasumi,Japan,Table Tennis,4269
Ishikawa Mayu,Japan,Volleyball,4270
Ishikawa Yu,Japan,Athletics,4271
Ishikawa Yuki,Japan,Volleyball,4272
Ishitate Mayuko,Japan,Handball,4273
Ishiy Vitor,Brazil,Table Tennis,4274
Islam Md Ariful,Bangladesh,Swimming,4275
Islamova Valentina Ivanovna,Kazakhstan,Wrestling,4276
Isles Carlin,United States Of America,Rugby Sevens,4277
Isley Troy,United States Of America,Boxing,4278
Ismailoglu Meliha,Turkey,Volleyball,4279
Isola Federica,Italy,Fencing,4280
Issoufou Alfaga Abdoul Razak,Niger,Taekwondo,4281
Istomin Denis,Uzbekistan,Tennis,4282
Itahashi Minami,Japan,Diving,4283
Itakura Kou,Japan,Football,4284
Itano Minami,Japan,Handball,4285
Itkin Nick,United States Of America,Fencing,4286
Ito Hiroki,Japan,Diving,4287
Ito Mima,Japan,Table Tennis,4288
Ito Rikuya,Japan,Athletics,4289
Ito Tatsuhiko,Japan,Athletics,4290
Itoh Hiromi,Japan,Baseball/Softball,4291
Itokazu Yoichi,Japan,Weightlifting,4292
Itsekiri Usheoritse,Nigeria,Athletics,4293
Iuel Amalie,Norway,Athletics,4294
Iuna Fafe Diamantino,Guinea-Bissau,Wrestling,4295
Iusco Florentina Costina,Romania,Athletics,4296
Ivanov Antani,Bulgaria,Swimming,4297
Ivanov Ivaylo,Bulgaria,Judo,4298
Ivanov Tihomir,Bulgaria,Athletics,4299
Ivanov Vladimir,Roc,Badminton,4300
Ivanova Evgeniya,Roc,Water Polo,4301
Ivanyuk Ilya,Roc,Athletics,4302
Ivashka Ilya,Belarus,Tennis,4303
Iversen Bolette Nyvang,Denmark,Canoe Sprint,4304
Ivovic Aleksandar,Montenegro,Water Polo,4305
Iwabuchi Mana,Japan,Football,4306
Iwamoto Shohei,Japan,Modern Pentathlon,4307
Iwano Kaho,Japan,Water Polo,4308
Iwashita Yuta,Japan,Handball,4309
Iwazaki Suguru,Japan,Baseball/Softball,4310
Izagirre Insausti Gorka,Spain,Cycling Road,4311
Izagirre Insausti Jon,Spain,Cycling Road,4312
Izquierdo Mendez Carlos Arturo,Colombia,Wrestling,4313
Izumiya Shunsuke,Japan,Athletics,4314
Jabeur Ons,Tunisia,Tennis,4315
Jablonskyte Sandra,Lithuania,Judo,4316
Jackson Abeku,Ghana,Swimming,4317
Jackson Alison,Canada,Cycling Road,4318
Jackson Jr Edwin,United States Of America,Baseball/Softball,4319
Jackson Shericka,Jamaica,Athletics,4320
Jacob Amoj,India,Athletics,4321
Jacobs Lamont Marcell,Italy,Athletics,4322
Jacobsen Ida Goertz,Denmark,Rowing,4323
Jacobsen Marit,Norway,Handball,4324
Jacoby Lydia,United States Of America,Swimming,4325
Jacome Antia,Spain,Canoe Sprint,4326
Jacquet Chloe,France,Rugby Sevens,4327
Jacquet Marie,France,Rowing,4328
Jacquot Paul,Switzerland,Rowing,4329
Jadhav Pravin,India,Archery,4330
Jaeschke Thomas,United States Of America,Volleyball,4331
Jager Maja,Denmark,Archery,4332
Jagers Iii Reggie,United States Of America,Athletics,4333
Jahn Lisa,Germany,Canoe Sprint,4334
Jainaga Odei,Spain,Athletics,4335
Jakobs Ismail,Germany,Football,4336
Jakobsen Emil,Denmark,Handball,4337
Jakobsson Sofia,Sweden,Football,4338
Jakschik Malte,Germany,Rowing,4339
Jaksic Nikola,Serbia,Water Polo,4340
Jalalpoor Pujan,Islamic Republic Of Iran,Basketball,4341
Jalidov Gafurova Gazimagomed Scham.,Spain,Boxing,4342
Jallow Mimosa,Finland,Swimming,4343
Jalolov Bakhodir,Uzbekistan,Boxing,4344
Jamal Aminat,Bahrain,Athletics,4345
Jamelot Lea,France,Canoe Sprint,4346
James Kirani,Grenada,Athletics,4347
James Kirstie,New Zealand,Cycling Track,4348
James Tiffany,Jamaica,Athletics,4349
Jamieson Adam,Canada,Cycling Track,4350
Jamshidijafarabadi Mohammad,Islamic Republic Of Iran,Basketball,4351
Jancarik Lubomir,Czech Republic,Table Tennis,4352
Jancionis Dominykas,Lithuania,Rowing,4353
Jandard Alexis,France,Diving,4354
Janewattananond Atiwit,Thailand,Golf,4355
Janezic Luka,Slovenia,Athletics,4356
Jang Jeongmin,Republic Of Korea,Rugby Sevens,4357
Jang Jun,Republic Of Korea,Taekwondo,4358
Jang Minhee,Republic Of Korea,Archery,4359
Jang Seongmin,Republic Of Korea,Rugby Sevens,4360
Jang Woojin,Republic Of Korea,Table Tennis,4361
Janickova Barbora,Czech Republic,Swimming,4362
Jankunas Julieta,Argentina,Hockey,4363
Janogy Madelen,Sweden,Football,4364
Jansen Inge,Netherlands,Diving,4365
Jansen Renate,Netherlands,Football,4366
Jansik Szilard,Hungary,Water Polo,4367
Janssen Dominique,Netherlands,Football,4368
Janssen Inge,Netherlands,Rowing,4369
Janssens Hillary,Canada,Rowing,4370
January Shakira,South Africa,Water Polo,4371
Janurik Kinga,Hungary,Handball,4372
Jany Patrik,Slovakia,Shooting,4373
Jaquet Sabrina,Switzerland,Badminton,4374
Jaramillo Karla,Ecuador,Athletics,4375
Jarecka Aleksandra,Poland,Fencing,4376
Jarmolinska Aleksandra,Poland,Shooting,4377
Jarudd Emil,Sweden,Sailing,4378
Jasinski Daniel,Germany,Athletics,4379
Jasiunaite Liveta,Lithuania,Athletics,4380
Jastrab Megan,United States Of America,Cycling Track,4381
Jat Bhawna,India,Athletics,4382
Jaubert Anouck,France,Sport Climbing,4383
Jaukovic Durdina,Montenegro,Handball,4384
Jayet Maud,Switzerland,Sailing,4385
Jean Mulern,Haiti,Athletics,4386
Jeanjean Anthony,France,Cycling Bmx Freestyle,4387
Jebitok Edinah,Kenya,Athletics,4388
Jefimova Eneli,Estonia,Swimming,4389
Jegou Liam,Ireland,Canoe Slalom,4390
Jelic Matea,Croatia,Taekwondo,4391
Jelinek David,Czech Republic,Basketball,4392
Jelinska Martyna,Poland,Fencing,4393
Jendoubi Mohamed Khalil,Tunisia,Taekwondo,4394
Jenkins Tovea,Jamaica,Athletics,4395
Jenner Kate Elisabeth,Australia,Hockey,4396
Jenness Stephen,New Zealand,Hockey,4397
Jensen Christopher,Denmark,Cycling Road,4398
Jensen Julie Kepp,Denmark,Swimming,4399
Jensen Jakob Precht,Denmark,Sailing,4400
Jeon Hee Sook,Republic Of Korea,Fencing,4401
Jeon Jihee,Republic Of Korea,Table Tennis,4402
Jeong Hyejeong,Republic Of Korea,Rowing,4403
Jeong Jinhui,Republic Of Korea,Handball,4404
Jeong Jiyun,Republic Of Korea,Volleyball,4405
Jeong Seungwon,Republic Of Korea,Football,4406
Jeong Taewook,Republic Of Korea,Football,4407
Jeoung Youngsik,Republic Of Korea,Table Tennis,4408
Jepchirchir Peres,Kenya,Athletics,4409
Jepkirui Pamela,Kenya,Volleyball,4410
Jeptooo Susan,France,Athletics,4411
Jervis Daniel,Great Britain,Swimming,4412
Jerwood Nia,Australia,Sailing,4413
Jessen David,Czech Republic,Artistic Gymnastics,4414
Jevtovic Marko,Serbia,Table Tennis,4415
Jewett Isaiah,United States Of America,Athletics,4416
Jha Kanak,United States Of America,Table Tennis,4417
Ji Xinjie,People'S Republic Of China,Swimming,4418
Jia Yi Fan,People'S Republic Of China,Badminton,4419
Jiang Ranxin,People'S Republic Of China,Shooting,4420
Jiang Yan,People'S Republic Of China,Rowing,4421
Jiewchaloemmit Sutiya,Thailand,Shooting,4422
Jimenez Andrea,Spain,Athletics,4423
Jimenez Arrobo Jordy Rafael,Ecuador,Athletics,4424
Jimenez Garcia Joana,Mexico,Artistic Swimming,4425
Jimenez Kristine,Panama,Judo,4426
Jimenez Yastin,Chile,Football,4427
Jin An,Republic Of Korea,Basketball,4428
Jin Jongoh,Republic Of Korea,Shooting,4429
Jin Minsub,Republic Of Korea,Athletics,4430
Jin Ye,People'S Republic Of China,Sailing,4431
Jin Yunseong,Republic Of Korea,Weightlifting,4432
Jirka Jan,Czech Republic,Athletics,4433
Jitpong Jutamas,Thailand,Boxing,4434
Jo Harang,Republic Of Korea,Handball,4435
Joao Carolina,Portugal,Sailing,4436
Jobodwana Anaso,South Africa,Athletics,4437
Jodar Celia,Morocco,Canoe Slalom,4438
Jodoin Di Maria Sarah,Italy,Diving,4439
Joendal Magnus,Norway,Handball,4440
Joergensen Emma Cecilie,Denmark,Cycling Road,4441
Joglova Marcela,Czech Republic,Athletics,4442
Johannes Helalia,Namibia,Athletics,4443
Johannes Marine,France,Basketball,4444
Johannesen Torben,Germany,Rowing,4445
Johannessen Tobias Halland,Norway,Cycling Road,4446
Johansen Christina,Denmark,Rowing,4447
Johansen Julius,Denmark,Cycling Track,4448
Johansen Vilde Ingeborg,Norway,Handball,4449
Johansson Henna Katarina,Sweden,Wrestling,4450
Johansson Victor,Sweden,Swimming,4451
Johansson Vidar,Sweden,Athletics,4452
Johner Melody,Switzerland,Equestrian,4453
Johnson Ashleigh,United States Of America,Water Polo,4454
Johnson Cheswill,South Africa,Athletics,4455
Johnson Delante,United States Of America,Boxing,4456
Johnson Keldon,United States Of America,Basketball,4457
Johnson Robyn,South Africa,Hockey,4458
Johnson-Thompson Katarina,Great Britain,Athletics,4459
Johnston Clarissa,South Africa,Artistic Swimming,4460
Johnston Gordon Mackenzi,Canada,Hockey,4461
Jokovic Maro,Croatia,Water Polo,4462
Joly Audrey,Canada,Artistic Swimming,4463
Jonas Jonas,Namibia,Boxing,4464
Jones Harriet,Great Britain,Swimming,4465
Jones Harry,Canada,Rugby Sevens,4466
Jones Jade,Great Britain,Taekwondo,4467
Jones Jonathan,Barbados,Athletics,4468
Jones Jr Jonathan,Mexico,Baseball/Softball,4469
Jones Luuka,New Zealand,Canoe Slalom,4470
Jones Megan,Great Britain,Rugby Sevens,4471
Jones Oshae,United States Of America,Boxing,4472
Jones Stephen,New Zealand,Rowing,4473
Jones Sarah Louise,Great Britain,Hockey,4474
Jones Trevor,Canada,Rowing,4475
Jones William,Canada,Sailing,4476
Jonsson Cecilia,Sweden,Sailing,4477
Jopp Tessa,New Zealand,Hockey,4478
Joppich Peter,Germany,Fencing,4479
Jordier Thomas,France,Athletics,4480
Jorge Enriquez Fernando Dayan,Cuba,Canoe Sprint,4481
Jorgensen Emma Aastrand,Denmark,Canoe Sprint,4482
Jorgic Darko,Slovenia,Table Tennis,4483
Jorunnardottir Snaefridur Sol,Iceland,Swimming,4484
Jose Tima Ana Lucia,Dominican Republic,Athletics,4485
Joseph Gemima,France,Athletics,4486
Joseph Gulfam,Pakistan,Shooting,4487
Joseph Jason,Switzerland,Athletics,4488
Jourdenais Vincent,Canada,Canoe Sprint,4489
Joustra Kitty,Netherlands,Water Polo,4490
Jovanoska Puliksenija,North Macedonia,Karate,4491
Jovanovic Nevena,Serbia,Basketball,4492
Joyce Jasmine,Great Britain,Rugby Sevens,4493
Jozwik Joanna,Poland,Athletics,4494
Ju Hui,Republic Of Korea,Handball,4495
Ju Rui,People'S Republic Of China,Rowing,4496
Juantorena Osmany,Italy,Volleyball,4497
Jucinara,Brazil,Football,4498
Judd Jessica,Great Britain,Athletics,4499
Juettner Jasmin,Germany,Karate,4500
Julia,Brazil,Football,4501
Julius Ryan Cowen,South Africa,Hockey,4502
Juneau Cory,United States Of America,Skateboarding,4503
Junevik Sara,Sweden,Swimming,4504
Jung Ji In,Republic Of Korea,Handball,4505
Jung Jinhwa,Republic Of Korea,Modern Pentathlon,4506
Jung Michael,Germany,Equestrian,4507
Jung Yura,Republic Of Korea,Handball,4508
Jungblut Tanumafili Malietoa,American Samoa,Weightlifting,4509
Jungblut Viviane,Brazil,Swimming,4510
Jungfleisch Marie-Laurence,Germany,Athletics,4511
Junghannss Karl,Germany,Athletics,4512
Jungman Phillip Russell,United States Of America,Shooting,4513
Junior Aldemir,Brazil,Athletics,4514
Junior Josh,New Zealand,Sailing,4515
Junker Torben,Germany,Athletics,4516
Junnila Ella,Finland,Athletics,4517
Jurado Lopez Christofer,Panama,Cycling Road,4518
Jurado Lopez Severo,Spain,Equestrian,4519
Jurado Sebastian,Mexico,Football,4520
Jurak Darija,Croatia,Tennis,4521
Jurka Jakub,Czech Republic,Fencing,4522
Just Elijah,New Zealand,Football,4523
Jutanugarn Ariya,Thailand,Golf,4524
Kaagman Inessa,Netherlands,Football,4525
Kaazouzi Brahim,Morocco,Athletics,4526
Kabatskiy Maxim,Roc,Shooting,4527
Kabbara Munzer Mark,Lebanon,Swimming,4528
Kachur Yana,Ukraine,Athletics,4529
Kacser Zita,Hungary,Athletics,4530
Kaczmarek Lukasz,Poland,Volleyball,4531
Kaczmarek Natalia,Poland,Athletics,4532
Kaddah Hassan,Egypt,Handball,4533
Kaddari Dalia,Italy,Athletics,4534
Kadhi Ahmed,Tunisia,Volleyball,4535
Kadiu Kledi,Albania,Swimming,4536
Kadzimahamedau Mahamedkhabib,Belarus,Wrestling,4537
Kaei Lorine Chebet,Kenya,Volleyball,4538
Kaellberg Anton,Sweden,Table Tennis,4539
Kaellberg Christina,Sweden,Table Tennis,4540
Kagawa Mele Yua Havili,Japan,Rugby Sevens,4541
Kagialis Pavlos,Greece,Sailing,4542
Kahler Marlene,Austria,Swimming,4543
Kai Takuya,Japan,Baseball/Softball,4544
Kaisanov Daniyar,Kazakhstan,Wrestling,4545
Kajaia Iakobi,Georgia,Wrestling,4546
Kajaia Mihail,Serbia,Wrestling,4547
Kajihara Yumi,Japan,Cycling Track,4548
Kajiki Marin,Japan,Rugby Sevens,4549
Kajzer Kaja,Slovenia,Judo,4550
Kaka Shiray,New Zealand,Rugby Sevens,4551
Kakhramonov Fanat,Uzbekistan,Boxing,4552
Kakon Shay,Israel,Sailing,4553
Kaladzinskaya Vanesa,Belarus,Wrestling,4554
Kalanina Yelyzaveta,Ukraine,Judo,4555
Kaleyn Boryana,Bulgaria,Rhythmic Gymnastics,4556
Kalii Hellen Syombua,Kenya,Athletics,4557
Kalinina Viktoriia,Roc,Handball,4558
Kalisz Chase,United States Of America,Swimming,4559
Kallioinen Eetu,Finland,Shooting,4560
Kalmar Akos,Hungary,Swimming,4561
Kalmoe Megan,United States Of America,Rowing,4562
Kalnins Kalvis,Latvia,Karate,4563
Kalonji Alais,France,Diving,4564
Kalu Ezinne,Nigeria,Basketball,4565
Kalulu Pierre,France,Football,4566
Kamal Kerem,Turkey,Wrestling,4567
Kamanga-Dyrbak Tazana Mikkel,Denmark,Athletics,4568
Kambundji Ditaji,Switzerland,Athletics,4569
Kambundji Mujinga,Switzerland,Athletics,4570
Kameneva Mariia,Roc,Swimming,4571
Kamenskiy Sergey,Roc,Shooting,4572
Kametani Sakura,Japan,Handball,4573
Kameyama Kohei,Japan,Artistic Gymnastics,4574
Kaminski Jan,Poland,Equestrian,4575
Kaminski Mateusz,Poland,Canoe Sprint,4576
Kamminga Arno,Netherlands,Swimming,4577
Kampmann Franziska,Germany,Rowing,4578
Kamworor Geoffrey,Kenya,Athletics,4579
Kanaet Toni,Croatia,Taekwondo,4580
Kanai Taio,Japan,Athletics,4581
Kanamaru Kosuke,Japan,Basketball,4582
Kandic Slaven,Montenegro,Water Polo,4583
Kandil Amira,Egypt,Modern Pentathlon,4584
Kaneko Hiromi,Japan,Cycling Road,4585
Kang Baekho,Republic Of Korea,Baseball/Softball,4586
Kang Chaeyoung,Republic Of Korea,Archery,4587
Kang Danielle,United States Of America,Golf,4588
Kang Eunhye,Republic Of Korea,Handball,4589
Kang Kyungmin,Republic Of Korea,Handball,4590
Kang Leeseul,Republic Of Korea,Basketball,4591
Kang Minho,Republic Of Korea,Baseball/Softball,4592
Kang Yeounhee,Republic Of Korea,Weightlifting,4593
Kang Yoonseong,Republic Of Korea,Football,4594
Kang Yujeong,Republic Of Korea,Judo,4595
Kang Young Mi,Republic Of Korea,Fencing,4596
Kangert Tanel,Estonia,Cycling Road,4597
Kano Ryota,Japan,Rugby Sevens,4598
Kantor Piotr,Poland,Beach Volleyball,4599
Kao Chan-Hung,Chinese Taipei,Weightlifting,4600
Kapas Boglarka,Hungary,Swimming,4601
Kaplina Iuliia,Roc,Sport Climbing,4602
Kapotsis Marios,Greece,Water Polo,4603
Kaps Jessie,Belgium,Shooting,4604
Kaputin Rellie,Papua New Guinea,Athletics,4605
Karabatic Luka,France,Handball,4606
Karabatic Nikola,France,Handball,4607
Karachaliou Vasileia,Greece,Sailing,4608
Karadeniz Suleyman,Turkey,Wrestling,4609
Karakas Hedvig,Hungary,Judo,4610
Karakurt Ebrar,Turkey,Volleyball,4611
Karaliene Donata,Lithuania,Rowing,4612
Karaliok Yauheni,Belarus,Cycling Track,4613
Karalis Emmanouil,Greece,Athletics,4614
Karamesiou Pinelopi,Greece,Artistic Swimming,4615
Karamete Irem,Turkey,Fencing,4616
Karamzadeh Fatemeh,Islamic Republic Of Iran,Shooting,4617
Karapetian Ferdinand,Armenia,Judo,4618
Karapetyan Elmira,Armenia,Shooting,4619
Karasz Anna,Hungary,Canoe Sprint,4620
Karatsev Aslan,Roc,Tennis,4621
Karauria-Henry Brackin,Japan,Rugby Sevens,4622
Kardasz Klaudia,Poland,Athletics,4623
Karimi Milad,Kazakhstan,Artistic Gymnastics,4624
Karimisouchelmaei Javad,Islamic Republic Of Iran,Volleyball,4625
Karimova Elvina,Roc,Water Polo,4626
Karimova Yulia,Roc,Shooting,4627
Karlsson Kristian,Sweden,Table Tennis,4628
Karlsson Lovisa,Sweden,Sailing,4629
Karlsson Mathilda,Sri Lanka,Equestrian,4630
Karlstrom Perseus,Sweden,Athletics,4631
Karma,Bhutan,Archery,4632
Karnaukh Anna,Roc,Water Polo,4633
Karpenkov Ilia,Roc,3X3 Basketball,4634
Karsch Monika,Germany,Shooting,4635
Kartsev Aleksandr,Roc,Artistic Gymnastics,4636
Karunaratne Niluka,Sri Lanka,Badminton,4637
Karwacka Marlena,Poland,Cycling Track,4638
Kasahara Kenya,Japan,Handball,4639
Kasaya Leonida,Kenya,Volleyball,4640
Kassanavoid Janee',United States Of America,Athletics,4641
Kassoma Albertina,Angola,Handball,4642
Kastening Timo,Germany,Handball,4643
Kasza Robert,Hungary,Modern Pentathlon,4644
Katai Donata,Zimbabwe,Swimming,4645
Katariya Vandana,India,Hockey,4646
Katerinka Czakova Maria,Slovakia,Athletics,4647
Katir Mohamed,Spain,Athletics,4648
Katkavets Aliaksei,Belarus,Athletics,4649
Katoatau Ruben,Kiribati,Weightlifting,4650
Katoka Naomie,Democratic Republic Of The Congo,Taekwondo,4651
Katona Renata,Hungary,Fencing,4652
Katongo Evarine,Zambia,Football,4653
Katsuki Hayato,Japan,Athletics,4654
Katz Nathan,Australia,Judo,4655
Kaufhold Casey,United States Of America,Archery,4656
Kaufmann Paul-Philipp,Germany,Hockey,4657
Kaul Niklas,Germany,Athletics,4658
Kaur Gurjit,India,Hockey,4659
Kaur Kamalpreet,India,Athletics,4660
Kaur Navjot,India,Hockey,4661
Kaur Navneet,India,Hockey,4662
Kaushik Manish,India,Boxing,4663
Kauzer Peter,Slovenia,Canoe Slalom,4664
Kawabata Hitomi,Japan,Baseball/Softball,4665
Kawabata Kaito,Japan,Athletics,4666
Kawaguchi Kako,Japan,Water Polo,4667
Kawai Mike,Japan,Equestrian,4668
Kawai Risako,Japan,Wrestling,4669
Kawai Yukako,Japan,Wrestling,4670
Kawamoto Takeshi,Japan,Swimming,4671
Kawano Masatora,Japan,Athletics,4672
Kawata Yuki,Japan,Archery,4673
Kawecki Radoslaw,Poland,Swimming,4674
Kay Emily,Ireland,Cycling Track,4675
Kay Nic,Australia,Basketball,4676
Kay Pat,Canada,Rugby Sevens,4677
Kaya Kazuma,Japan,Artistic Gymnastics,4678
Kayaalp Riza,Turkey,Wrestling,4679
Kaynakci Beste,Turkey,Sailing,4680
Kaynar Alican,Turkey,Sailing,4681
Kazakli Onat,Turkey,Rowing,4682
Kaze Odrina,Burundi,Swimming,4683
Kazemi Arsalan,Islamic Republic Of Iran,Basketball,4684
Kazemi Saber,Islamic Republic Of Iran,Volleyball,4685
Kazlouskaya Karyna,Belarus,Archery,4686
Kazmir Scott,United States Of America,Baseball/Softball,4687
Kazmirek Kai,Germany,Athletics,4688
Keane Patrick,Canada,Rowing,4689
Kearns Matilda,Australia,Water Polo,4690
Kecmanovic Miomir,Serbia,Tennis,4691
Keddell Rose,New Zealand,Hockey,4692
Keenan Simon,Australia,Rowing,4693
Keetels Marloes Johanna Maria,Netherlands,Hockey,4694
Kehr Gabriel,Chile,Athletics,4695
Keijser Marieke,Netherlands,Rowing,4696
Keita Kader,Côte D'Ivoire,Football,4697
Keizer Sanne,Netherlands,Beach Volleyball,4698
Kejelcha Yomif,Ethiopia,Athletics,4699
Kejeta Melat Yisak,Germany,Athletics,4700
Kelapanda Ganapathy,India,Sailing,4701
Kelderman Wilco,Netherlands,Cycling Road,4702
Keldiyorova Diyora,Uzbekistan,Judo,4703
Keles Ismail,Turkey,Shooting,4704
Keletela Dorian,Refugee Olympic Team,Athletics,4705
Kellnerova Anna,Czech Republic,Equestrian,4706
Kellock Lindsay,Canada,Equestrian,4707
Kellond-Knight Elise,Australia,Football,4708
Kelly Jack,Ireland,Rugby Sevens,4709
Kelly Madeleine,Canada,Athletics,4710
Kelly Mariah,Canada,Athletics,4711
Kelmelis Armandas,Lithuania,Rowing,4712
Kelmendi Majlinda,Kosovo,Judo,4713
Kelter Alev,United States Of America,Rugby Sevens,4714
Kelzi Ayman,Syrian Arab Republic,Swimming,4715
Kemperman Robbert,Netherlands,Hockey,4716
Kemppinen Lotta,Finland,Athletics,4717
Kenderesi Tamas,Hungary,Swimming,4718
Kendricks Sam,United States Of America,Athletics,4719
Kendziera David,United States Of America,Athletics,4720
Keneshbekov Nursultan,Kyrgyzstan,Athletics,4721
Kennedy Alanna,Australia,Football,4722
Kennedy Nina,Australia,Athletics,4723
Kennedy Terry,Ireland,Rugby Sevens,4724
Kenny Darragh,Ireland,Equestrian,4725
Kenny David,Ireland,Athletics,4726
Kenny Jason,Great Britain,Cycling Track,4727
Kenny Laura,Great Britain,Cycling Track,4728
Kenosi Keamogetse Sadie,Botswana,Boxing,4729
Kentchadze Avtandil,Georgia,Wrestling,4730
Keogh Aifric,Ireland,Rowing,4731
Kerby Jordan,New Zealand,Cycling Track,4732
Kerevi Samu,Australia,Rugby Sevens,4733
Kergozou De La Boessiere Nicholas,New Zealand,Cycling Track,4734
Kerley Fred,United States Of America,Athletics,4735
Kermond Jamie,Australia,Equestrian,4736
Kerr Deborah,Great Britain,Canoe Sprint,4737
Kerr Hamish,New Zealand,Athletics,4738
Kerr Josh,Great Britain,Athletics,4739
Kerr Sam,Australia,Football,4740
Kerschbaumer Gerhard,Italy,Cycling Mountain Bike,4741
Kershaw Stephanie Anna,Australia,Hockey,4742
Kersten Dieter,Belgium,Athletics,4743
Kesar Viktoriya,Ukraine,Diving,4744
Kesely Ajna,Hungary,Swimming,4745
Keskinen Akseli,Finland,Sailing,4746
Kessie Franck,Côte D'Ivoire,Football,4747
Kessler Markus,Switzerland,Rowing,4748
Kesyl Denys,Ukraine,Swimming,4749
Ketema Lemawork,Austria,Athletics,4750
Ketema Tigist,Ethiopia,Athletics,4751
Keter Benard,United States Of America,Athletics,4752
Keuning Maartje,Netherlands,Water Polo,4753
Khachanov Karen,Roc,Tennis,4754
Khadambi Brackcides,Kenya,Beach Volleyball,4755
Khaibullin Rishat,Kazakhstan,Sport Climbing,4756
Khakimova Malika,Uzbekistan,Fencing,4757
Khaladovich Tatsiana,Belarus,Athletics,4758
Khalafalla Ali,Egypt,Swimming,4759
Khalil Safwan,Australia,Taekwondo,4760
Khalmuratov Muradjan,Uzbekistan,Cycling Road,4761
Khamidova Baizat,Roc,Rugby Sevens,4762
Khammo Yakiv,Ukraine,Judo,4763
Khamza Didar,Kazakhstan,Judo,4764
Khan Bisma,Pakistan,Swimming,4765
Khan Mairaj Ahmad,India,Shooting,4766
Khandoshka Vasilina,Belarus,Artistic Swimming,4767
Kharabadze Giorgi,Georgia,Boxing,4768
Khartsyz Yaroslav,Ukraine,Boxing,4769
Khasanova Elvira,Roc,Athletics,4770
Khataev Imam,Roc,Boxing,4771
Khatala Neheng,Lesotho,Athletics,4772
Khattali Ghailene,Tunisia,Canoe Sprint,4773
Khatuntseva Gulnaz,Roc,Cycling Track,4774
Khedmati Najmeh,Islamic Republic Of Iran,Shooting,4775
Khelif Imane,Algeria,Boxing,4776
Khelifi Ghofran,Tunisia,Judo,4777
Kherbache Abdelhak,Algeria,Wrestling,4778
Kheris Amira,Algeria,Canoe Sprint,4779
Kheun Bunpichmorakat,Cambodia,Swimming,4780
Khilmanovich Aliaksandra,Belarus,Athletics,4781
Khiyara Lina,Morocco,Swimming,4782
Khmara Igor,Ukraine,Rowing,4783
Khoddam-Hazrati Katrin,Austria,Equestrian,4784
Khodjaev Sukhrob,Uzbekistan,Athletics,4785
Khodos Sergey,Roc,Fencing,4786
Khogali Esraa,Sudan,Rowing,4787
Khokhar Reena,India,Hockey,4788
Kholmurzaev Shakhboz,Uzbekistan,Rowing,4789
Kholomina Svetlana,Roc,Beach Volleyball,4790
Khorava Bachana,Georgia,Athletics,4791
Khoroshavtseva Olga,Roc,Wrestling,4792
Khosa Fikile,Zambia,Football,4793
Khotsianivskyi Oleksandr,Ukraine,Wrestling,4794
Khramiankou Dzianis,Belarus,Wrestling,4795
Khramtcov Maksim,Roc,Taekwondo,4796
Khrapina Violetta,Roc,Fencing,4797
Khubetsov Alan,Roc,Judo,4798
Khudoyarova Roksana,Uzbekistan,Athletics,4799
Khudzenka Volha,Belarus,Canoe Sprint,4800
Khurelkhuu Bolortuya,Mongolia,Wrestling,4801
Khurramov Mukhammadkarim,Uzbekistan,Judo,4802
Khvorikova Anna,Roc,Sailing,4803
Khyzhniak Oleksandr,Ukraine,Boxing,4804
Kibiwot Abraham,Kenya,Athletics,4805
Kichasova-Skoryk Mariia,Ukraine,Canoe Sprint,4806
Kichenok Nadiia,Ukraine,Tennis,4807
Kida Yumi,Japan,Marathon Swimming,4808
Kiefer Lee,United States Of America,Fencing,4809
Kieffer Max,Germany,Golf,4810
Kiejko Lynda,Canada,Shooting,4811
Kielbasinska Anna,Poland,Athletics,4812
Kiesenhofer Anna,Austria,Cycling Road,4813
Kifle Aron,Eritrea,Athletics,4814
Kifle Goitom,Eritrea,Athletics,4815
Kigen Benjamin,Kenya,Athletics,4816
Kijima Moeka,Japan,Artistic Swimming,4817
Kiki Didier,Benin,Athletics,4818
Kikuchi Ryosuke,Japan,Baseball/Softball,4819
Kilty Richard,Great Britain,Athletics,4820
Kim Bomi,Republic Of Korea,Shooting,4821
Kim Danbi,Republic Of Korea,Basketball,4822
Kim Donghyun,Republic Of Korea,Football,4823
Kim Dong Seon,Republic Of Korea,Equestrian,4824
Kim Gaeun,Republic Of Korea,Badminton,4825
Kim Heejin,Republic Of Korea,Volleyball,4826
Kim Hyeseong,Republic Of Korea,Baseball/Softball,4827
Kim Hyojoo,Republic Of Korea,Golf,4828
Kim Hyunsoo,Republic Of Korea,Baseball/Softball,4829
Kim Hyunsoo,Republic Of Korea,Rugby Sevens,4830
Kim Je Deok,Republic Of Korea,Archery,4831
Kim Jung Eun,Republic Of Korea,Basketball,4832
Kim Jaewoo,Republic Of Korea,Football,4833
Kim Jingyu,Republic Of Korea,Football,4834
Kim Jinuk,Republic Of Korea,Baseball/Softball,4835
Kim Jinya,Republic Of Korea,Football,4836
Kim Jinyi,Republic Of Korea,Handball,4837
Kim Jisu,Republic Of Korea,Judo,4838
Kim Jiyeon,Republic Of Korea,Fencing,4839
Kim Junghwan,Republic Of Korea,Fencing,4840
Kim Junho,Republic Of Korea,Fencing,4841
Kim Minjong,Republic Of Korea,Judo,4842
Kim Minjung,Republic Of Korea,Shooting,4843
Kim Minseok,Republic Of Korea,Wrestling,4844
Kim Mose,Republic Of Korea,Shooting,4845
Kim Nam Uk,Republic Of Korea,Rugby Sevens,4846
Kim Su Ji,Republic Of Korea,Volleyball,4847
Kim Sangdo,Republic Of Korea,Shooting,4848
Kim Sehee,Republic Of Korea,Modern Pentathlon,4849
Kim Seongyeon,Republic Of Korea,Judo,4850
Kim Seoyeong,Republic Of Korea,Swimming,4851
Kim Soyeong,Republic Of Korea,Badminton,4852
Kim Suhyeon,Republic Of Korea,Weightlifting,4853
Kim Suji,Republic Of Korea,Diving,4854
Kim Sunwoo,Republic Of Korea,Modern Pentathlon,4855
Kim Si Woo,Republic Of Korea,Golf,4856
Kim Sei Young,Republic Of Korea,Golf,4857
Kim Won Jin,Republic Of Korea,Judo,4858
Kim Woojin,Republic Of Korea,Archery,4859
Kim Yeongnam,Republic Of Korea,Diving,4860
Kim Yeongtaek,Republic Of Korea,Diving,4861
Kim Yunji,Republic Of Korea,Handball,4862
Kim Yeon Koung,Republic Of Korea,Volleyball,4863
Kimeli Nicholas Kipkorir,Kenya,Athletics,4864
Kimmann Niek,Netherlands,Cycling Bmx Racing,4865
Kimura Ayako,Japan,Athletics,4866
Kimura Tomoka,Japan,Athletics,4867
Kina Antoine Sylvain T,Belgium,Hockey,4868
Kinash Kirsten,Australia,Artistic Swimming,4869
Kincaid William,United States Of America,Athletics,4870
Kinderis Justinas,Lithuania,Modern Pentathlon,4871
Kindler Antoni Pawel,Canada,Hockey,4872
Kindzerska Iryna,Azerbaijan,Judo,4873
King David,Great Britain,Athletics,4874
King Joel,Australia,Football,4875
King Julia,New Zealand,Hockey,4876
King Lilly,United States Of America,Swimming,4877
King Sarah,Switzerland,Athletics,4878
Kingma Maya,Netherlands,Triathlon,4879
Kingue Matam Bernardin,France,Weightlifting,4880
Kinnunen Jarkko,Finland,Athletics,4881
Kinono Phillip,Marshall Islands,Swimming,4882
Kinsella Alice,Great Britain,Artistic Gymnastics,4883
Kinsey Erika,Sweden,Athletics,4884
Kinsinger Etienne,Germany,Wrestling,4885
Kinsler Ian,Israel,Baseball/Softball,4886
Kipchoge Eliud,Kenya,Athletics,4887
Kiplimo Jacob,Uganda,Athletics,4888
Kiprono Sharon Chepchumba,Kenya,Volleyball,4889
Kiprotich Stephen,Uganda,Athletics,4890
Kipruto Amos,Kenya,Athletics,4891
Kipsang Abel,Kenya,Athletics,4892
Kipyego Sally,United States Of America,Athletics,4893
Kipyegon Faith,Kenya,Athletics,4894
Kirby Fran,Great Britain,Football,4895
Kirchmann Leah,Canada,Cycling Road,4896
Kiriake Teruko,Japan,Canoe Sprint,4897
Kirishita Yoshiki,Japan,Hockey,4898
Kirkham Shaun,New Zealand,Rowing,4899
Kirkpatrick James Alexander Paget,Canada,Hockey,4900
Kirpichnikova Anastasiia,Roc,Marathon Swimming,4901
Kirpu Erika,Estonia,Fencing,4902
Kirsanova Viktoria,Roc,Cycling Mountain Bike,4903
Kirshe Kristi,United States Of America,Rugby Sevens,4904
Kirui Purity,Kenya,Athletics,4905
Kiryakova Stefani,Bulgaria,Rhythmic Gymnastics,4906
Kiryu Yoshihide,Japan,Athletics,4907
Kisfaludy Anett,Hungary,Handball,4908
Kishi Daiki,Japan,Trampoline Gymnastics,4909
Kishimoto Niina,Japan,Triathlon,4910
Kisil Yuri,Canada,Swimming,4911
Kiss Nikoletta,Hungary,Handball,4912
Kissa Stephen,Uganda,Athletics,4913
Kistohurry Samuel,France,Boxing,4914
Kit Kristen,Canada,Rowing,4915
Kita Sumire,Japan,Rhythmic Gymnastics,4916
Kitaguchi Haruka,Japan,Athletics,4917
Kitahara Hiroyuki,Japan,Equestrian,4918
Kitajima Ryuzo,Japan,Equestrian,4919
Kitamura Nanami,Japan,Football,4920
Kitazato Kenji,Japan,Hockey,4921
Kitazono Takeru,Japan,Artistic Gymnastics,4922
Kititharakul Jongkolphan,Thailand,Badminton,4923
Kittel Patrik,Sweden,Equestrian,4924
Kitts Wesley Brian,United States Of America,Weightlifting,4925
Kitwanitsathian Chutikan,Thailand,Cycling Bmx Racing,4926
Kivioja Kaidi,Estonia,Triathlon,4927
Kivlehan Patrick,United States Of America,Baseball/Softball,4928
Kiyani Chandeh Nahid,Islamic Republic Of Iran,Taekwondo,4929
Kiyeng Hyvin,Kenya,Athletics,4930
Kiyohara Nayu,Japan,Baseball/Softball,4931
Kiyuna Ryo,Japan,Karate,4932
Kjaer Emil,Denmark,Athletics,4933
Klamer Rachel,Netherlands,Triathlon,4934
Klammert David,Czech Republic,Judo,4935
Klaver Lieke,Netherlands,Athletics,4936
Klecker Joe,United States Of America,Athletics,4937
Kleibrink Benjamin,Germany,Fencing,4938
Klein Hanna,Germany,Athletics,4939
Klein Lisa,Germany,Cycling Track,4940
Klein Luis,Germany,Fencing,4941
Klein Lukas,Slovakia,Tennis,4942
Kleshchenko Evgeny,Roc,Cycling Bmx Racing,4943
Klevanovich Elizaveta,Roc,Swimming,4944
Klikovac Andrea,Montenegro,Handball,4945
Klimkait Jessica,Canada,Judo,4946
Klimova Diana,Roc,Cycling Track,4947
Klimovich Tatsiana,Belarus,Rowing,4948
Klineman Alix,United States Of America,Beach Volleyball,4949
Klingler Petra,Switzerland,Sport Climbing,4950
Klishina Darya,Roc,Athletics,4951
Kliuka Egor,Roc,Volleyball,4952
Kloster Line,Norway,Athletics,4953
Klosterhalfen Konstanze,Germany,Athletics,4954
Kluge Roger,Germany,Cycling Track,4955
Klujber Katrin Gitta,Hungary,Handball,4956
Kluver Ferreira Felipe,Uruguay,Rowing,4957
Klymets Iryna,Ukraine,Athletics,4958
Knab Ruben,Netherlands,Rowing,4959
Knabl Alois,Austria,Triathlon,4960
Knapik-Miazga Renata,Poland,Fencing,4961
Kneisky Morgan,France,Cycling Track,4962
Knewstubb Andrew,New Zealand,Rugby Sevens,4963
Knibb Taylor,United States Of America,Triathlon,4964
Knight Jessie,Great Britain,Athletics,4965
Knight Josie,Great Britain,Cycling Track,4966
Knight Justyn,Canada,Athletics,4967
Knight-Wisdom Yona,Jamaica,Diving,4968
Knighton Erriyon,United States Of America,Athletics,4969
Knipping Arjan,Netherlands,Swimming,4970
Knoll Anabel,Germany,Triathlon,4971
Knorr Juri,Germany,Handball,4972
Knott Kristina Marie,Philippines,Athletics,4973
Knox Bronwen,Australia,Water Polo,4974
Knox Finlay,Canada,Swimming,4975
Knuppel Artagaveytia Dominique,Uruguay,Sailing,4976
Knystautas Mantas,Lithuania,Wrestling,4977
Ko Lydia,New Zealand,Golf,4978
Ko Youngpyo,Republic Of Korea,Baseball/Softball,4979
Koala Marthe,Burkina Faso,Athletics,4980
Kobata Mako,Japan,Volleyball,4981
Kobayashi Kai,Japan,Athletics,4982
Kobayashi Yuka,Japan,Cycling Track,4983
Koblova Valeria,Roc,Wrestling,4984
Kobori Waka,Japan,Swimming,4985
Kobrich Kristel,Chile,Swimming,4986
Kobus-Zawojska Agnieszka,Poland,Rowing,4987
Kobzar Igor,Roc,Volleyball,4988
Koch Marc,Germany,Athletics,4989
Koch Marco,Germany,Swimming,4990
Koch Sophie Ulrike,Germany,Canoe Sprint,4991
Kochanowski Jakub,Poland,Volleyball,4992
Kocher Fabienne,Switzerland,Judo,4993
Kochesok Susana,Roc,Trampoline Gymnastics,4994
Kochhann Raquel,Brazil,Rugby Sevens,4995
Kochman Li,Israel,Judo,4996
Kodama Mei,Japan,Athletics,4997
Kodirova Raykhona,Uzbekistan,Boxing,4998
Kodisang Kobamelo,South Africa,Football,4999
Koech John,Bahrain,Athletics,5000
Koechlin Thomas,Switzerland,Canoe Slalom,5001
Koenders Joanne,Netherlands,Water Polo,5002
Koepfer Dominik,Germany,Tennis,5003
Koga Sarina,Japan,Volleyball,5004
Koga Yuta,Japan,Athletics,5005
Kohlbacher Jannik,Germany,Handball,5006
Kohler Kara,United States Of America,Rowing,5007
Kohler Sarah,Germany,Swimming,5008
Kohlhoff Paul,Germany,Sailing,5009
Kohlschreiber Philipp,Germany,Tennis,5010
Koide Mifuyu,Japan,Rugby Sevens,5011
Koide Miku,Japan,Water Polo,5012
Koike Yuki,Japan,Athletics,5013
Koizumi Ibuki,Japan,Sailing,5014
Kojic Frane Tomislav,Croatia,Table Tennis,5015
Kok Tevin Michael,South Africa,Hockey,5016
Kokauri Ushangi,Azerbaijan,Judo,5017
Kokhan Mykhaylo,Ukraine,Athletics,5018
Kokkalanis Byron,Greece,Sailing,5019
Kokumai Sakura,United States Of America,Karate,5020
Kolak Sara,Croatia,Athletics,5021
Kolasinac Asmir,Serbia,Athletics,5022
Kolesnichenko Svetlana,Roc,Artistic Swimming,5023
Kolesnikov Kliment,Roc,Swimming,5024
Koliadenko Iryna,Ukraine,Wrestling,5025
Koljonen Kalle,Finland,Badminton,5026
Kolo Muani Randal,France,Football,5027
Kolobova Violetta,Roc,Fencing,5028
Kolodiy Oleg,Ukraine,Diving,5029
Kolodzinski Pawel,Poland,Sailing,5030
Kolomvos Christodoulos,Greece,Water Polo,5031
Kolothum Thodi Irfan,India,Athletics,5032
Kolozsvary Mark,United States Of America,Baseball/Softball,5033
Hmangte Chungneijang Mery Kom,India,Boxing,5034
Kominami Takuto,Japan,Athletics,5035
Komissarov Sergei,Roc,Sailing,5036
Konanykhina Anna,Roc,Diving,5037
Kondirolli Olt,Kosovo,Swimming,5038
Kondo Maharu,Japan,Handball,5039
Kondo Yoshida Ai,Japan,Sailing,5040
Kondoh Kensuke,Japan,Baseball/Softball,5041
Kondratev Ilya,Roc,Rowing,5042
Kondricz Kata,Hungary,Fencing,5043
Kong Heeyong,Republic Of Korea,Badminton,5044
Kong Man Wai Vivian,"Hong Kong, China",Fencing,5045
Konieczek Alicja,Poland,Athletics,5046
Konieczek Aneta,Poland,Athletics,5047
Koning Josine,Netherlands,Hockey,5048
Konishi Anna,Japan,Swimming,5049
Konnai Mitsunori,Japan,Weightlifting,5050
Kononenko Valeriya,Ukraine,Cycling Road,5051
Konotop Kamila,Ukraine,Weightlifting,5052
Konrad Patrick,Austria,Cycling Road,5053
Kontaveit Anett,Estonia,Tennis,5054
Kontides Pavlos,Cyprus,Sailing,5055
Koolen Sanne Anne Leonie,Netherlands,Hockey,5056
Koolhaas Ilse,Netherlands,Water Polo,5057
Koolhof Wesley,Netherlands,Tennis,5058
Kop Lize,Netherlands,Football,5059
Kopasz Balint,Hungary,Canoe Sprint,5060
Kopecky Lotte,Belgium,Cycling Road,5061
Kopecky Lotte,Belgium,Cycling Track,5062
Kopp Leo,Germany,Athletics,5063
Koppelaar Rutger,Netherlands,Athletics,5064
Koppu Harukiirario,Japan,Water Polo,5065
Kopron Malwina,Poland,Athletics,5066
Kora Salome,Switzerland,Athletics,5067
Korakaki Anna,Greece,Shooting,5068
Korbaj Barrera Nalek,Venezuela,Boxing,5069
Korda Jessica,United States Of America,Golf,5070
Korda Nelly,United States Of America,Golf,5071
Koretzky Victor,France,Cycling Mountain Bike,5072
Korir Leonard,United States Of America,Athletics,5073
Korkmaz Salih,Turkey,Athletics,5074
Korobeynikova Larisa,Roc,Fencing,5075
Koroknai Mate,Hungary,Athletics,5076
Koroleva Irina,Roc,Volleyball,5077
Korostylov Pavlo,Ukraine,Shooting,5078
Korpasi Balint,Hungary,Wrestling,5079
Korrel Michael,Netherlands,Judo,5080
Korstanje Nyls,Netherlands,Swimming,5081
Korte Annimari,Finland,Athletics,5082
Korzeniowski Pawel,Poland,Swimming,5083
Kos Hubert,Hungary,Swimming,5084
Kosetskaya Evgeniya,Roc,Badminton,5085
Kosgei Brigid,Kenya,Athletics,5086
Kosonen Silja,Finland,Athletics,5087
Kostadinova Antoaneta,Bulgaria,Shooting,5088
Kostelecky David,Czech Republic,Shooting,5089
Kosterina Tatyana,Roc,Equestrian,5090
Kostevych Olena,Ukraine,Shooting,5091
Kotsoiev Zelym,Azerbaijan,Judo,5092
Kou Lei,Ukraine,Table Tennis,5093
Kouame Christian,Côte D'Ivoire,Football,5094
Kouao Koffi,Côte D'Ivoire,Football,5095
Kouassi Eboue,Côte D'Ivoire,Football,5096
Koudinov Mikhail,New Zealand,Artistic Gymnastics,5097
Kouma Sebastien,Mali,Swimming,5098
Koumi El Nour Sadam Suliman,Sudan,Athletics,5099
Kounta Muhammad,France,Athletics,5100
Koutsoyanopulos Giulia,Italy,Baseball/Softball,5101
Kovacocy Marian,Slovakia,Shooting,5102
Kovacs Barbara,Hungary,Athletics,5103
Kovacs Joe,United States Of America,Athletics,5104
Kovacs Sarolta,Hungary,Modern Pentathlon,5105
Kovacs Zsofia,Hungary,Artistic Gymnastics,5106
Kovacs Zsofia,Hungary,Triathlon,5107
Kovacsics Aniko,Hungary,Handball,5108
Kovalenko Nazar,Ukraine,Athletics,5109
Kovalov Stanislav,Ukraine,Rowing,5110
Kovtun Illia,Ukraine,Artistic Gymnastics,5111
Kowalczuk Aleksandra,Poland,Taekwondo,5112
Kowalczyk Julia,Poland,Judo,5113
Kowalski Jerzy,Poland,Rowing,5114
Kowaluk Dariusz,Poland,Athletics,5115
Kowplos Katarina Rose,Australia,Shooting,5116
Kozak Danuta,Hungary,Canoe Sprint,5117
Kozak Luca,Hungary,Athletics,5118
Kozeniesky Lucas,United States Of America,Shooting,5119
Kozik Yulia,Roc,3X3 Basketball,5120
Kozma Dominik,Hungary,Swimming,5121
Kozorog Alja,Slovenia,Canoe Slalom,5122
Kozubek Matej,Czech Republic,Marathon Swimming,5123
Kozuch Margareta,Germany,Beach Volleyball,5124
Kozuka Miki,Japan,Hockey,5125
Kozul Deni,Slovenia,Table Tennis,5126
Kozyrev Sergei,Roc,Wrestling,5127
Krafzik Carolina,Germany,Athletics,5128
Krajewski Julia,Germany,Equestrian,5129
Krajisnik Tina,Serbia,Basketball,5130
Kraljev Milka,Argentina,Rowing,5131
Kramarenko Yana,Israel,Rhythmic Gymnastics,5132
Kramer Andreas,Sweden,Athletics,5133
Kramer Mathilde U.,Denmark,Athletics,5134
Krampl Mia,Slovenia,Sport Climbing,5135
Krasilnikov Viacheslav,Roc,Beach Volleyball,5136
Krasniqi Distria,Kosovo,Judo,5137
Krasteva Stoyka Zhelyazkova,Bulgaria,Boxing,5138
Krause Gesa Felicitas,Germany,Athletics,5139
Krausz Gergely,Hungary,Badminton,5140
Kraut Laura,United States Of America,Equestrian,5141
Kravcenoka Anastasija,Latvia,Beach Volleyball,5142
Kravchenko Zoya,Kazakhstan,Shooting,5143
Krawietz Kevin,Germany,Tennis,5144
Kreiss Fanni,Hungary,Fencing,5145
Krejcikova Barbora,Czech Republic,Tennis,5146
Kretz Amelie,Canada,Triathlon,5147
Krimi Khadija,Tunisia,Rowing,5148
Kristiansen Veronica,Norway,Handball,5149
Kritinina Natalya,Uzbekistan,Swimming,5150
Krizsan Xenia,Hungary,Athletics,5151
Kroger Mieke,Germany,Cycling Track,5152
Krommenhoek Guillaume,Netherlands,Rowing,5153
Kromowidjojo Ranomi,Netherlands,Swimming,5154
Kroppen Michelle,Germany,Archery,5155
Krpalek Lukas,Czech Republic,Judo,5156
Krsek Matej,Czech Republic,Athletics,5157
Krssakova Magdalena,Austria,Judo,5158
Krueger Casey,United States Of America,Football,5159
Krueger Stephan,Germany,Rowing,5160
Krukowski Marcin,Poland,Athletics,5161
Krumins Edgars,Latvia,3X3 Basketball,5162
Krumins Susan,Netherlands,Athletics,5163
Krunic Aleksandra,Serbia,Tennis,5164
Krupeckaite Simona,Lithuania,Cycling Track,5165
Kruse Max,Germany,Football,5166
Kruth Carina Cassoe,Denmark,Equestrian,5167
Krzewina Jakub,Poland,Athletics,5168
Kubanychbekova Kanykei,Kyrgyzstan,Shooting,5169
Kubiak Michal,Poland,Volleyball,5170
Kubis Lukas,Slovakia,Cycling Road,5171
Kubo Takefusa,Japan,Football,5172
Kubot Lukasz,Poland,Tennis,5173
Kubota Manaka,Japan,Canoe Sprint,5174
Kubova Simona,Czech Republic,Swimming,5175
Kuczera Piotr,Poland,Judo,5176
Kudashev Aleksandr,Roc,Swimming,5177
Kudermetova Veronika,Roc,Tennis,5178
Kudla Denis Maksymilian,Germany,Wrestling,5179
Kudo Kyoko,Japan,Water Polo,5180
Kudus Merhawi,Eritrea,Cycling Road,5181
Kuechler Hannah,Germany,Swimming,5182
Kuehn Julius,Germany,Handball,5183
Kueng Stefan,Switzerland,Cycling Road,5184
Kuf Jan,Czech Republic,Modern Pentathlon,5185
Kuipers Natalia Jean,"Virgin Islands, Us",Swimming,5186
Kuka Loriana,Kosovo,Judo,5187
Kukina Marina,Roc,Rugby Sevens,5188
Kuklinovska Liudmyla,Ukraine,Canoe Sprint,5189
Kukolj Aleksandar,Serbia,Judo,5190
Kukrle Michael,Czech Republic,Cycling Road,5191
Kukuk Christian,Germany,Equestrian,5192
Kukushkin Mikhail,Kazakhstan,Tennis,5193
Kulagina Daria,Belarus,Artistic Swimming,5194
Kulikov Alexandr,Kazakhstan,Canoe Slalom,5195
Kulish Serhiy,Ukraine,Shooting,5196
Kullberg Emma,Sweden,Football,5197
Kullmann Leonie Marlen,Germany,Swimming,5198
Kumagai Saki,Japan,Football,5199
Kumahara Caroline,Brazil,Table Tennis,5200
Kumanan Nethra,India,Sailing,5201
Kumar Ashish,India,Boxing,5202
Kumar Deepak,India,Shooting,5203
Kumar Nikhil,United States Of America,Table Tennis,5204
Kumar Sandeep,India,Athletics,5205
Kumar Surender,India,Hockey,5206
Kumar Varun,India,Hockey,5207
Kumari Deepika,India,Archery,5208
Kunaiyi-Akpanah Pallas,Nigeria,Basketball,5209
Kundananji Racheal,Zambia,Football,5210
Kundu Agripina Khayesi,Kenya,Volleyball,5211
Kunkabayev Kamshybek,Kazakhstan,Boxing,5212
Kunz Annie,United States Of America,Athletics,5213
Kunzang Lenchu,Bhutan,Shooting,5214
Kunze Kahena,Brazil,Sailing,5215
Kuo Hsing-Chun,Chinese Taipei,Weightlifting,5216
Kuosmanen Matti Elias,Finland,Wrestling,5217
Kurachkina Iryna,Belarus,Wrestling,5218
Kurbanov Ruslan,Kazakhstan,Fencing,5219
Kurbanov Ruslan,Uzbekistan,Athletics,5220
Kurek Bartosz,Poland,Volleyball,5221
Kuribayashi Ryoji,Japan,Baseball/Softball,5222
Kurihara Ryoya,Japan,Baseball/Softball,5223
Kurikova Petra,Czech Republic,Triathlon,5224
Kurochkina Ekaterina,Roc,Rowing,5225
Kurogo Ai,Japan,Volleyball,5226
Kurokawa Kazuki,Japan,Athletics,5227
Kurtbay Sinem,Finland,Sailing,5228
Kus Nafia,Turkey,Taekwondo,5229
Kusch Marius,Germany,Swimming,5230
Kusterer Sabine Beate,Germany,Weightlifting,5231
Kuuba Kristin,Estonia,Badminton,5232
Kuusela Toni,Finland,Athletics,5233
Kuworge Enzo Kofi,Netherlands,Weightlifting,5234
Kuzakhmetov Artem,Roc,Canoe Sprint,5235
Kuziutina Natalia,Roc,Judo,5236
Kuznetsov Evgenii,Roc,Diving,5237
Kuznetsova Polina,Roc,Handball,5238
Kvesic Ivan,Croatia,Karate,5239
Kvitova Petra,Czech Republic,Tennis,5240
Kwak Junghye,Republic Of Korea,Shooting,5241
Kwasna Magdalena,Poland,Sailing,5242
Kwayie Lisa Marie,Germany,Athletics,5243
Kweon Youngjun,Republic Of Korea,Fencing,5244
Kwiatkowski Michal,Poland,Cycling Road,5245
Kwon Changhoon,Republic Of Korea,Football,5246
Kwon Eunji,Republic Of Korea,Shooting,5247
Kwon Halim,Republic Of Korea,Diving,5248
Kwon Soonwoo,Republic Of Korea,Tennis,5249
Kylypko Maryna,Ukraine,Athletics,5250
Kynigakis Athanasios,Greece,Marathon Swimming,5251
Kyogoku Okina,Japan,Artistic Swimming,5252
Kyriakopoulou Nikoleta,Greece,Athletics,5253
Kyridou Anneta,Greece,Rowing,5254
Kyridou Maria,Greece,Rowing,5255
La Cruz Julio,Cuba,Boxing,5256
La Roche Shae,Canada,Water Polo,5257
Laaraj Nada,Morocco,Taekwondo,5258
Labbe Stephanie,Canada,Football,5259
Labous Juliette,France,Cycling Road,5260
Labrousse Lea,France,Trampoline Gymnastics,5261
Lacatena Alexia,Italy,Baseball/Softball,5262
Lack Rachel,Australia,Baseball/Softball,5263
Lacoste Sokhna,France,Athletics,5264
Lacrabere Alexandra,France,Handball,5265
Lacruz Enrico,Netherlands,Boxing,5266
Lafond Thea,Dominica,Athletics,5267
Lafont Marie-Zelia,France,Canoe Slalom,5268
Lagab Azzedine,Algeria,Cycling Road,5269
Lagan Alexis,United States Of America,Shooting,5270
Lage Andres,Venezuela,Sailing,5271
Lagergren Albin,Sweden,Handball,5272
Lagerquist Anna,Sweden,Handball,5273
Laghouag Karim Florent,France,Equestrian,5274
Lahiri Anirban,India,Golf,5275
Lahoulou Abdelmalik,Algeria,Athletics,5276
Lahti Sarah,Sweden,Athletics,5277
Lainez Diego,Mexico,Football,5278
Laitarovsky Michael,Israel,Swimming,5279
Lake Morgan,Great Britain,Athletics,5280
Lakind Jared,Israel,Baseball/Softball,5281
Lakra Birendra,India,Hockey,5282
Lal Jat Arjun,India,Rowing,5283
Lalonde Genevieve,Canada,Athletics,5284
Lalova-Collio Ivet,Bulgaria,Athletics,5285
Lalremsiami,India,Hockey,5286
Lam Siu Hang,"Hong Kong, China",Table Tennis,5287
Lam Timothy,United States Of America,Badminton,5288
Lambe Eimear,Ireland,Rowing,5289
Lambriex Bart,Netherlands,Sailing,5290
Lamdassem Ayad,Spain,Athletics,5291
Lamolle Mathilde,France,Shooting,5292
Lamon Francesco,Italy,Cycling Track,5293
Lamote Renelle,France,Athletics,5294
Lamoureux Jay,Canada,Cycling Track,5295
Lampela Elina,Finland,Athletics,5296
Lamsfuss Mark,Germany,Badminton,5297
Lan Minghao,People'S Republic Of China,Fencing,5298
Landale Jock,Australia,Basketball,5299
Landazuri Marizol,Ecuador,Athletics,5300
Landin Magnus,Denmark,Handball,5301
Landin Niklas,Denmark,Handball,5302
Landolsi Nihel,Tunisia,Judo,5303
Landoulsi Nouha,Tunisia,Weightlifting,5304
Landry Ghislaine,Canada,Rugby Sevens,5305
Lane Ben,Great Britain,Badminton,5306
Lane Sam,New Zealand,Hockey,5307
Lang Salome,Switzerland,Athletics,5308
Langaro Haniel,Brazil,Handball,5309
Langasque Romain,France,Golf,5310
Langat Weldon,Kenya,Athletics,5311
Lange Santiago Raul,Argentina,Sailing,5312
Lange Tobias,Germany,Athletics,5313
Langehanenberg Helen,Germany,Equestrian,5314
Langerfeld Kai,Canada,Rowing,5315
Langlois Andreanne,Canada,Canoe Sprint,5316
Langrehr Rebecca,Germany,Modern Pentathlon,5317
Lanir Inbar,Israel,Judo,5318
Lansiquot Imani,Great Britain,Athletics,5319
Lanzi Asia,Italy,Skateboarding,5320
Lappa Natasa,Cyprus,Sailing,5321
Lappage Danielle Suzanne,Canada,Wrestling,5322
Laprovittola Nicolas,Argentina,Basketball,5323
Lara Che,Trinidad And Tobago,Athletics,5324
Lara Francisca,Chile,Football,5325
Lara Krystal,Dominican Republic,Swimming,5326
Lararaudeuse Jeremie,Mauritius,Athletics,5327
Larcheron Madeleine,France,Skateboarding,5328
Larin Vladislav,Roc,Taekwondo,5329
Larkin Mitch,Australia,Swimming,5330
Larocca Jose Maria Jr,Argentina,Equestrian,5331
Larroque Koumba,France,Wrestling,5332
Larsen Henrik,Norway,Shooting,5333
Larsen Niklas,Denmark,Cycling Track,5334
Larson Jordan,United States Of America,Volleyball,5335
Larumbe Gonfaus Marc,Spain,Water Polo,5336
Lasa Emiliano,Uruguay,Athletics,5337
Lasitskene Mariya,Roc,Athletics,5338
Lassource Coralie,France,Handball,5339
Lattimer Maxwell,Canada,Rowing,5340
Latypov Danis,Bahrain,Boxing,5341
Lau Mo Sheung Grace,"Hong Kong, China",Karate,5342
Laugher Jack,Great Britain,Diving,5343
Launay Antoine,Portugal,Canoe Slalom,5344
Laurenson Cameron Bain,South Africa,Water Polo,5345
Laurie Katie,Australia,Equestrian,5346
Laurin Althea,France,Taekwondo,5347
Laus Camille,Belgium,Athletics,5348
Lavarnway Ryan,Israel,Baseball/Softball,5349
Lavelle Rose,United States Of America,Football,5350
Lavery Nicholas,Australia,Rowing,5351
Lavey Tess,Australia,Basketball,5352
Lavia Daniele,Italy,Volleyball,5353
Lavicky Karel,Czech Republic,Sailing,5354
Lavillenie Renaud,France,Athletics,5355
Lavillenie Valentin,France,Athletics,5356
Lavin Sarah,Ireland,Athletics,5357
Lavreysen Harrie,Netherlands,Cycling Track,5358
Lavrova Anastassiya,Kazakhstan,Table Tennis,5359
Lawler Marcus,Ireland,Athletics,5360
Lawrence Ashley,Canada,Football,5361
Lawrence Shadae,Jamaica,Athletics,5362
Lawrie Danielle,Canada,Baseball/Softball,5363
Lawson Nathan,Australia,Rugby Sevens,5364
Lawton Amy Rose,Australia,Hockey,5365
Lay Jian Fang,Australia,Table Tennis,5366
Layne Kelly,Australia,Equestrian,5367
Lazarev Aiaal,Kyrgyzstan,Wrestling,5368
Lazareva Anna,Roc,Volleyball,5369
Lazcano Julieta Constanza,Argentina,Volleyball,5370
Lazic Dorde,Serbia,Water Polo,5371
Lazor Annie,United States Of America,Swimming,5372
Le Blouch Kilian,France,Judo,5373
Le Clos Chad,South Africa,Swimming,5374
Le Fee Enzo,France,Football,5375
Le Goff Nicolas,France,Volleyball,5376
Le Pechoux Erwann,France,Fencing,5377
Le Thanh Tung,Vietnam,Artistic Gymnastics,5378
Leahy Conor,Australia,Cycling Track,5379
Leal Hidalgo Yoandy,Brazil,Volleyball,5380
Leal Rayssa,Brazil,Skateboarding,5381
Learmonth Jessica,Great Britain,Triathlon,5382
Leask Harry,Great Britain,Rowing,5383
Leat Anna,New Zealand,Football,5384
Leavy Adam,Ireland,Rugby Sevens,5385
Lebedeva Anastasia,Roc,Rowing,5386
Lebedeva Iana,Roc,Trampoline Gymnastics,5387
Lebesson Emmanuel,France,Table Tennis,5388
Leblanc-Bazinet Rachel,Canada,Weightlifting,5389
Lechner Eva,Italy,Cycling Mountain Bike,5390
Lechuga Kenia,Mexico,Rowing,5391
Lecluyse Fanny,Belgium,Swimming,5392
Lecointre Camille,France,Sailing,5393
Lecomte Loana,France,Cycling Mountain Bike,5394
Ledecky Kathleen,United States Of America,Swimming,5395
Ledgister Leonardo,Jamaica,Athletics,5396
Leduc Cynthia,France,Athletics,5397
Lee Ahreum,Republic Of Korea,Taekwondo,5398
Lee Chih Kai,Chinese Taipei,Artistic Gymnastics,5399
Lee Dabin,Republic Of Korea,Taekwondo,5400
Lee Daehoon,Republic Of Korea,Taekwondo,5401
Lee Donggyeong,Republic Of Korea,Football,5402
Lee Dongjun,Republic Of Korea,Football,5403
Lee Euilee,Republic Of Korea,Baseball/Softball,5404
Lee Eunji,Republic Of Korea,Swimming,5405
Lee Ho Ching,"Hong Kong, China",Table Tennis,5406
Lee Hojoon,Republic Of Korea,Swimming,5407
Lee Hyein,Republic Of Korea,Fencing,5408
Lee Hyejin,Republic Of Korea,Cycling Track,5409
Lee Hup Wei,Malaysia,Athletics,5410
Lee Hoi Yan Jessica,"Hong Kong, China",Cycling Track,5411
Lee Jung Hoo,Republic Of Korea,Baseball/Softball,5412
Lee Jinkyu,Republic Of Korea,Rugby Sevens,5413
Lee Jongjun,Republic Of Korea,Shooting,5414
Lee Junho,Republic Of Korea,Artistic Gymnastics,5415
Lee Kangin,Republic Of Korea,Football,5416
Lee Kareena,Australia,Marathon Swimming,5417
Lee Kwanghyun,Republic Of Korea,Fencing,5418
Lee Lauren,Haiti,Taekwondo,5419
Lee Matty,Great Britain,Diving,5420
Lee Migyeong,Republic Of Korea,Handball,5421
Lee Min,Chinese Taipei,Golf,5422
Lee Minjee,Australia,Golf,5423
Lee Meng Yean,Malaysia,Badminton,5424
Lee Se-Bom,Australia,Swimming,5425
Lee Sangmin,Republic Of Korea,Football,5426
Lee Sangsu,Republic Of Korea,Table Tennis,5427
Lee Seongbae,Republic Of Korea,Rugby Sevens,5428
Lee Sohee,Republic Of Korea,Badminton,5429
Lee Soyoung,Republic Of Korea,Volleyball,5430
Lee Sungho,Republic Of Korea,Judo,5431
Lee Sunisa,United States Of America,Artistic Gymnastics,5432
Lee Seon Mi,Republic Of Korea,Weightlifting,5433
Lee Yang,Chinese Taipei,Badminton,5434
Lee Youhyeon,Republic Of Korea,Football,5435
Lee Yunseo,Republic Of Korea,Artistic Gymnastics,5436
Lee Zii Jia,Malaysia,Badminton,5437
Lefebvre Helene,France,Rowing,5438
Lefort Enzo,France,Fencing,5439
Lehaci Ana-Roxana,Austria,Canoe Sprint,5440
Lehaci Florin,Romania,Rowing,5441
Lehikoinen Viivi,Finland,Athletics,5442
Lehis Katrina,Estonia,Fencing,5443
Lei Chien-Ying,Chinese Taipei,Archery,5444
Leibfarth Evy,United States Of America,Canoe Slalom,5445
Leichman Alon,Israel,Baseball/Softball,5446
Leilua Eroni,Samoa,Sailing,5447
Leimeter Dora,Hungary,Water Polo,5448
Leishman Marc,Australia,Golf,5449
Leiton Arrones Paula,Spain,Water Polo,5450
Leknessund Andreas,Norway,Cycling Road,5451
Leleivyte Rasa,Lithuania,Cycling Road,5452
Lelior Anat,Israel,Surfing,5453
Lemay-Lavoie Elyse,Canada,Water Polo,5454
Lembach Charlotte,France,Fencing,5455
Lembethe Nduduza Peabo,South Africa,Hockey,5456
Lemi Teddese,Ethiopia,Athletics,5457
Lemke Finn,Germany,Handball,5458
Lemke Max,Germany,Canoe Sprint,5459
Lemma Sisay,Ethiopia,Athletics,5460
Lemmens Silke,Switzerland,Athletics,5461
Lemonious Phillip,Jamaica,Athletics,5462
Lemos Ana Claudia,Brazil,Athletics,5463
Lendore Deon,Trinidad And Tobago,Athletics,5464
Lennox Hugo,Ireland,Rugby Sevens,5465
Leon Adriana,Canada,Football,5466
Leon Danny,Spain,Skateboarding,5467
Leon Karen,Venezuela,Judo,5468
Leon Venero Wilfredo,Poland,Volleyball,5469
Leonardi Giuseppe,Italy,Athletics,5470
Leong Mun Yee,Malaysia,Diving,5471
Lepage Pierce,Canada,Athletics,5472
Leprevost Penelope,France,Equestrian,5473
Lesaffre Fantine,France,Swimming,5474
Lescay Gay Lester Alcides,Cuba,Athletics,5475
Leshukov Ilya,Roc,Beach Volleyball,5476
Lesiewicz Kornelia,Poland,Athletics,5477
Lesiuk Artem,Ukraine,Judo,5478
Lessmann Lara Marie,Germany,Cycling Bmx Freestyle,5479
Letcher Luke,Australia,Rowing,5480
Leth Julie,Denmark,Cycling Track,5481
Leticia,Brazil,Football,5482
Lett Dane,New Zealand,Hockey,5483
Leung Bo Yee,"Hong Kong, China",Cycling Track,5484
Leung Janet,Canada,Baseball/Softball,5485
Leung Simon Wing Hang,Australia,Badminton,5486
Leurink Laurien,Netherlands,Hockey,5487
Leuta Matai,United States Of America,Rugby Sevens,5488
Levajac Dimitrije,Serbia,Table Tennis,5489
Levchenko Yuliya,Ukraine,Athletics,5490
Leverdez Brice,France,Badminton,5491
Leverett Henry Turner,United States Of America,Shooting,5492
Leverett Iii Jack Hobson,United States Of America,Shooting,5493
Levi Maddison,Australia,Rugby Sevens,5494
Levins Cameron,Canada,Athletics,5495
Levit Vassiliy,Kazakhstan,Boxing,5496
Levterov Kaloyan,Bulgaria,Swimming,5497
Levy Maximilian,Germany,Cycling Track,5498
Levy Ronald,Jamaica,Athletics,5499
Levytska-Shukvani Tetiana,Georgia,Judo,5500
Lewandowski Marcin,Poland,Athletics,5501
Lewis Andrew,Trinidad And Tobago,Sailing,5502
Lewis Clayton,New Zealand,Football,5503
Lewis Emily,Great Britain,Canoe Sprint,5504
Leynaud Amandine,France,Handball,5505
Leyva Yepez Alfonso Antonio,Mexico,Wrestling,5506
Leyver Jose,Mexico,Athletics,5507
Li Bingjie,People'S Republic Of China,Swimming,5508
Li Dongxiao,People'S Republic Of China,Hockey,5509
Li Fabin,People'S Republic Of China,Weightlifting,5510
Li Haonan,People'S Republic Of China,3X3 Basketball,5511
Li He,People'S Republic Of China,Athletics,5512
Li Hong,People'S Republic Of China,Hockey,5513
Li Jialun,People'S Republic Of China,Archery,5514
Li Jiaqi,People'S Republic Of China,Hockey,5515
Li Jingjing,People'S Republic Of China,Rowing,5516
Li Jun Hui,People'S Republic Of China,Badminton,5517
Li Ling,People'S Republic Of China,Athletics,5518
Li Meng,People'S Republic Of China,Basketball,5519
Li Mengwen,People'S Republic Of China,Football,5520
Li Michelle,Canada,Badminton,5521
Li Qian,People'S Republic Of China,Boxing,5522
Li Qian,Poland,Table Tennis,5523
Li Qingtong,People'S Republic Of China,Football,5524
Li Shixin,Australia,Diving,5525
Li Shuhuan,People'S Republic Of China,Modern Pentathlon,5526
Li Tong,People'S Republic Of China,Canoe Slalom,5527
Li Wenwen,People'S Republic Of China,Weightlifting,5528
Li Yaofeng,People'S Republic Of China,Equestrian,5529
Li Yin Hui,People'S Republic Of China,Badminton,5530
Li Yingying,People'S Republic Of China,Volleyball,5531
Li Yuan,People'S Republic Of China,Basketball,5532
Li Yuehong,People'S Republic Of China,Shooting,5533
Li Yueru,People'S Republic Of China,Basketball,5534
Li Yuting,People'S Republic Of China,Athletics,5535
Li Yvonne,Germany,Badminton,5536
Li Zhenqiang,People'S Republic Of China,Equestrian,5537
Li Zhixuan,People'S Republic Of China,Athletics,5538
Liakhovich Aliaksandr,Belarus,Athletics,5539
Liang Meiyu,People'S Republic Of China,Hockey,5540
Liang Ruiji,People'S Republic Of China,Equestrian,5541
Liang Xiaojing,People'S Republic Of China,Athletics,5542
Liang Xinping,People'S Republic Of China,Artistic Swimming,5543
Liao Qiuyun,People'S Republic Of China,Weightlifting,5544
Lichagina Yulia,Roc,Fencing,5545
Licwinko Kamila,Poland,Athletics,5546
Liebig Fabian,Germany,Modern Pentathlon,5547
Lien Chen-Ling,Chinese Taipei,Judo,5548
Liendo Edwards Joshua,Canada,Swimming,5549
Lieser Ondrej,Czech Republic,Golf,5550
Liew Li-Shan Chantal,Singapore,Marathon Swimming,5551
Lifanov Alexander,Roc,Modern Pentathlon,5552
Lifu Mary Kini,Solomon Islands,Weightlifting,5553
Lightfoot Kc,United States Of America,Athletics,5554
Lihadji Isaac,France,Football,5555
Likmabam Shushila Devi,India,Judo,5556
Likuceva Laisana,Fiji,Rugby Sevens,5557
Lill Candice,South Africa,Cycling Mountain Bike,5558
Lillard Damian,United States Of America,Basketball,5559
Lilley Jake,Australia,Sailing,5560
Lim Kimberly Min,Singapore,Sailing,5561
Lim Shen-Yan Freida,Singapore,Diving,5562
Lima Bruno,Argentina,Volleyball,5563
Lima Felipe,Brazil,Swimming,5564
Lima Jorge,Portugal,Sailing,5565
Lima Silvana,Brazil,Surfing,5566
Limardo Gascon Ruben,Venezuela,Fencing,5567
Limberg Alex,South Africa,Cycling Bmx Racing,5568
Limtiaco Tasi,Federated States Of Micronesia,Swimming,5569
Lin Chia-En,Chinese Taipei,Archery,5570
Lin Chen-Hao,Chinese Taipei,Judo,5571
Lin Chaopan,People'S Republic Of China,Artistic Gymnastics,5572
Lin Junmin,People'S Republic Of China,Shooting,5573
Lin Sheng,People'S Republic Of China,Fencing,5574
Lin Wenjun,People'S Republic Of China,Canoe Sprint,5575
Lin Xinyu,People'S Republic Of China,Rowing,5576
Lin Xiyu,People'S Republic Of China,Golf,5577
Lin Yik Hei Coco,"Hong Kong, China",Fencing,5578
Lin Yun Ju,Chinese Taipei,Table Tennis,5579
Lin Ye,Singapore,Table Tennis,5580
Lin Yuemei,People'S Republic Of China,Shooting,5581
Lin Yuping,People'S Republic Of China,Football,5582
Lin Ying-Shin,Chinese Taipei,Shooting,5583
Lin Yu-Ting,Chinese Taipei,Boxing,5584
Lin Zushen,People'S Republic Of China,Wrestling,5585
Lindahl Hedvig,Sweden,Football,5586
Lindemann Laura,Germany,Triathlon,5587
Linden Desiree,United States Of America,Athletics,5588
Lindo Alvarez Neshi Lee,Costa Rica,Taekwondo,5589
Lindo Christabel,Kenya,Rugby Sevens,5590
Lindqvist Emma,Sweden,Handball,5591
Lindsay Hague Ollie,Great Britain,Rugby Sevens,5592
Lindskog Anton,Sweden,Handball,5593
Linette Magda,Poland,Tennis,5594
Linke Christopher,Germany,Athletics,5595
Linkiewicz Joanna,Poland,Athletics,5596
Linskens Kyara,Belgium,Basketball,5597
Liparteliani Eteri,Georgia,Judo,5598
Liparteliani Varlam,Georgia,Judo,5599
Lipetz Shlomo,Israel,Baseball/Softball,5600
Lipilin Pavel,Kazakhstan,Water Polo,5601
Lippert Liane,Germany,Cycling Road,5602
Liptak Jiri,Czech Republic,Shooting,5603
Lira Luana,Brazil,Diving,5604
Lisi Veronica,Italy,Rowing,5605
Lisowska Aleksandra,Poland,Athletics,5606
Listunova Viktoriia,Roc,Artistic Gymnastics,5607
Lita Baehre Bo Kanda,Germany,Athletics,5608
Litaniuk Valeriy,Ukraine,Athletics,5609
Litchfield Joe,Great Britain,Swimming,5610
Litchfield Max,Great Britain,Swimming,5611
Litherland Jay,United States Of America,Swimming,5612
Liti David Andrew,New Zealand,Weightlifting,5613
Little Kim,Great Britain,Football,5614
Little Mackenzie,Australia,Athletics,5615
Little Shamier,United States Of America,Athletics,5616
Litvin Mikhail,Kazakhstan,Athletics,5617
Litvinau Uladzislau,Belarus,Canoe Sprint,5618
Litvinchuk Maryna,Belarus,Canoe Sprint,5619
Litvinov David,Israel,Weightlifting,5620
Litvinovich Ivan,Belarus,Trampoline Gymnastics,5621
Liu Dang,People'S Republic Of China,Rowing,5622
Liu Hao,People'S Republic Of China,Canoe Sprint,5623
Liu Jia,Austria,Table Tennis,5624
Liu Jiali,People'S Republic Of China,Cycling Track,5625
Liu Jinchao,People'S Republic Of China,Rowing,5626
Liu Jing,People'S Republic Of China,Football,5627
Liu Juan,United States Of America,Table Tennis,5628
Liu Lingling,People'S Republic Of China,Trampoline Gymnastics,5629
Liu Meng,People'S Republic Of China,Hockey,5630
Liu Minghu,People'S Republic Of China,Wrestling,5631
Liu Shiwen,People'S Republic Of China,Table Tennis,5632
Liu Shiying,People'S Republic Of China,Athletics,5633
Liu Wei-Ting,Chinese Taipei,Taekwondo,5634
Liu Xiaoqian,People'S Republic Of China,Rugby Sevens,5635
Liu Xiaotong,People'S Republic Of China,Volleyball,5636
Liu Xiaoxin,People'S Republic Of China,Rowing,5637
Liu Xin,People'S Republic Of China,Rhythmic Gymnastics,5638
Liu Yang,People'S Republic Of China,Artistic Gymnastics,5639
Liu Yanhan,People'S Republic Of China,Volleyball,5640
Liu Yaxin,People'S Republic Of China,Swimming,5641
Liu Yu Chen,People'S Republic Of China,Badminton,5642
Liu Zhiyu,People'S Republic Of China,Rowing,5643
Liukkonen Ari-Pekka,Finland,Swimming,5644
Livach Oksana,Ukraine,Wrestling,5645
Lkhagvasuren Otgonbaatar,Mongolia,Judo,5646
Lkhagvasuren Sosorbaram,Mongolia,Judo,5647
Llavador Carlos,Spain,Fencing,5648
Lleonart Blanco Xavier,Spain,Hockey,5649
Llorente David,Spain,Canoe Slalom,5650
Lloyd Carli,United States Of America,Football,5651
Lloyd Joella,Antigua And Barbuda,Athletics,5652
Lloyd Tess,Australia,Sailing,5653
Llull Sergio,Spain,Basketball,5654
Lo Chia-Ling,Chinese Taipei,Taekwondo,5655
Lo Maodo,Germany,Basketball,5656
Lo Ryan,Singapore,Sailing,5657
Loach Colleen,Canada,Equestrian,5658
Lobanovskij Maxim,Hungary,Swimming,5659
Lobe Ricarda,Germany,Athletics,5660
Lobnig Magdalena,Austria,Rowing,5661
Loboda Kinga,Poland,Sailing,5662
Lochowska Joanna,Poland,Weightlifting,5663
Lodadio Marco,Italy,Artistic Gymnastics,5664
Lodo Matteo,Italy,Rowing,5665
Loe Olivia,New Zealand,Rowing,5666
Loeuillette Stephanie,France,Table Tennis,5667
Loew Andreas,Germany,Shooting,5668
Loewen Eduard,Germany,Football,5669
Loeyning Ingeborg,Norway,Swimming,5670
Loforte Kevin,Mozambique,Judo,5671
Logarzo Chloe,Australia,Football,5672
Logofatu Elena,Romania,Rowing,5673
Logunova Anastasiia,Roc,3X3 Basketball,5674
Logutenkova Inna,Ukraine,Equestrian,5675
Loh Kean Yew,Singapore,Badminton,5676
Lohalith Anjelina Nadai,Refugee Olympic Team,Athletics,5677
Lohvynenko Alina,Ukraine,Athletics,5678
Loiv Janika,Estonia,Cycling Mountain Bike,5679
Lokhanov Konstantin,Roc,Fencing,5680
Lokoro Paulo Amotun,Refugee Olympic Team,Athletics,5681
Loktev Denis,Israel,Swimming,5682
Lomacz Grzegorz,Poland,Volleyball,5683
Lombardo Manuel,Italy,Judo,5684
Lomnicky Marcel,Slovakia,Athletics,5685
Loncar Luka,Croatia,Water Polo,5686
London Wilbert,United States Of America,Athletics,5687
Long Hurly,Germany,Golf,5688
Long Jia,People'S Republic Of China,Wrestling,5689
Long Xiaoqing,People'S Republic Of China,Archery,5690
Longan Amanda,United States Of America,Water Polo,5691
Longbottom Maurice,Australia,Rugby Sevens,5692
Longhi Giulia,Italy,Baseball/Softball,5693
Longo Annalie,New Zealand,Football,5694
Longo Borghini Elisa,Italy,Cycling Road,5695
Loo Phay Xing,Malaysia,Artistic Gymnastics,5696
Looser Vera,Namibia,Cycling Road,5697
Lopas Jack,New Zealand,Rowing,5698
Lopes Gabriel,Portugal,Swimming,5699
Lopes Vittoria,Brazil,Triathlon,5700
Lopez Arlen,Cuba,Boxing,5701
Lopez Brayan,Italy,Athletics,5702
Lopez Ferrer Ana Gabriela,Mexico,Weightlifting,5703
Lopez Garcia Maria,Spain,Hockey,5704
Lopez Gabriela,Mexico,Golf,5705
Lopez Herrero Marta,Spain,Handball,5706
Lopez Jimenez Soledad,Spain,Handball,5707
Lopez Jack,United States Of America,Baseball/Softball,5708
Lopez Juan Martin,Argentina,Hockey,5709
Lopez Jesus Tonatiu,Mexico,Athletics,5710
Lopez Miguel Angel,Spain,Athletics,5711
Lopez Marra Iago,Spain,Sailing,5712
Opazo Nayadet,Chile,Football,5713
Lopez Nunez Mijain,Cuba,Wrestling,5714
Lopez Pinedo Daniel,Spain,Water Polo,5715
Lopez Yessenia,Chile,Football,5716
Lopez Yulisa,Guatemala,Rowing,5717
Lorenz Nike,Germany,Hockey,5718
Lorincz Viktor,Hungary,Wrestling,5719
Lorona Vladimir,Mexico,Football,5720
Los Urszula,Poland,Cycling Track,5721
Loschiavo Brandon,United States Of America,Diving,5722
Loser Agustin,Argentina,Volleyball,5723
Losev Ivan,Ukraine,Athletics,5724
Losiak Bartosz,Poland,Beach Volleyball,5725
Losos De Muniz Yvonne,Dominican Republic,Equestrian,5726
Lotfy Giana,Egypt,Karate,5727
Louati Yacine,France,Volleyball,5728
Lovett Django,Canada,Athletics,5729
Lovett Eddie,"Virgin Islands, Us",Athletics,5730
Low Rui Qi Cecilia,Singapore,Sailing,5731
Lowengart Assaf,Israel,Baseball/Softball,5732
Lowry Shane,Ireland,Golf,5733
Loyd Jewell,United States Of America,Basketball,5734
Loyo Elena,Spain,Athletics,5735
Lozada-Cabbage Sabrina,Puerto Rico,Basketball,5736
Lu Shao-Chuan,Chinese Taipei,Shooting,5737
Lu Tongjuan,People'S Republic Of China,Judo,5738
Lu Yen-Hsun,Chinese Taipei,Tennis,5739
Lu Yiwen,People'S Republic Of China,Water Polo,5740
Lu Yufei,People'S Republic Of China,Artistic Gymnastics,5741
Lu Yunxiu,People'S Republic Of China,Sailing,5742
Lubandji Ochumba,Zambia,Football,5743
Lubeck Christian,Denmark,Sailing,5744
Lucao,Brazil,Football,5745
Lucar Jaimes Jose Maria,Peru,Boxing,5746
Lucena Nicholas,United States Of America,Beach Volleyball,5747
Lucenti Emmanuel,Argentina,Judo,5748
Luckenkemper Gina,Germany,Athletics,5749
Lucz Dora,Hungary,Canoe Sprint,5750
Luczak Grace,United States Of America,Rowing,5751
Ludmila,Brazil,Football,5752
Ludrick Rivas Sema Nancy,Nicaragua,Weightlifting,5753
Ludwig Cecilie Uttrup,Denmark,Cycling Road,5754
Ludwig Hannah,Germany,Cycling Road,5755
Ludwig Laura,Germany,Beach Volleyball,5756
Luecken Robert,Netherlands,Rowing,5757
Luik Aivi,Australia,Football,5758
Luis Vincent,France,Triathlon,5759
Lukacs Viktoria,Hungary,Handball,5760
Lukan Kaili,Canada,Rugby Sevens,5761
Lukan Klara,Slovenia,Athletics,5762
Lukantsov Evgenii,Roc,Canoe Sprint,5763
Luke Dennick,Dominica,Athletics,5764
Lukudo Raphaela Boaheng,Italy,Athletics,5765
Lunatti Emma,France,Rowing,5766
Lunde Katrine,Norway,Handball,5767
Lundstrom Mathilda,Sweden,Handball,5768
Lunev Ruslan,Azerbaijan,Shooting,5769
Lungu Ireen,Zambia,Football,5770
Luo Guiping,People'S Republic Of China,Football,5771
Luo Na,People'S Republic Of China,Athletics,5772
Luo Shuai,People'S Republic Of China,Modern Pentathlon,5773
Luo Tiantian,People'S Republic Of China,Hockey,5774
Luo Yadong,People'S Republic Of China,Athletics,5775
Luongo Stefano,Italy,Water Polo,5776
Lupo Daniele,Italy,Beach Volleyball,5777
Lusenaka Joy,Kenya,Volleyball,5778
Lushina Daria,Roc,Rugby Sevens,5779
Lutfillaev Sharafuddin,Uzbekistan,Judo,5780
Lutsenko Alexey,Kazakhstan,Cycling Road,5781
Lutz Tina,Germany,Sailing,5782
Luwawu Kongbo Timothe,France,Basketball,5783
Luypaert Loick Fanny A,Belgium,Hockey,5784
Luzan Liudmyla,Ukraine,Canoe Sprint,5785
Luzan Yelyzaveta,Azerbaijan,Rhythmic Gymnastics,5786
Luzolo Maryse,Germany,Athletics,5787
Lydement Matthew Ryan,Australia,Weightlifting,5788
Lye Joey,Canada,Baseball/Softball,5789
Lyle Adrienne,United States Of America,Equestrian,5790
Lyles Noah,United States Of America,Athletics,5791
Lynch Rachael Anne,Australia,Hockey,5792
Lysenko Anna,Ukraine,Boxing,5793
Lyskun Sofiia,Ukraine,Diving,5794
Lyu Xiaojun,People'S Republic Of China,Weightlifting,5795
Lyu Xiuzhi,People'S Republic Of China,Athletics,5796
Lyu Yang,People'S Republic Of China,Rowing,5797
Ahsan Mohammad,Indonesia,Badminton,5798
Ma Long,People'S Republic Of China,Table Tennis,5799
Ma Qing,People'S Republic Of China,Canoe Sprint,5800
Ma Segeon,Republic Of Korea,Fencing,5801
Ma Zhenzhao,People'S Republic Of China,Judo,5802
Maafi Lamjed,Tunisia,Wrestling,5803
Maar Stephen Timothy,Canada,Volleyball,5804
Maartens Meghan,South Africa,Water Polo,5805
Mabiliso Sibusiso,South Africa,Football,5806
Mac Allister Alexis,Argentina,Football,5807
Macan Marko,Croatia,Water Polo,5808
Macario Catarina,United States Of America,Football,5809
Macarol Veronika,Slovenia,Sailing,5810
Macaulay Victoria,Nigeria,Basketball,5811
Maccari Sofia,Argentina,Hockey,5812
Macdonald Matt,New Zealand,Rowing,5813
Macfarlane Eve,New Zealand,Rowing,5814
Mach Angelika,Poland,Athletics,5815
Machac Tomas,Czech Republic,Tennis,5816
Machado Juliana,Angola,Handball,5817
Machado Keno,Brazil,Boxing,5818
Machava Creve Armando,Mozambique,Athletics,5819
Machava Maria,Mozambique,Sailing,5820
Machida Koki,Japan,Football,5821
Machida Rui,Japan,Basketball,5822
Macias Daniela,Peru,Badminton,5823
Macias Tommy,Sweden,Judo,5824
Maciel Leonel Carlos Sergio,Argentina,Handball,5825
Maciver Sandy,Great Britain,Football,5826
Mackenzie Oceania,Australia,Sport Climbing,5827
Mackiewicz Andrew,United States Of America,Fencing,5828
Mackintosh Thomas,New Zealand,Rowing,5829
Mackovic Martin,Serbia,Rowing,5830
Maclean Heather,United States Of America,Athletics,5831
Maclennan Rosannagh,Canada,Trampoline Gymnastics,5832
Macneil Margaret,Canada,Swimming,5833
Madarasz Dora,Hungary,Table Tennis,5834
Madarasz Viktoria,Hungary,Athletics,5835
Madari Palliyalil Jabir,India,Athletics,5836
Maddalena Sagen,United States Of America,Shooting,5837
Madden Cicely,United States Of America,Rowing,5838
Madden Paige,United States Of America,Swimming,5839
Maddocks Charne,South Africa,Hockey,5840
Madera Delgado Andres Eduardo,Venezuela,Karate,5841
Madgen Tess,Australia,Basketball,5842
Madi Lwazi,South Africa,Water Polo,5843
Madiev Eskerkhan,Georgia,Boxing,5844
Madsen Frederik,Denmark,Cycling Track,5845
Madsen Nanna Koerstz,Denmark,Golf,5846
Maeda Daizen,Japan,Football,5847
Maeda Honami,Japan,Athletics,5848
Maeda Mahina,Japan,Surfing,5849
Maeder Gino,Switzerland,Cycling Road,5850
Maee Epp,Estonia,Wrestling,5851
Maegli Juan,Guatemala,Sailing,5852
Maenhaut Van Lemberge Isaura,Belgium,Sailing,5853
Maertens Pia,Germany,Hockey,5854
Magalhaes Fabio,Portugal,Handball,5855
Maganga Gorra Guy,Gabon,Athletics,5856
Magaz Medrano Alicia,Spain,Hockey,5857
Magbegor Ezi,Australia,Basketball,5858
Mageean Ciara,Ireland,Athletics,5859
Maggetti Marta,Italy,Sailing,5860
Maggio Martina,Italy,Artistic Gymnastics,5861
Magi Rasmus,Estonia,Athletics,5862
Magistrati Abigail,Argentina,Artistic Gymnastics,5863
Magno Irish,Philippines,Boxing,5864
Magomedalieva Zenfira,Roc,Boxing,5865
Maguire Leona,Ireland,Golf,5866
Magyari Alda,Hungary,Water Polo,5867
Mahamat Bachir,Chad,Athletics,5868
Mahboubi Achraf,Morocco,Taekwondo,5869
Mahe Kentin,France,Handball,5870
Maher Ilona,United States Of America,Rugby Sevens,5871
Maher Nasser,Egypt,Football,5872
Maheu Florence,Canada,Canoe Slalom,5873
Mahfoodh Husain,Bahrain,Handball,5874
Mahfoodh Komail,Bahrain,Handball,5875
Mahieu Romain,France,Cycling Bmx Racing,5876
Mahjoub Javad,Refugee Olympic Team,Judo,5877
Mahlangu Mcbeth,South Africa,Football,5878
Mahlatsi Kamohelo,South Africa,Football,5879
Mahmoud Abow Abdelrahman Wael,Egypt,Taekwondo,5880
Mahmoud Abdelrahman,Bahrain,Athletics,5881
Mahmoud Aram,Refugee Olympic Team,Badminton,5882
Mahmoud Haythem,Egypt,Wrestling,5883
Mahole Lerato,South Africa,Hockey,5884
Mahommed Rajab Otukile,Botswana,Boxing,5885
Mahran Momen,Egypt,Canoe Sprint,5886
Mahuchikh Yaroslava,Ukraine,Athletics,5887
Mahut Nicolas,France,Tennis,5888
Maibuca Karalo Hepoiteloto,Tuvalu,Athletics,5889
Mailey Madison,Canada,Rowing,5890
Mailliard Maria,Chile,Canoe Sprint,5891
Maisch Katharina,Germany,Athletics,5892
Majchrzak Kamil,Poland,Tennis,5893
Majdov Nemanja,Serbia,Judo,5894
Majerczak Krzysztof,Poland,Canoe Slalom,5895
Majerski Jakub,Poland,Swimming,5896
Majerus Christine,Luxembourg,Cycling Road,5897
Majka Rafal,Poland,Cycling Road,5898
Major Veronika,Hungary,Shooting,5899
Majoros Bence,Hungary,Table Tennis,5900
Majstorovic Dejan,Serbia,3X3 Basketball,5901
Makarchanka Nadzeya,Belarus,Canoe Sprint,5902
Makata Sakoyisa,South Africa,Rugby Sevens,5903
Makeeva Kseniia,Roc,Handball,5904
Makela Kristiina,Finland,Athletics,5905
Makela-Nummela Satu,Finland,Shooting,5906
Makgopa Evidence,South Africa,Football,5907
Makhloufi Taoufik,Algeria,Athletics,5908
Makhmetov Madikhan,Kazakhstan,Water Polo,5909
Makhmudov Akzhol,Kyrgyzstan,Wrestling,5910
Makhneva Marharyta,Belarus,Canoe Sprint,5911
Maki Kristiina,Czech Republic,Athletics,5912
Makkar Youssef Helmy,Egypt,Shooting,5913
Makoev Boris,Slovakia,Wrestling,5914
Makokha Gaudencia,Kenya,Beach Volleyball,5915
Makri Andreas,Cyprus,Shooting,5916
Makri Marilena,Cyprus,Sailing,5917
Makroguzova Nadezda,Roc,Beach Volleyball,5918
Maksakova Aleksandra,Roc,Equestrian,5919
Maksel Krzysztof,Poland,Cycling Track,5920
Maksimova Anastasiia,Roc,Rhythmic Gymnastics,5921
Makusha Ngoni,Zimbabwe,Athletics,5922
Makwala Isaac,Botswana,Athletics,5923
Makwenda Jessica,Malawi,Swimming,5924
Malachowski Piotr,Poland,Athletics,5925
Malacova Romana,Czech Republic,Athletics,5926
Malaei Nazanin,Islamic Republic Of Iran,Rowing,5927
Malakanava Anastasiya,Belarus,Rhythmic Gymnastics,5928
Malcom,Brazil,Football,5929
Malcotti Lucas,Switzerland,Fencing,5930
Maldonado Denil,Honduras,Football,5931
Maldonis Mindaugas,Lithuania,Canoe Sprint,5932
Malepe Repo,South Africa,Football,5933
Malestein Angela,Netherlands,Handball,5934
Malfesi Brian,Canada,Canoe Sprint,5935
Malikova Barbora,Czech Republic,Athletics,5936
Malinov Ofelia,Italy,Volleyball,5937
Maliszewska Anna,Poland,Modern Pentathlon,5938
Malkan Bayram,Turkey,Boxing,5939
Mallarach Guell Blai,Spain,Water Polo,5940
Mallett Taryn,South Africa,Hockey,5941
Malone Ambrosia,Australia,Hockey,5942
Malone Brody,United States Of America,Artistic Gymnastics,5943
Malone Chantel,"Virgin Islands, British",Athletics,5944
Malone Maggie,United States Of America,Athletics,5945
Maloney Alex,New Zealand,Sailing,5946
Malonga Madeleine,France,Judo,5947
Malouf Nick,Australia,Rugby Sevens,5948
Malovichko Iryna,Ukraine,Shooting,5949
Malseed Zara,Ireland,Hockey,5950
Maluka Ieva,Latvia,Swimming,5951
Malyshchyk Hanna,Belarus,Athletics,5952
Malyutin Martin,Roc,Swimming,5953
Mamazhanova Zhanna,Kazakhstan,Athletics,5954
Mamedov Gabil,Roc,Boxing,5955
Mamedov Mergen,Turkmenistan,Athletics,5956
Mamie Lisa,Switzerland,Swimming,5957
Mamona Patricia,Portugal,Athletics,5958
Mamprin Losano Rafael,Brazil,Equestrian,5959
Mamutov Sherzod,Uzbekistan,Fencing,5960
Managarova Iuliia,Roc,Handball,5961
Manaudou Florent,France,Swimming,5962
Manchon Blanca,Spain,Sailing,5963
Mandic Dusan,Serbia,Water Polo,5964
Mandic Milica,Serbia,Taekwondo,5965
Mane Udayan S,India,Golf,5966
Maneephan Jutatip,Thailand,Cycling Road,5967
Manenti Davide,Italy,Athletics,5968
Manga Aurel,France,Athletics,5969
Mangione Alice,Italy,Athletics,5970
Manhercz Krisztian,Hungary,Water Polo,5971
Manikon Baison,Thailand,Boxing,5972
Maniraguha Eloi,Rwanda,Swimming,5973
Manly Alexandra,Australia,Cycling Track,5974
Manning Cliodhna,Ireland,Athletics,5975
Mannion Niccolo,Italy,Basketball,5976
Mano Yukari,Japan,Hockey,5977
Manolova Elis,Azerbaijan,Wrestling,5978
Mansilla Humberto,Chile,Athletics,5979
Manson Taylor,United States Of America,Athletics,5980
Mansouri Farzad,Afghanistan,Taekwondo,5981
Mansouri Hamza,Algeria,Cycling Road,5982
Mansur Yuri,Brazil,Equestrian,5983
Mansy Khouloud,Egypt,Sailing,5984
Mantis Panagiotis,Greece,Sailing,5985
Manucharyan Varsenik,Armenia,Swimming,5986
Manuel Simone,United States Of America,Swimming,5987
Manumua Kuinini Juanita Mechteld,Tonga,Weightlifting,5988
Mapasa Setyana,Australia,Badminton,5989
Maqueda Peno Jorge,Spain,Handball,5990
Marach Oliver,Austria,Tennis,5991
Marais Marizen,South Africa,Hockey,5992
Marandi Mahdi,Islamic Republic Of Iran,Volleyball,5993
Maranic Ivana,Croatia,Judo,5994
Marcari Oliva Joao Victor,Brazil,Equestrian,5995
Marcelic Ivan,Croatia,Water Polo,5996
Marchand Leon,France,Swimming,5997
Marchant Katy,Great Britain,Cycling Track,5998
Marchenko Veronika,Ukraine,Archery,5999
Marchiando Eleonora,Italy,Athletics,6000
Marcial Eumir,Philippines,Boxing,6001
Mardare Andrian,Republic Of Moldova,Athletics,6002
Mardini Yusra,Refugee Olympic Team,Swimming,6003
Mare Santiago,Argentina,Rugby Sevens,6004
Maree David,South Africa,Cycling Track,6005
Marenco Izayana,Nicaragua,Judo,6006
Margelidon Arthur,Canada,Judo,6007
Marghiev Serghei,Republic Of Moldova,Athletics,6008
Marginean Gabriela,Romania,3X3 Basketball,6009
Margro Yaseen,South Africa,Water Polo,6010
Margvelashvili Vazha,Georgia,Judo,6011
Mariano Arthur,Brazil,Artistic Gymnastics,6012
Maricic Miran,Croatia,Shooting,6013
Marien Thierry,Belgium,3X3 Basketball,6014
Marin Marius,Romania,Football,6015
Marinez Jhan,Dominican Republic,Baseball/Softball,6016
Marinic Matija,Croatia,Canoe Slalom,6017
Marirhi Ibtissam,Morocco,Shooting,6018
Markos Dimitrios,Greece,Swimming,6019
Markovc Amy-Eloise,Great Britain,Athletics,6020
Markovic Dusan,Kazakhstan,Water Polo,6021
Marks Caroline,United States Of America,Surfing,6022
Marosi Adam,Hungary,Modern Pentathlon,6023
Marouflakrani Mir Saeid,Islamic Republic Of Iran,Volleyball,6024
Maroulis Helen Louise,United States Of America,Wrestling,6025
Marozaite Migle,Lithuania,Cycling Track,6026
Marquart Simon M.,Switzerland,Cycling Bmx Racing,6027
Marquet Mathieu,Mauritius,Swimming,6028
Marquez Celina,El Salvador,Swimming,6029
Marrone Fabrizia,Italy,Baseball/Softball,6030
Marsaglia Lorenzo,Italy,Diving,6031
Marschall Kurtis,Australia,Athletics,6032
Marshall Steven,Canada,Volleyball,6033
Marta,Brazil,Football,6034
Marte De La Rosa Rodrigo,Dominican Republic,Boxing,6035
Marte Frica Niverka Dharlenis,Dominican Republic,Volleyball,6036
Martens Lieke,Netherlands,Football,6037
Martens Lukas,Germany,Swimming,6038
Martin Alvaro,Spain,Athletics,6039
Martin Anouchka,France,Swimming,6040
Martin Berenguer Carmen Dolores,Spain,Handball,6041
Martin Boyd,United States Of America,Equestrian,6042
Martin Damir,Croatia,Rowing,6043
Martin Daniel,Ireland,Cycling Road,6044
Martin Daniel,Romania,Swimming,6045
Martin Dylan,Australia,Hockey,6046
Martin Guillaume,France,Cycling Road,6047
Martin Harry John,Great Britain,Hockey,6048
Martin Hannah,Great Britain,Hockey,6049
Martin Henry,Mexico,Football,6050
Martin Logan,Australia,Cycling Bmx Freestyle,6051
Martina Churandy,Netherlands,Athletics,6052
Martinelli Gabriel,Brazil,Football,6053
Martinenghi Nicolo,Italy,Swimming,6054
Martinez Angel,Mexico,Swimming,6055
Martinez Alberto,Spain,Marathon Swimming,6056
Martinez Asier,Spain,Athletics,6057
Martinez Brayelin Elizabeth,Dominican Republic,Volleyball,6058
Martinez Cami Pedro,Argentina,Handball,6059
Martinez Caro Larysmer,Dominican Republic,Volleyball,6060
Martinez Enzo,Uruguay,Swimming,6061
Martinez Garcia Raul,Spain,Taekwondo,6062
Martinez Jineiry,Dominican Republic,Volleyball,6063
Martinez Luis Carlos,Guatemala,Swimming,6064
Martinez Lucas,Argentina,Hockey,6065
Martinez Lois Maikel,Spain,Athletics,6066
Martinez Nicholas,United States Of America,Baseball/Softball,6067
Martinez Ortega Leila Consuelo,Cuba,Beach Volleyball,6068
Martinez Pablo,Spain,Canoe Sprint,6069
Martinez Rivas Yuberjen Herney,Colombia,Boxing,6070
Martinez Ramiro,Argentina,Handball,6071
Martinez Yancarlos,Dominican Republic,Athletics,6072
Martinot-Lagarde Pascal,France,Athletics,6073
Martins Eliane,Brazil,Athletics,6074
Martins Filipa,Portugal,Artistic Gymnastics,6075
Martins Jennifer,Canada,Rowing,6076
Martins Lorraine,Brazil,Athletics,6077
Martins Maria,Portugal,Cycling Track,6078
Martins Miguel,Portugal,Handball,6079
Martinsen Nicholas Fadler,Norway,Sailing,6080
Martirosjan Sargis,Austria,Weightlifting,6081
Martirosyan Simon,Armenia,Weightlifting,6082
Marton Anita,Hungary,Athletics,6083
Marton Anna,Hungary,Fencing,6084
Marton Greta,Hungary,Handball,6085
Marton Jack,Australia,Taekwondo,6086
Martos Sebastian,Spain,Athletics,6087
Martyanova Marta,Roc,Fencing,6088
Martynova Maria,Belarus,Shooting,6089
Martynychev Kirill,Roc,Swimming,6090
Maruo Satoshi,Japan,Athletics,6091
Marusava Hanna,Belarus,Archery,6092
Marx Alena,Switzerland,Canoe Slalom,6093
Marzaliuk Vasilisa,Belarus,Wrestling,6094
Marzouk Habiba,Egypt,Rhythmic Gymnastics,6095
Mas Depares Silvia,Spain,Sailing,6096
Mas Pujadas Meritxell,Spain,Artistic Swimming,6097
Masai Samwel,Kenya,Athletics,6098
Mashayikh Syaqiera,Malaysia,Archery,6099
Mashele Lesiba,South Africa,Athletics,6100
Masilingi Beatrice,Namibia,Athletics,6101
Maskelyne Ryan,Papua New Guinea,Swimming,6102
Maskevich Kiryl,Belarus,Wrestling,6103
Maslak Pavel,Czech Republic,Athletics,6104
Maslava Nastassia,Belarus,Athletics,6105
Maslennikov Vladimir,Roc,Shooting,6106
Maslova Darya,Kyrgyzstan,Athletics,6107
Maso Alaa,Refugee Olympic Team,Swimming,6108
Maso Mohamad,Syrian Arab Republic,Triathlon,6109
Mason Michael,Canada,Athletics,6110
Masse Kylie,Canada,Swimming,6111
Massey Billie,Belgium,Basketball,6112
Massialas Alexander,United States Of America,Fencing,6113
Massialas Sabrina,United States Of America,Fencing,6114
Masso Maykel,Cuba,Athletics,6115
Masson Caroline,Germany,Golf,6116
Masters Timothy,Australia,Rowing,6117
Mastromatteo Gabe,Canada,Swimming,6118
Masuda Nariyuki,Japan,Cycling Road,6119
Maswanganyi Shaun,South Africa,Athletics,6120
Mata Hector,Venezuela,Volleyball,6121
Mata Perez Andres Eduardo,Spain,Weightlifting,6122
Matadi Emmanuel,Liberia,Athletics,6123
Matanga Failuna,United Republic Of Tanzania,Athletics,6124
Matelova Hana,Czech Republic,Table Tennis,6125
Mateo Daniel,Spain,Athletics,6126
Mateu Jaime,Spain,Skateboarding,6127
Mateus Alicia,Mozambique,Swimming,6128
Matheron Vincent,France,Skateboarding,6129
Matheus Henrique,Brazil,Football,6130
Mathews Alannah,Australia,Rhythmic Gymnastics,6131
Matic Barbara,Croatia,Judo,6132
Matieli Patricia,Brazil,Handball,6133
Matkovic Dusan,Montenegro,Water Polo,6134
Matla Frederique,Netherlands,Hockey,6135
Matniyazova Gulnoza,Uzbekistan,Judo,6136
Matsenjwa Sibusiso,Eswatini,Athletics,6137
Matsuda Mizuki,Japan,Athletics,6138
Matsuda Rinka,Japan,Rugby Sevens,6139
Matsueda Hiroki,Japan,Athletics,6140
Matsui Chihito,Japan,Rugby Sevens,6141
Matsumoto Katsuhiro,Japan,Swimming,6142
Matsumoto Mayu,Japan,Badminton,6143
Matsumoto Natsuha,Japan,Hockey,6144
Matsumoto Takayuki,Japan,Shooting,6145
Matsushita Momotaro,Japan,Canoe Sprint,6146
Matsuyama Hideki,Japan,Golf,6147
Matsuyama Kyosuke,Japan,Fencing,6148
Matteazzi Pier Andrea,Italy,Swimming,6149
Mattek-Sands Bethanie,United States Of America,Tennis,6150
Matthews Alex,Great Britain,Rugby Sevens,6151
Matthews Hannah,Ireland,Hockey,6152
Mattis Sam,United States Of America,Athletics,6153
Mattsson Matti,Finland,Swimming,6154
Mattsson Sofia Magdalena,Sweden,Wrestling,6155
Matveev Nicholas,Canada,Canoe Sprint,6156
Matveeva Polina,Roc,Volleyball,6157
Matz Barbara,Austria,Sailing,6158
Matzerath Lucas Joachim,Germany,Swimming,6159
Matzner Stefan,Austria,Cycling Track,6160
Maudens Hanne,Belgium,Athletics,6161
Maurelli Alessia,Italy,Rhythmic Gymnastics,6162
Maurus Harrison James,United States Of America,Weightlifting,6163
Mavrommatis Nikolaos,Greece,Shooting,6164
Mawem Bassa,France,Sport Climbing,6165
Mawem Mickael,France,Sport Climbing,6166
Mawuli Evelyn,Japan,Basketball,6167
Mawuli Stephanie,Japan,3X3 Basketball,6168
Max-Theurer Victoria,Austria,Equestrian,6169
May Gareth,South Africa,Water Polo,6170
Mayer Kevin,France,Athletics,6171
Mayer Lisa,Germany,Athletics,6172
Mayer Victoria,Argentina,Volleyball,6173
Mayman Mogamad Farouk,South Africa,Water Polo,6174
Mayo Carlos,Spain,Athletics,6175
Mayora Pernia Julio Ruben,Venezuela,Weightlifting,6176
Mayr Verena,Austria,Athletics,6177
Mazouz Sarah-Myriam,Gabon,Judo,6178
Mazur Vladyslav,Ukraine,Athletics,6179
Mazuronak Volha,Belarus,Athletics,6180
Mazzara Alessandro,Italy,Skateboarding,6181
Mazzetti Riccardo,Italy,Shooting,6182
Mazzilli Agustin Alejandro,Argentina,Hockey,6183
Mballa Atangana Hortence Vanessa,Cameroon,Judo,6184
Mbande Phumelela Luphumlo,South Africa,Hockey,6185
Mbareki Selim,Tunisia,Volleyball,6186
Mbaya Mulumba Fiston,Democratic Republic Of The Congo,Boxing,6187
Mbo Nchama Alba,Equatorial Guinea,Athletics,6188
Mboma Christine,Namibia,Athletics,6189
Mbotto Francky,Central African Republic,Athletics,6190
Mbuku Nathanael,France,Football,6191
Mc Callum Grace,United States Of America,Artistic Gymnastics,6192
Mc Carthy Fintan,Ireland,Rowing,6193
Mc Cleney Haylie,United States Of America,Baseball/Softball,6194
Mc Gee Javale,United States Of America,Basketball,6195
Mc Sharry Mona,Ireland,Swimming,6196
Mcaleese Shea,New Zealand,Hockey,6197
Mcarthur Catherine,Australia,Canoe Sprint,6198
Mcauley Sarah,Ireland,Hockey,6199
Mcbride Brandon,Canada,Athletics,6200
Mccabe Conlin,Canada,Rowing,6201
Mccallin Shona,Great Britain,Hockey,6202
Mccann Ross,Great Britain,Rugby Sevens,6203
Mccarter Steffin,United States Of America,Athletics,6204
Mccay Shirley,Ireland,Hockey,6205
Mccolgan Eilish,Great Britain,Athletics,6206
Mccoll Sean,Canada,Sport Climbing,6207
Mcconnell Daniel,Australia,Cycling Mountain Bike,6208
Mcconnell Rebecca,Australia,Cycling Mountain Bike,6209
Mccormack Fionnuala,Ireland,Athletics,6210
Mccormack Luke,Great Britain,Boxing,6211
Mccormack Pat,Great Britain,Boxing,6212
Mccoy Rachel,United States Of America,Athletics,6213
Mcculloch Kaarle,Australia,Cycling Track,6214
Mccullough Conor,United States Of America,Athletics,6215
Mccurley Shannon,Ireland,Cycling Track,6216
Mcdermott Nicola,Australia,Athletics,6217
Mcdonald Morgan,Australia,Athletics,6218
Mcdonald Natassha,Canada,Athletics,6219
Mcdonald Rusheen,Jamaica,Athletics,6220
Mcdonnell Robert,Ireland,Athletics,6221
Mcdowald Curtis,United States Of America,Fencing,6222
Mcdowell Kevin,United States Of America,Triathlon,6223
Mcevoy Cameron,Australia,Swimming,6224
Mcewen Shelby,United States Of America,Athletics,6225
Mcewen Tom,Great Britain,Equestrian,6226
Mcfarland Max,Great Britain,Rugby Sevens,6227
Mcferran Ayeisha,Ireland,Hockey,6228
Mcgarvey-Black Ngarohi,New Zealand,Rugby Sevens,6229
Mcgee Cory Ann,United States Of America,Athletics,6230
Mcglynn Michael,South Africa,Marathon Swimming,6231
Mcgough Scott,United States Of America,Baseball/Softball,6232
Mcgrail Peter,Great Britain,Boxing,6233
Mcgree Riley,Australia,Football,6234
Mcgregor Roneisha,Jamaica,Athletics,6235
Mchugh Christopher,Australia,Beach Volleyball,6236
Mcilroy Rory,Ireland,Golf,6237
Mcintosh Hayley,New Zealand,Swimming,6238
Mcintosh Seonaid,Great Britain,Shooting,6239
Mcintosh Summer,Canada,Swimming,6240
Mcintyre Annabelle,Australia,Rowing,6241
Mcintyre Eilidh,Great Britain,Sailing,6242
Mckay Caeli,Canada,Diving,6243
Mckee Anton,Iceland,Swimming,6244
Mckee Kelly,Canada,Water Polo,6245
Mckellar Rowan,Great Britain,Rowing,6246
Mckelvey Hayley,Canada,Water Polo,6247
Mckenzie Ashley,Great Britain,Judo,6248
Mckeon Emma,Australia,Swimming,6249
Mckeown Kaylee,Australia,Swimming,6250
Mcknight Sparkle,Trinidad And Tobago,Athletics,6251
Mclachlan Ben,Japan,Tennis,6252
Mclaughlin Sydney,United States Of America,Athletics,6253
Mcleod Candice,Jamaica,Athletics,6254
Mcleod Carey,Jamaica,Athletics,6255
Mcleod Erin,Canada,Football,6256
Mcloughlin Hannah,Ireland,Hockey,6257
Mcloughlin Jack,Australia,Swimming,6258
Mcmanus Stacey,Australia,Baseball/Softball,6259
Mcmaster Kyron,"Virgin Islands, British",Athletics,6260
Mcmurtry Caragh,Great Britain,Rowing,6261
Mcnab Kevin,Australia,Equestrian,6262
Mcnay Stuart,United States Of America,Sailing,6263
Mcneill David,Australia,Athletics,6264
Mcnulty Brandon,United States Of America,Cycling Road,6265
Mcnulty Harry,Ireland,Rugby Sevens,6266
Mcpherson Paige,United States Of America,Taekwondo,6267
Mcpherson Stephenie Ann,Jamaica,Athletics,6268
Mcquillin Taylor,Mexico,Baseball/Softball,6269
Mctaggart Cameron David,New Zealand,Weightlifting,6270
Mctavish Simon,Canada,Canoe Sprint,6271
Md Oktavianti,Indonesia,Badminton,6272
Mead Nicholas,United States Of America,Rowing,6273
Meadow Stephanie,Ireland,Golf,6274
Meauri Judith,Papua New Guinea,Swimming,6275
Mebarki Meriem,Algeria,Fencing,6276
Mechaal Adel,Spain,Athletics,6277
Mechielsen Drew,Canada,Cycling Bmx Racing,6278
Mechnig Lara,Liechtenstein,Artistic Swimming,6279
Medeiros Etiene,Brazil,Swimming,6280
Meder Rebecca,South Africa,Swimming,6281
Medet Kyzy Aiperi,Kyrgyzstan,Wrestling,6282
Medina Facundo,Argentina,Football,6283
Medina Gabriel,Brazil,Surfing,6284
Medina Ventura Anabel,Dominican Republic,Athletics,6285
Medrado Deborah,Brazil,Rhythmic Gymnastics,6286
Medveczky Erika,Hungary,Canoe Sprint,6287
Medvedev Daniil,Roc,Tennis,6288
Meech Daniel,New Zealand,Equestrian,6289
Meech Molly,New Zealand,Sailing,6290
Meech Sam,New Zealand,Sailing,6291
Meecham Chloe,South Africa,Water Polo,6292
Meesseman Emma,Belgium,Basketball,6293
Meester Veronique,Netherlands,Rowing,6294
Meeuwsen Robert,Netherlands,Beach Volleyball,6295
Mefford Bryce,United States Of America,Swimming,6296
Megens Maud,Netherlands,Water Polo,6297
Megos Alexander,Germany,Sport Climbing,6298
Mehdiyev Mammadali,Azerbaijan,Judo,6299
Mehelba Abdel Aziz,Egypt,Shooting,6300
Mehelba Azmy,Egypt,Shooting,6301
Mehmedovic Majda,Montenegro,Handball,6302
Mei Xiaohan,People'S Republic Of China,Water Polo,6303
Meier Christoph,Liechtenstein,Swimming,6304
Meijer Michaela,Sweden,Athletics,6305
Mein Derrick Scott,United States Of America,Shooting,6306
Meinhardt Gerek,United States Of America,Fencing,6307
Mejias Zanetti Candela,Spain,Hockey,6308
Mektic Nikola,Croatia,Tennis,6309
Melak Nibret,Ethiopia,Athletics,6310
Melantev Viktor,Roc,Canoe Sprint,6311
Melendez Carlos,Honduras,Football,6312
Melendez Cristopher,Honduras,Football,6313
Melendez Tayra,Puerto Rico,Basketball,6314
Meleshchuk Yeva,Ukraine,Rhythmic Gymnastics,6315
Melia Giorgi,Georgia,Wrestling,6316
Melichar Nicole,United States Of America,Tennis,6317
Melih Amel,Algeria,Swimming,6318
Melikyan Armen,Armenia,Wrestling,6319
Melli Nicolo,Italy,Basketball,6320
Mellouli Oussama,Tunisia,Marathon Swimming,6321
Melnikova Angelina,Roc,Artistic Gymnastics,6322
Melnyk Tetyana,Ukraine,Athletics,6323
Melo Alexsandro,Brazil,Athletics,6324
Melo Marcelo,Brazil,Tennis,6325
Melverton Kiah,Australia,Swimming,6326
Mem Dika,France,Handball,6327
Memneloum Demos,Chad,Judo,6328
Mena Miguel,Nicaragua,Swimming,6329
Mena Pedroza Raul Hernan,Colombia,Athletics,6330
Mendez Laura,Spain,Athletics,6331
Mendez Nicolas,Argentina,Volleyball,6332
Mendez Perez Arley,Chile,Weightlifting,6333
Mendoza Hernandez Carolina,Mexico,Diving,6334
Mendy Ignacio,Argentina,Rugby Sevens,6335
Mendy Louis Francois,Senegal,Athletics,6336
Menegatti Marta,Italy,Beach Volleyball,6337
Meneses Joey,Mexico,Baseball/Softball,6338
Menezes Joao,Brazil,Tennis,6339
Menezes Oliveira De Souza Ana Cris.,Brazil,Volleyball,6340
Mengesha Milkesa,Ethiopia,Athletics,6341
Mengue Ayissi Albert,Cameroon,Boxing,6342
Menino Gabriel,Brazil,Football,6343
Menning Petter,Sweden,Canoe Sprint,6344
Mensah Mads,Denmark,Handball,6345
Menzel Leonie,Germany,Rowing,6346
Meppelink Madelein,Netherlands,Beach Volleyball,6347
Mepstead Marcus,Great Britain,Fencing,6348
Merabet Abdelmalek,Algeria,Wrestling,6349
Mercado Erika,Argentina,Volleyball,6350
Mercado Martinez Yarimar,Puerto Rico,Shooting,6351
Meredith Rowena,Australia,Rowing,6352
Mergenthaler Hannah,Germany,Athletics,6353
Merino Delfina,Argentina,Hockey,6354
Merino Mikel,Spain,Football,6355
Merizaj Nikol,Albania,Swimming,6356
Merkulova Inessa,Roc,Equestrian,6357
Meronk Adrian,Poland,Golf,6358
Merrald Nanna Skodborg,Denmark,Equestrian,6359
Merry Olivia,New Zealand,Hockey,6360
Mertens Elise,Belgium,Tennis,6361
Mertine Julien,France,Fencing,6362
Merz Patricia,Switzerland,Rowing,6363
Mesele Worknesh,Ethiopia,Athletics,6364
Meshref Dina,Egypt,Table Tennis,6365
Mesilhy Ahmed,Egypt,Handball,6366
Mesinas Lucca,Peru,Surfing,6367
Messerschmidt Nadine,Germany,Shooting,6368
Messias Manoel,Brazil,Triathlon,6369
Mestdagh Hanne,Belgium,Basketball,6370
Mestdagh Kim,Belgium,Basketball,6371
Mestre Alberto,Venezuela,Swimming,6372
Mestre Alfonso,Venezuela,Swimming,6373
Meszaros Eszter,Hungary,Shooting,6374
Metcalfe Connor,Australia,Football,6375
Metella Mehdy,France,Swimming,6376
Metraux Kim,Switzerland,Golf,6377
Metsemakers Koen,Netherlands,Rowing,6378
Metu Chimezie,Nigeria,Basketball,6379
Metwally Mohamed,Egypt,Wrestling,6380
Meukeugni Noumbissi Clementine,Cameroon,Weightlifting,6381
Meurmans Augustin Jean J,Belgium,Hockey,6382
Mew Jensen Scarlett,Great Britain,Diving,6383
Mewis Samantha,United States Of America,Football,6384
Meyer Lea,Germany,Athletics,6385
Meyer Michaela,United States Of America,Athletics,6386
Meynen Julie,Luxembourg,Swimming,6387
Mezei Tamas,Hungary,Water Polo,6388
Mezhetskaia Daria,Roc,Judo,6389
Mezulianikova Diana,Czech Republic,Athletics,6390
Gideon Marcus Fernaldi,Indonesia,Badminton,6391
Mialeshka Pavel,Belarus,Athletics,6392
Miao Siwen,People'S Republic Of China,Football,6393
Miao Tian,People'S Republic Of China,Rowing,6394
Micah Teagan,Australia,Football,6395
Michalik Tadeusz,Poland,Wrestling,6396
Michalkiewicz Olga,Poland,Rowing,6397
Michalski Arkadiusz,Poland,Weightlifting,6398
Michalski Daniel,United States Of America,Athletics,6399
Michan Alberto,Israel,Equestrian,6400
Micheel Lena,Germany,Hockey,6401
Michel Anais,France,Weightlifting,6402
Michel Sarah,France,Basketball,6403
Micheli Elena,Italy,Modern Pentathlon,6404
Michelin Clement,France,Football,6405
Michelsen Stacey,New Zealand,Hockey,6406
Michieletto Alessandro,Italy,Volleyball,6407
Michiels Domien,Belgium,Equestrian,6408
Michiels Githa,Belgium,Cycling Mountain Bike,6409
Micic Stevan Andria,Serbia,Wrestling,6410
Micka Jan,Czech Republic,Swimming,6411
Midana Augusto,Guinea-Bissau,Wrestling,6412
Middleton Khris,United States Of America,Basketball,6413
Miedema Vivianne,Netherlands,Football,6414
Miellet Alexis,France,Athletics,6415
Mieses Johan,Dominican Republic,Baseball/Softball,6416
Miezis Nauris,Latvia,3X3 Basketball,6417
Migliozzi Guido,Italy,Golf,6418
Miguel Aveni,Angola,Athletics,6419
Mihailovic Lena,Australia,Water Polo,6420
Mihajlovic Brankica,Serbia,Volleyball,6421
Mihalinec Zidar Maja,Slovenia,Athletics,6422
Mihaljevic Filip,Croatia,Athletics,6423
Mihalyvari-Farkas Viktoria,Hungary,Swimming,6424
Mihambo Malaika,Germany,Athletics,6425
Mikami Sayaka,Japan,Diving,6426
Mikec Damir,Serbia,Shooting,6427
Mikhailava Hanna,Belarus,Athletics,6428
Mikhailova Polina,Roc,Table Tennis,6429
Mikhaylichenko Elena,Roc,Handball,6430
Mikhaylov Maxim,Roc,Volleyball,6431
Mikhou Sadik,Bahrain,Athletics,6432
Mikkelson Tim,New Zealand,Rugby Sevens,6433
Miklasevich Daniel,United States Of America,Rowing,6434
Miklos Andrea,Romania,Athletics,6435
Miko Eyanga Diosdado,Equatorial Guinea,Swimming,6436
Mikolajczewski Artur,Poland,Rowing,6437
Mikulak Samuel,United States Of America,Artistic Gymnastics,6438
Miladinov Josif,Bulgaria,Swimming,6439
Milak Kristof,Hungary,Swimming,6440
Milanesi Norah Elisabeth,Cameroon,Swimming,6441
Milani Francesca,Italy,Judo,6442
Milenkovic Bojana,Serbia,Volleyball,6443
Miljenic Nikola,Croatia,Swimming,6444
Millen Mariah,Canada,Sailing,6445
Miller Alex,Namibia,Cycling Mountain Bike,6446
Miller Lachie,Australia,Rugby Sevens,6447
Miller Lotte,Norway,Triathlon,6448
Miller Nick,Great Britain,Athletics,6449
Miller-Uibo Shaunae,Bahamas,Athletics,6450
Millman John,Australia,Tennis,6451
Mills Hannah,Great Britain,Sailing,6452
Mills Patty,Australia,Basketball,6453
Milos Lovre,Croatia,Water Polo,6454
Milou Vincent,France,Skateboarding,6455
Milov Kiril Milenov,Bulgaria,Wrestling,6456
Milovanovic Jasmina,Serbia,Shooting,6457
Milthers Sara Corfixsen,Denmark,Canoe Sprint,6458
Minagawa Hiroe,Japan,Wrestling,6459
Minami Moeka,Japan,Football,6460
Minamide Taishin,Japan,Marathon Swimming,6461
Minarik Kudejova Katerina,Czech Republic,Canoe Slalom,6462
Minaskin Grigori,Estonia,Judo,6463
Minazova Alsu,Roc,Canoe Slalom,6464
Minderhoud Hans Peter,Netherlands,Equestrian,6465
Mine Yukiyo,Japan,Baseball/Softball,6466
Minenko Hanna,Israel,Athletics,6467
Mingueza Oscar,Spain,Football,6468
Minibaev Viktor,Roc,Diving,6469
Minina Tatiana,Roc,Taekwondo,6470
Minkou Dzmitry,Belarus,Judo,6471
Mino Alberto,Ecuador,Table Tennis,6472
Minobe Kazuyasu,Japan,Fencing,6473
Mintalova Eliska,Slovakia,Canoe Slalom,6474
Minzie Jevaughn,Jamaica,Athletics,6475
Mion Jeremie,France,Sailing,6476
Mir Nicolau,Spain,Artistic Gymnastics,6477
Mir Rafa,Spain,Football,6478
Miracle Kayla Colleen Kiyoko,United States Of America,Wrestling,6479
Miranda Juan,Spain,Football,6480
Mirca Alexandra,Republic Of Moldova,Archery,6481
Miressi Alessandro,Italy,Swimming,6482
Mirkovic Sladjana,Serbia,Volleyball,6483
Miron Javier,Spain,Athletics,6484
Mironchyk-Ivanova Nastassia,Belarus,Athletics,6485
Miroslaw Aleksandra,Poland,Sport Climbing,6486
Mirza Fouaad,India,Equestrian,6487
Mirza Sania,India,Tennis,6488
Mirzakhalilov Mirazizbek,Uzbekistan,Boxing,6489
Mirzazadeh Amin,Islamic Republic Of Iran,Wrestling,6490
Mischler Baptiste,France,Athletics,6491
Misenga Popole,Refugee Olympic Team,Judo,6492
Mishvelidze Shota,Georgia,Weightlifting,6493
Misikevych Andriana,Greece,Artistic Swimming,6494
Mislawchuk Tyler,Canada,Triathlon,6495
Mismas-Zrimsek Marusa,Slovenia,Athletics,6496
Mitakis Ioannis,Greece,Sailing,6497
Mitchell Ethan,New Zealand,Cycling Track,6498
Mitchell Jake,United States Of America,Swimming,6499
Mitchell Kathryn,Australia,Athletics,6500
Mitchell Kelsey,Canada,Cycling Track,6501
Mitchell Leilani,Australia,Basketball,6502
Mitchell Morgan,Australia,Athletics,6503
Mitchell Stefano,Antigua And Barbuda,Swimming,6504
Mitchell Tom,Great Britain,Rugby Sevens,6505
Mitchell-Blake Nethaneel,Great Britain,Athletics,6506
Mitin Andrey,Roc,Equestrian,6507
Mitoma Kaoru,Japan,Football,6508
Mitrovic Branislav,Serbia,Water Polo,6509
Mitrovic Stefan,Serbia,Water Polo,6510
Mitsuhashi Aki,Japan,Hockey,6511
Mitton Sarah,Canada,Athletics,6512
Mitton Trent Grant,Australia,Hockey,6513
Mityukov Roman,Switzerland,Swimming,6514
Miura Narumi,Japan,Football,6515
Miura Rikako,Japan,Water Polo,6516
Miyagawa Asato,Japan,Football,6517
Miyahara Miho,Japan,Karate,6518
Miyake Hiromi,Japan,Weightlifting,6519
Miyake Shiori,Japan,Football,6520
Miyamoto Hazuki,Japan,Diving,6521
Miyamoto Masanori,Japan,Weightlifting,6522
Miyata Yusuke,Japan,Canoe Sprint,6523
Miyazaki Saori,Japan,Basketball,6524
Miyazawa Yuki,Japan,Basketball,6525
Miyem Endene,France,Basketball,6526
Miyoshi Koji,Japan,Football,6527
Miyoshi Naho,Japan,Basketball,6528
Mizinov Vasiliy,Roc,Athletics,6529
Mizumachi Kotaro,Japan,Handball,6530
Mizumoto Keiji,Japan,Canoe Sprint,6531
Mizuno Lili,United States Of America,Rhythmic Gymnastics,6532
Mizunuma Naoki,Japan,Swimming,6533
Mizutani Jun,Japan,Table Tennis,6534
Mkheidze Luka,France,Judo,6535
Mlungwana Sifiso,South Africa,Football,6536
Mnatsakanian Aik,Bulgaria,Wrestling,6537
Moalla Ismail,Tunisia,Volleyball,6538
Moataz Medhat,Egypt,Fencing,6539
Modolo Zanotelli Marlon,Brazil,Equestrian,6540
Moeller Kevin,Denmark,Handball,6541
Moellgaard Henrik,Denmark,Handball,6542
Moellhausen Nathalie,Brazil,Fencing,6543
Moen Sondre Nordstad,Norway,Athletics,6544
Moerk Nora,Norway,Handball,6545
Moes Freeke,Netherlands,Hockey,6546
Moffatt Jill,Canada,Rowing,6547
Mogne Igor,Mozambique,Swimming,6548
Mogurean Daniela,Italy,Rhythmic Gymnastics,6549
Mogushkov Musa,Roc,Judo,6550
Mohamad Khairul Anuar,Malaysia,Archery,6551
Mohamad Latif Nur Shazrin,Malaysia,Sailing,6552
Mohamed Abdellatif Mohamed Ahmed,Egypt,Wrestling,6553
Mohamed Ahmed,Egypt,Handball,6554
Mohamed Ali,Egypt,Handball,6555
Mohamed Belkebir Kaouther,Algeria,Fencing,6556
Mohamed Mandy,Egypt,Artistic Gymnastics,6557
Mohamed Mohamed,Bahrain,Handball,6558
Mohamed Nora,Egypt,Fencing,6559
Mohamed Omar,Egypt,Artistic Gymnastics,6560
Mohamed Taibi Nur Suryani,Malaysia,Shooting,6561
Mohamed Taher,Egypt,Football,6562
Mohammadian Mohammadhossein,Islamic Republic Of Iran,Wrestling,6563
Mohamme Katlego,South Africa,Football,6564
Mohammed Aisha,Nigeria,Basketball,6565
Mohd Afendy Khairulnizam,Malaysia,Sailing,6566
Mohsen Laila,Egypt,Artistic Swimming,6567
Mohsen Salah,Egypt,Football,6568
Mohumed Mohamed,Germany,Athletics,6569
Moim Mercy,Kenya,Volleyball,6570
Moir Georgia,South Africa,Water Polo,6571
Mojarad Aliasghar,Islamic Republic Of Iran,Volleyball,6572
Mojica Melissa,Puerto Rico,Judo,6573
Mokoena Teboho,South Africa,Football,6574
Mokoka Stephen,South Africa,Athletics,6575
Mokosova Barbora,Slovakia,Artistic Gymnastics,6576
Mol Anders Berntsen,Norway,Beach Volleyball,6577
Mola Mario,Spain,Triathlon,6578
Moldauer Yul,United States Of America,Artistic Gymnastics,6579
Moleschi Kayla,Canada,Rugby Sevens,6580
Molia Sione,New Zealand,Rugby Sevens,6581
Molikoe Edith,South Africa,Hockey,6582
Molinaro Giulia,Italy,Golf,6583
Molinarolo Elisa,Italy,Athletics,6584
Mollaei Saeid,Mongolia,Judo,6585
Mollema Bauke,Netherlands,Cycling Road,6586
Moller Anna Emilie,Denmark,Athletics,6587
Moloney Ashley,Australia,Athletics,6588
Molteni Andres,Argentina,Tennis,6589
Momii Aki,Japan,Volleyball,6590
Momiki Yuka,Japan,Football,6591
Momota Kento,Japan,Badminton,6592
Moneta Marcos,Argentina,Rugby Sevens,6593
Monfils Gael,France,Tennis,6594
Monika,India,Hockey,6595
Monna Paolo,Italy,Shooting,6596
Monson Alicia,United States Of America,Athletics,6597
Montag Jemima,Australia,Athletics,6598
Montag Jennifer,Germany,Athletics,6599
Montana Jose,Colombia,Athletics,6600
Montano Aldo,Italy,Fencing,6601
Montcalm Noelle,Canada,Athletics,6602
Monteiro Ana,Portugal,Swimming,6603
Monteiro Joao,Portugal,Table Tennis,6604
Monteiro Telma,Portugal,Judo,6605
Monteiro Thiago,Brazil,Tennis,6606
Montero Ramos Ludia Marguiela,Cuba,Weightlifting,6607
Montes Cesar,Mexico,Football,6608
Montesano Alessandra,Italy,Rowing,6609
Montibeller Rosamaria,Brazil,Volleyball,6610
Montinho Matias,Angola,Sailing,6611
Montsho Amantle,Botswana,Athletics,6612
Monyane James,South Africa,Football,6613
Moolman-Pasio Ashleigh,South Africa,Cycling Road,6614
Moon Seungwoo,Republic Of Korea,Swimming,6615
Mooney Brooke,United States Of America,Rowing,6616
Moore Carissa,United States Of America,Surfing,6617
Moore Jasmine,United States Of America,Athletics,6618
Moore Meikayla,New Zealand,Football,6619
Moors Brooklyn,Canada,Artistic Gymnastics,6620
Moosa Shaquille,Zambia,Swimming,6621
Mora Adrian,Mexico,Football,6622
Mora Vedri Sebastian,Spain,Cycling Track,6623
Moraa Mary,Kenya,Athletics,6624
Moraes Rogerio,Brazil,Handball,6625
Morais Filho Alvaro,Brazil,Beach Volleyball,6626
Morales Lautaro,Argentina,Football,6627
Morales Mendoza Sebastian,Colombia,Diving,6628
Moran Paola,Mexico,Athletics,6629
Morante Allan,France,Trampoline Gymnastics,6630
Moreira Fraschini Dolores,Uruguay,Sailing,6631
Moreira Laliberte Naima,Canada,Equestrian,6632
Moreira Sara,Portugal,Athletics,6633
Morejon Glenda,Ecuador,Athletics,6634
Moreno Alexa,Mexico,Artistic Gymnastics,6635
Moret Rachel,Switzerland,Table Tennis,6636
Morgan Alex,United States Of America,Football,6637
Morgan Amelie,Great Britain,Artistic Gymnastics,6638
Morgan David,Australia,Swimming,6639
Morgan Sophia Frances,Fiji,Sailing,6640
Mori Hikaru,Japan,Trampoline Gymnastics,6641
Mori Kanon,Japan,Hockey,6642
Mori Lara,Italy,Artistic Gymnastics,6643
Mori Sayaka,Japan,Baseball/Softball,6644
Morikawa Collin,United States Of America,Golf,6645
Moris Lucia,South Sudan,Athletics,6646
Morishita Masato,Japan,Baseball/Softball,6647
Moriwaki Yuito,Japan,Boxing,6648
Morkov Michael,Denmark,Cycling Track,6649
Moronta Hernandez Maria Altagracia,Dominican Republic,Boxing,6650
Morozov Vladimir,Roc,Swimming,6651
Morris Sandi,United States Of America,Athletics,6652
Morrison Ebony,Liberia,Athletics,6653
Morrison Jessica,Australia,Rowing,6654
Morrison Natasha,Jamaica,Athletics,6655
Morros De Argila Viran,Spain,Handball,6656
Morsy Haydy,Egypt,Modern Pentathlon,6657
Mortensen Martine Steller,Norway,Sailing,6658
Morvay Michal,Slovakia,Athletics,6659
Moscariello Lucas Dario,Argentina,Handball,6660
Moscon Gianni,Italy,Cycling Road,6661
Moscot Jonathan,Israel,Baseball/Softball,6662
Mosele Goodman,South Africa,Football,6663
Moser Angelica,Switzerland,Athletics,6664
Mosevich Leonel,Argentina,Football,6665
Mosquera Lozano Luis Javier,Colombia,Weightlifting,6666
Moss Megan,Bahamas,Athletics,6667
Motau Boati,South Africa,Water Polo,6668
Motoki Hiroki,Japan,Handball,6669
Motomura Naoki,Japan,Rugby Sevens,6670
Moudgil Anjum,India,Shooting,6671
Moultrie Michelle,United States Of America,Baseball/Softball,6672
Moum Abderrahim,Morocco,Weightlifting,6673
Mourao Jaqueline,Brazil,Cycling Mountain Bike,6674
Mourikis Konstantinos,Greece,Water Polo,6675
Mourino Gaston Alberto,Argentina,Handball,6676
Mousavi Eraghi Seyed Mohammad,Islamic Republic Of Iran,Volleyball,6677
Mousavi Seyedshahin,Islamic Republic Of Iran,Boxing,6678
Moussa Mahamane Roukaya,Niger,Swimming,6679
Mowatt Kemar,Jamaica,Athletics,6680
Mowrer Nickolaus,United States Of America,Shooting,6681
Moya Brayan,Honduras,Football,6682
Moya Diego,Chile,Triathlon,6683
Moya Leidis Laura,Cuba,Modern Pentathlon,6684
Moya Pol,Andorra,Athletics,6685
Moyengwa Magdeline,Botswana,Weightlifting,6686
Mpoto Mondli,South Africa,Football,6687
Mrak Tina,Slovenia,Sailing,6688
Mrzyglod Cyprian,Poland,Athletics,6689
Mshvidobadze Robert,Roc,Judo,6690
Mu Athing,United States Of America,Athletics,6691
Muagututia Garrett,United States Of America,Volleyball,6692
Mubanga Hellen,Zambia,Football,6693
Mucino-Fernandez Jennifer,United States Of America,Archery,6694
Mucungui Diassonema,Angola,Judo,6695
Mudiyanselage Yupun Abeykoon,Sri Lanka,Athletics,6696
Muehlberger Gregor,Austria,Cycling Road,6697
Mueller Andreas,Austria,Cycling Track,6698
Mueller Florian,Germany,Football,6699
Mueller Nico,Germany,Weightlifting,6700
Muffels Rob,Germany,Marathon Swimming,6701
Mugisha Moise,Rwanda,Cycling Road,6702
Mugosa Dijana,Montenegro,Handball,6703
Muguruza Garbine,Spain,Tennis,6704
Muhammad Dalilah,United States Of America,Athletics,6705
Muhlleitner Henning Bennet,Germany,Swimming,6706
Muir Joanna,Great Britain,Modern Pentathlon,6707
Muir Laura,Great Britain,Athletics,6708
Mujaridze Giorgi,Georgia,Athletics,6709
Mukai Shoichiro,Japan,Judo,6710
Mukaida Mayu,Japan,Wrestling,6711
Mukhametyanov Vadim,Roc,Shooting,6712
Mukherjee Sutirtha,India,Table Tennis,6713
Muki Sagi,Israel,Judo,6714
Muktar Abdelmalik,Ethiopia,Swimming,6715
Mukumela Thendo,South Africa,Football,6716
Mukuvilani Edith,Kenya,Volleyball,6717
Mukwasa Esther,Zambia,Football,6718
Mulanovich Sofia,Peru,Surfing,6719
Mulenga Anita,Zambia,Football,6720
Mulenga Everisto,Zambia,Boxing,6721
Muleta Lomi,Ethiopia,Athletics,6722
Muliarchyk Krystsina,Belarus,Athletics,6723
Mulipola Dejah,United States Of America,Baseball/Softball,6724
Mullan Kathryn,Ireland,Hockey,6725
Muller Laura,Germany,Athletics,6726
Muller Linus,Germany,Hockey,6727
Muller Luke,United States Of America,Sailing,6728
Muller Oceanne,France,Shooting,6729
Muller Steven,Germany,Athletics,6730
Muller Vit,Czech Republic,Athletics,6731
Mullin Gavin,Ireland,Rugby Sevens,6732
Mullins Matt,Canada,Rugby Sevens,6733
Munarriz Egana Alberto,Spain,Water Polo,6734
Mundell Marc,South Africa,Athletics,6735
Mungai Nicholas,Italy,Judo,6736
Mungandu Steven,Zambia,Judo,6737
Munkhbat Myagmarjargal,Mongolia,Boxing,6738
Munkhbat Urantsetseg,Mongolia,Judo,6739
Munkhjantsan Ankhtsetseg,Mongolia,Weightlifting,6740
Munkhsaikhan Tserenlkham,Mongolia,3X3 Basketball,6741
Munkhtur Lkhagvagerel,Mongolia,Wrestling,6742
Munoz Azahara,Spain,Golf,6743
Munoz Carlos,Costa Rica,Surfing,6744
Munoz Eulalio,Argentina,Athletics,6745
Munoz Lino,Mexico,Badminton,6746
Munoz Martinez Jonathan Antonio,Mexico,Weightlifting,6747
Munoz Sebastian,Colombia,Golf,6748
Munro Aubree,United States Of America,Baseball/Softball,6749
Munteanu Adrian,Romania,Rowing,6750
Munyai Clarence,South Africa,Athletics,6751
Mura Ryuya,Japan,Swimming,6752
Murakami Kazuki,Japan,Diving,6753
Murakami Mai,Japan,Artistic Gymnastics,6754
Murakami Megumi,Japan,Beach Volleyball,6755
Murakami Munetaka,Japan,Baseball/Softball,6756
Murambi Noel,Kenya,Volleyball,6757
Murata Kazuma,Japan,Hockey,6758
Muratake Rachid,Japan,Athletics,6759
Muratovic Emir,Bosnia And Herzegovina,Swimming,6760
Murdoch Ross,Great Britain,Swimming,6761
Murez Andrea,Israel,Swimming,6762
Muric Edo,Slovenia,Basketball,6763
Murillo Valdes Jorge,Colombia,Swimming,6764
Murodov Akmal,Tajikistan,Judo,6765
Murphy Annalise,Ireland,Sailing,6766
Murphy Clayton,United States Of America,Athletics,6767
Murphy Ryan,United States Of America,Swimming,6768
Murray Andy,Great Britain,Tennis,6769
Murray Jamie,Great Britain,Tennis,6770
Murray Richard,South Africa,Triathlon,6771
Murray Tom,New Zealand,Rowing,6772
Murtagh Fiona,Ireland,Rowing,6773
Murtazaeva Aizanat,Roc,Fencing,6774
Murto Wilma,Finland,Athletics,6775
Musab Adam Ali,Qatar,Athletics,6776
Musagala Ronald,Uganda,Athletics,6777
Musah Kojo,Denmark,Athletics,6778
Musase Agness,Zambia,Football,6779
Musetti Lorenzo,Italy,Tennis,6780
Musiyenko Ihor,Ukraine,Athletics,6781
Musnicki Meghan,United States Of America,Rowing,6782
Musole Ngambo,Zambia,Football,6783
Musonda Catherine,Zambia,Football,6784
Musovic Zecira,Sweden,Football,6785
Mussayev Sanzhar,Kazakhstan,Archery,6786
Musselman Madeline,United States Of America,Water Polo,6787
Must Raul,Estonia,Badminton,6788
Muszukajev Iszmail,Hungary,Wrestling,6789
Muteti Emily,Kenya,Swimming,6790
Muto Hiroki,Japan,Archery,6791
Muze Lina,Latvia,Athletics,6792
Muzerie Beccy,Great Britain,Rowing,6793
Mvimbi Samkelo,South Africa,Hockey,6794
Mwea Lataisi,Kiribati,Athletics,6795
Mweemba Lushomo,Zambia,Football,6796
Mwimba Oliver,Democratic Republic Of The Congo,Athletics,6797
Myagmar Delgerkhuu,Mongolia,Swimming,6798
Mykhailov Vasyl,Ukraine,Wrestling,6799
Mykhaylova Darya,Ukraine,Athletics,6800
Mykolenko Mariya,Ukraine,Athletics,6801
Myrhol Bjarte,Norway,Handball,6802
Mysak Denis,Slovakia,Canoe Sprint,6803
Myszka Piotr,Poland,Sailing,6804
N'Dri Franck,Côte D'Ivoire,Rowing,6805
Na Ahreum,Republic Of Korea,Cycling Road,6806
Nabieva Muattar,Uzbekistan,Weightlifting,6807
Nabil Oussama,Morocco,Athletics,6808
Nabila Alias Azreen,Malaysia,Athletics,6809
Nabilazmy Nora,Egypt,Artistic Swimming,6810
Nabokau Dzmitry,Belarus,Athletics,6811
Nacuqu Waisea,Fiji,Rugby Sevens,6812
Nadas Bence,Hungary,Canoe Sprint,6813
Nadeem Arshad,Pakistan,Athletics,6814
Nadir Abdelhaq,Morocco,Boxing,6815
Nadolska Karolina,Poland,Athletics,6816
Naeher Alyssa,United States Of America,Football,6817
Naert Koen,Belgium,Athletics,6818
Naess Helene,Norway,Sailing,6819
Nagahara Wakana,Japan,Badminton,6820
Nagai Yuma,Japan,Hockey,6821
Nagai Yuri,Japan,Hockey,6822
Nagal Sumit,India,Tennis,6823
Nagano Yudai,Japan,Fencing,6824
Nagaoka Moeko,Japan,Basketball,6825
Nagasako Yoshitaku,Japan,Cycling Bmx Racing,6826
Nagasau Rusila,Fiji,Rugby Sevens,6827
Nagase Takanori,Japan,Judo,6828
Nagata Hana,Japan,Rugby Sevens,6829
Nagata Shiori,Japan,Handball,6830
Nagayoshi Ken,Japan,Hockey,6831
Nageeye Abdi,Netherlands,Athletics,6832
Nageotte Katie,United States Of America,Athletics,6833
Nagga Hamza,Tunisia,Volleyball,6834
Nagoli Maxime,Côte D'Ivoire,Football,6835
Nagornyy Nikita,Roc,Artistic Gymnastics,6836
Nagy Peter,Hungary,Weightlifting,6837
Nagy Richard,Slovakia,Swimming,6838
Nagy Viktor,Hungary,Water Polo,6839
Naimasi Ana Maria,Fiji,Rugby Sevens,6840
Naito Minori,Japan,Baseball/Softball,6841
Naja Karolina,Poland,Canoe Sprint,6842
Nakaayi Halimah,Uganda,Athletics,6843
Nakaguchi Haruka,Japan,Shooting,6844
Nakajima Emi,Japan,Football,6845
Nakamura Katsumi,Japan,Swimming,6846
Nakamura Kisato,Japan,Cycling Track,6847
Nakamura Miki,Japan,Archery,6848
Nakamura Rimu,Japan,Cycling Bmx Freestyle,6849
Nakamura Shogo,Japan,Athletics,6850
Nakayama Funa,Japan,Skateboarding,6851
Nakayama Yukie,Japan,Shooting,6852
Nakayama Yuta,Japan,Football,6853
Nakoci Alowesi,Fiji,Rugby Sevens,6854
Nali Hazel,Zambia,Football,6855
Naliali Christopher,France,Athletics,6856
Nam Taeyun,Republic Of Korea,Shooting,6857
Namba Miyu,Japan,Swimming,6858
Namiki Tsukimi,Japan,Boxing,6859
Namutebi Kirabo,Uganda,Swimming,6860
Nanai-Seturo Etene,New Zealand,Rugby Sevens,6861
Naniev Timur,Roc,Weightlifting,6862
Nanri Kenji,Japan,Sailing,6863
Nanyondo Winnie,Uganda,Athletics,6864
Nanziri Catherine,Uganda,Boxing,6865
Naploszek Slawomir,Poland,Archery,6866
Napoles Cristian,Cuba,Athletics,6867
Narasaki Tomoa,Japan,Sport Climbing,6868
Nardelli Petra,Italy,Athletics,6869
Narimatsu Daisuke,Japan,Boxing,6870
Narita Kohei,Japan,Handball,6871
Narvaez Prado Jhonatan Manuel,Ecuador,Cycling Road,6872
Nascimento Carlos,Portugal,Athletics,6873
Nascimento Godmann Jacky Jamael,Brazil,Canoe Sprint,6874
Nasibov Parviz,Ukraine,Wrestling,6875
Naske Tim Ole,Germany,Rowing,6876
Nasoko Kalione,Fiji,Rugby Sevens,6877
Nassar Nayel,Egypt,Equestrian,6878
Nastenko Mikhail,Roc,Equestrian,6879
Nataraj Srihari,India,Swimming,6880
Nathan Faith,Australia,Rugby Sevens,6881
Nathan-Wong Tyla,New Zealand,Rugby Sevens,6882
Nathaniel Samson Oghenewegba,Nigeria,Athletics,6883
Nathike Lokonyen Rose,Refugee Olympic Team,Athletics,6884
Natynchyk Dzmitry,Belarus,Canoe Sprint,6885
Naumava Darya,Belarus,Weightlifting,6886
Naung Ye Tun,Myanmar,Shooting,6887
Nauwelaers Heleen,Belgium,Basketball,6888
Nava Horacio,Mexico,Athletics,6889
Navarria Mara,Italy,Fencing,6890
Navarro Calle Royner,Peru,Cycling Road,6891
Navarro Efren,Mexico,Baseball/Softball,6892
Navarro Gimenez Silvia,Spain,Handball,6893
Navarro Loza Dafne,Mexico,Trampoline Gymnastics,6894
Navarro Nicolas,France,Athletics,6895
Navrestad Tore,Norway,Cycling Bmx Racing,6896
Nayak Pranati,India,Artistic Gymnastics,6897
Nayler Erin,New Zealand,Football,6898
Nayo Ketchanke Gaelle,France,Weightlifting,6899
Nazarova Diana,Kazakhstan,Swimming,6900
Nazdrova Alena,Belarus,Canoe Sprint,6901
Nberet Melese,Ethiopia,Athletics,6902
Ndiaye Mbagnick,Senegal,Judo,6903
Ndjoume Charly,Cameroon,Swimming,6904
Ndori Bayapo,Botswana,Athletics,6905
Ndour Astou,Spain,Basketball,6906
Ndoye-Brouard Yohann,France,Swimming,6907
Ndunde Sarah,Kenya,Rugby Sevens,6908
Neben Amber,United States Of America,Cycling Road,6909
Nechita Maria Claudia,Romania,Boxing,6910
Nedasekau Maksim,Belarus,Athletics,6911
Nedow Tim,Canada,Athletics,6912
Neff Jolanda,Switzerland,Cycling Mountain Bike,6913
Negmatulloev Shabbos,Tajikistan,Boxing,6914
Neha Neha,India,Hockey,6915
Neill Liam,South Africa,Water Polo,6916
Neill Thomas,Australia,Swimming,6917
Neisen Carla,France,Rugby Sevens,6918
Neita Daryll,Great Britain,Athletics,6919
Nejati Ali Reza,Islamic Republic Of Iran,Wrestling,6920
Nekrasova Marina,Azerbaijan,Artistic Gymnastics,6921
Nel Wenda,South Africa,Athletics,6922
Nelson Ashleigh,Great Britain,Athletics,6923
Nelson Levy Timna,Israel,Judo,6924
Nemeravicius Dovydas,Lithuania,Rowing,6925
Nemes Mate,Serbia,Wrestling,6926
Nemeth Nandor,Hungary,Swimming,6927
Nemich Alexandra,Kazakhstan,Artistic Swimming,6928
Nemich Yekaterina,Kazakhstan,Artistic Swimming,6929
Nemouchi Younes,Algeria,Boxing,6930
Nene Zakithi,South Africa,Athletics,6931
Nener Kenji,Japan,Triathlon,6932
Nenezic Ljubica,Montenegro,Handball,6933
Neretnieks Kristaps,Latvia,Equestrian,6934
Nesterenko Mykyta,Ukraine,Athletics,6935
Nettey Christabel,Canada,Athletics,6936
Neumanova Tereza,Czech Republic,Cycling Road,6937
Neushul Jamie,United States Of America,Water Polo,6938
Neveu Boris,France,Canoe Slalom,6939
Nevin Courtney,Australia,Football,6940
Newell Anicka,Canada,Athletics,6941
Newman Alysha,Canada,Athletics,6942
Neziri Nooralotta,Finland,Athletics,6943
Ng Ling Kai Amanda,Singapore,Sailing,6944
Ng Ka Long Angus,"Hong Kong, China",Badminton,6945
Ng Lok Wang Lawrence,"Hong Kong, China",Fencing,6946
Ng Shiu Tone,New Zealand,Rugby Sevens,6947
Ng Yan Yee,Malaysia,Diving,6948
Ngapeth Earvin,France,Volleyball,6949
Ngarlem Kristel,Canada,Weightlifting,6950
Ngcobo Nkosingiphile,South Africa,Football,6951
Ngoye Akamabi Natacha,Congo,Athletics,6952
Ngozi Zibane,Botswana,Athletics,6953
Nguyen Anasztazia,Hungary,Athletics,6954
Nguyen Huy Hoang,Vietnam,Swimming,6955
Nguyen Hoang Phi Vu,Vietnam,Archery,6956
Nguyen Nhat,Ireland,Badminton,6957
Nguyen Thi Anh Anh Vien,Vietnam,Swimming,6958
Nguyen Thuy Linh,Vietnam,Badminton,6959
Nguyen Tien Minh,Vietnam,Badminton,6960
Nguyen Thuy,Vietnam,Judo,6961
Nguyen Thi Tam,Vietnam,Boxing,6962
Nguyen Van Duong,Vietnam,Boxing,6963
Nhabali Quedjau,Ukraine,Judo,6964
Nhaquile Deizy,Mozambique,Sailing,6965
Ni Xia Lian,Luxembourg,Table Tennis,6966
Niakate Kalidiatou,France,Handball,6967
Niang Assmaa,Morocco,Judo,6968
Nibali Vincenzo,Italy,Cycling Road,6969
Nichita Anastasia,Republic Of Moldova,Wrestling,6970
Nicholas Breanne,Canada,Rugby Sevens,6971
Nicholas Jane,Cook Islands,Canoe Slalom,6972
Nicolai Paolo,Italy,Beach Volleyball,6973
Nicolau Mariana,Brazil,Rugby Sevens,6974
Nicoli Rebecca,Italy,Boxing,6975
Nicolino Gabriela,Brazil,Sailing,6976
Nicolson Skye,Australia,Boxing,6977
Nicosia Gianmarco,Italy,Water Polo,6978
Niculescu Monica,Romania,Tennis,6979
Niedzialek Lukasz,Poland,Athletics,6980
Nielsen Anna,Denmark,Shooting,6981
Nielsen Frida Sanggaard,Denmark,Rowing,6982
Nielsen Ida Marie Baad,Denmark,Sailing,6983
Nielsen Jaime,New Zealand,Cycling Track,6984
Nielsen Laviai,Great Britain,Athletics,6985
Nielsen Sverri,Denmark,Rowing,6986
Niemann Joaquin,Chile,Golf,6987
Nieschlag Justus,Germany,Triathlon,6988
Nievarez Cris,Philippines,Rowing,6989
Niewiadoma Katarzyna,Poland,Cycling Road,6990
Niggeler Michele,Switzerland,Fencing,6991
Niizawa Yuki,Japan,Water Polo,6992
Nijhuis Thijs,Denmark,Athletics,6993
Nik Khahbahrami Mohammadsamad,Islamic Republic Of Iran,Basketball,6994
Nikiforov Toma,Belgium,Judo,6995
Nikishin Bogdan,Ukraine,Fencing,6996
Nikitina Olga,Roc,Fencing,6997
Nikolic Aleksej,Slovenia,Basketball,6998
Nikolic Milica,Serbia,Judo,6999
Nikolova Evelina Georgieva,Bulgaria,Wrestling,7000
Nikulina Ina,Belarus,Rowing,7001
Nilsen Christopher,United States Of America,Athletics,7002
Nilshagen Therese,Sweden,Equestrian,7003
Nilsson Maja,Sweden,Athletics,7004
Nilsson Stefan,Sweden,Shooting,7005
Ninomiya Makoto,Japan,Tennis,7006
Nino,Brazil,Football,7007
Nippgen Lisa,Germany,Athletics,7008
Nisha,India,Hockey,7009
Nishida Reo,Japan,Diving,7010
Nishikori Emi,Japan,Hockey,7011
Nishikori Kei,Japan,Tennis,7012
Nishimura Aori,Japan,Skateboarding,7013
Nishimura Ken,Japan,Karate,7014
Nishioka Risa,Japan,3X3 Basketball,7015
Nishioka Yoshihito,Japan,Tennis,7016
Nishiya Momiji,Japan,Skateboarding,7017
Nitta Yudai,Japan,Cycling Track,7018
Niu Guannan,People'S Republic Of China,Water Polo,7019
Niua Folau,United States Of America,Rugby Sevens,7020
Niwa Koki,Japan,Table Tennis,7021
Niyazbekov Daulet,Kazakhstan,Wrestling,7022
Niyonsaba Francine,Burundi,Athletics,7023
Nizetich Paula Yamila,Argentina,Volleyball,7024
Njie Faye,Gambia,Judo,7025
Njobvu Roda,Zambia,Athletics,7026
Nkounkou Niels,France,Football,7027
Nobbs Kaitlin,Australia,Hockey,7028
Noble Kathleen,Uganda,Rowing,7029
Noceti Klepacka Zofia,Poland,Sailing,7030
Noguchi Akiyo,Japan,Sport Climbing,7031
Nomenjanahary Damiella,Madagascar,Judo,7032
Nomura Kana,Japan,Hockey,7033
Nonaka Miho,Japan,Sport Climbing,7034
Noor Jamali Juni Karimah,Malaysia,Sailing,7035
Noor Zahi Sha Mahmood,Afghanistan,Athletics,7036
Nordas Narve Gilje,Norway,Athletics,7037
Nordin Arnaud,France,Football,7038
Nordqvist Anna,Sweden,Golf,7039
Noren Alex,Sweden,Golf,7040
Norgaard Alexander,Denmark,Swimming,7041
Noritsina Daria,Roc,Rugby Sevens,7042
Norlander Henrik,Sweden,Golf,7043
Norman Michael,United States Of America,Athletics,7044
Norman Phil,Great Britain,Athletics,7045
Norton Dan,Great Britain,Rugby Sevens,7046
Norton Stephanie,"Hong Kong, China",Sailing,7047
Norwood Vernon,United States Of America,Athletics,7048
Noshitani Sakura,Japan,Rhythmic Gymnastics,7049
Noskova Yana,Roc,Table Tennis,7050
Nour Dania,Palestine,Swimming,7051
Nourine Fethi,Algeria,Judo,7052
Nouwen Aniek,Netherlands,Football,7053
Novac Alexandru Mihaita,Romania,Athletics,7054
Novakovic Milica,Serbia,Canoe Sprint,7055
Novolodskaia Mariia,Roc,Cycling Track,7056
Novozhylova Iryna,Ukraine,Athletics,7057
Nowakowski Piotr,Poland,Volleyball,7058
Nowicki Adam,Poland,Athletics,7059
Nowicki Wojciech,Poland,Athletics,7060
Ntanatsidis Alexios,Greece,Judo,7061
Ntiamoah Brigitte,France,Athletics,7062
Ntilikina Frank,France,Basketball,7063
Ntountounaki Anna,Greece,Swimming,7064
Ntouskos Stefanos,Greece,Rowing,7065
Ntuli Nqobile Mansuet,South Africa,Hockey,7066
Nuevo Segura Katherin,Cuba,Canoe Sprint,7067
Nugent-O'Leary Georgia,New Zealand,Rowing,7068
Nuguse Yared,United States Of America,Athletics,7069
Numa Rose-Lee,Papua New Guinea,Sailing,7070
Numa Teariki,Papua New Guinea,Sailing,7071
Nunes De Oliveira Lais,Brazil,Wrestling,7072
Nunes Rochele,Portugal,Judo,7073
Nunez Gustavo,Dominican Republic,Baseball/Softball,7074
Nunez Jonathan,Honduras,Football,7075
Nunnink Laura Maria,Netherlands,Hockey,7076
Nurdauletov Bekzad,Kazakhstan,Boxing,7077
Nurillaev Sardor,Uzbekistan,Judo,7078
Nurme Tiidrek,Estonia,Athletics,7079
Nurov Magomedgadji,North Macedonia,Wrestling,7080
Nurse Kia,Canada,Basketball,7081
Nusser Larissa,Netherlands,Handball,7082
Nuutinen Sanna,Finland,Golf,7083
Nwajide Carlotta,Germany,Rowing,7084
Nwamu Ike,Nigeria,Basketball,7085
Nwokocha Nzubechi Grace,Nigeria,Athletics,7086
Nye Katherine Elizabeth,United States Of America,Weightlifting,7087
Nyika David,New Zealand,Boxing,7088
Nyingifa Atonye,Nigeria,Basketball,7089
Nyman Marcus,Sweden,Judo,7090
Nymbursky Petr,Czech Republic,Shooting,7091
Nyzhnyk Mykola,Ukraine,Athletics,7092
Nze Minko Estelle,France,Handball,7093
Nzikwinkunda Eric,Burundi,Athletics,7094
O'Brien Joseph,Australia,Rowing,7095
O'Brien Kelland,Australia,Cycling Track,7096
O'Brien Kristine,United States Of America,Rowing,7097
O'Callaghan Mollie,Australia,Swimming,7098
O'Connor Austin,Ireland,Equestrian,7099
O'Connor Cian,Ireland,Equestrian,7100
O'Donnell Christopher,Ireland,Athletics,7101
O'Donovan Paul,Ireland,Rowing,7102
O'Flanagan Anna,Ireland,Hockey,7103
O'Halloran Tom,Australia,Sport Climbing,7104
O'Hanlon Grace,New Zealand,Hockey,7105
O'Hea Jenna,Australia,Basketball,7106
O'Leary Meghan,United States Of America,Rowing,7107
O'Neill Jennifer,Puerto Rico,Basketball,7108
O'Neill Shane,Australia,Skateboarding,7109
O'Neill Uma,New Zealand,Equestrian,7110
O'Rourke Aoife,Ireland,Boxing,7111
O'Shea Greg,Ireland,Rugby Sevens,7112
O'Sullivan Christian,Norway,Handball,7113
O'Toole Danielle,Mexico,Baseball/Softball,7114
Obame Anthony Mylann,Gabon,Taekwondo,7115
Obasuyi Michael,Belgium,Athletics,7116
Oberholzer Carla,South Africa,Cycling Road,7117
Oberholzer Dallas,South Africa,Skateboarding,7118
Obert Alex,United States Of America,Water Polo,7119
Obiena Ernest John,Philippines,Athletics,7120
Obiri Hellen,Kenya,Athletics,7121
Oborududu Blessing,Nigeria,Wrestling,7122
Oboya Bendere,Australia,Athletics,7123
Obradovic Anja,Serbia,Judo,7124
Obregon Juan,Honduras,Football,7125
Obst Andreas,Germany,Basketball,7126
Ochiai Hiromasa,Japan,Hockey,7127
Ochiai Tomoya,Japan,3X3 Basketball,7128
Ochirbat Burmaa,Mongolia,Wrestling,7129
Ochoa Fernandez Jefferson,Colombia,Taekwondo,7130
Ochoa Guillermo,Mexico,Football,7131
Ochola Elly Ajowi,Kenya,Boxing,7132
Ocik Hannes,Germany,Rowing,7133
Ockenden Edward Clive,Australia,Hockey,7134
Odakura Makoto,Japan,Triathlon,7135
Odhiambo Billy,Kenya,Rugby Sevens,7136
Odhiambo Mark Otieno,Kenya,Athletics,7137
Odikadze Elizbar,Georgia,Wrestling,7138
Oduduru Divine,Nigeria,Athletics,7139
Oduro Manu Joseph,Ghana,Athletics,7140
Oetling Elena,Mexico,Sailing,7141
Oeverby Petter,Norway,Handball,7142
Ofili Favour,Nigeria,Athletics,7143
Ogando Alexander,Dominican Republic,Athletics,7144
Ogar Jolanta,Poland,Sailing,7145
Ogbogu Chiaka,United States Of America,Volleyball,7146
Ogilvie Flynn Andrew,Australia,Hockey,7147
Ognjenovic Maja,Serbia,Volleyball,7148
Ogretir Berkay,Turkey,Swimming,7149
Ogrodnikova Nikola,Czech Republic,Athletics,7150
Ogunbanwo Abiola,Nigeria,Swimming,7151
Ogunode Femi,Qatar,Athletics,7152
Ogwumike Erinma,Nigeria,Basketball,7153
Oh Ji Hwan,Republic Of Korea,Baseball/Softball,7154
Oh Jaeil,Republic Of Korea,Baseball/Softball,7155
Oh Jinhyek,Republic Of Korea,Archery,7156
Oh Jiyoung,Republic Of Korea,Volleyball,7157
Oh Joohan,Republic Of Korea,Athletics,7158
Oh Sanguk,Republic Of Korea,Fencing,7159
Oh Yeonji,Republic Of Korea,Boxing,7160
Ohashi Masaki,Japan,Hockey,7161
Ohashi Yui,Japan,Swimming,7162
Ohioze Michael,Great Britain,Athletics,7163
Ohno Yudai,Japan,Baseball/Softball,7164
Ohyama Mana,Japan,Handball,7165
Oiglane Janek,Estonia,Athletics,7166
Oikawa Shihori,Japan,Hockey,7167
Oike Minato,Japan,Cycling Bmx Freestyle,7168
Oishi Ayami,Japan,Rowing,7169
Oiwa Chisaki,Japan,Rhythmic Gymnastics,7170
Oiwa Yoshiaki,Japan,Equestrian,7171
Ojala Aleksi,Finland,Athletics,7172
Ojeli Ifeanyi Emmanuel,Nigeria,Athletics,7173
Okada Keiju,Japan,Sailing,7174
Okada Kumiko,Japan,Athletics,7175
Okada Naoya,Japan,Shooting,7176
Okafor Jahlil,Nigeria,Basketball,7177
Okagbare Blessing,Nigeria,Athletics,7178
Okamoto Misugu,Japan,Skateboarding,7179
Okawa Keigo,Japan,Water Polo,7180
Okazawa Sewonrets Quincy Mensah,Japan,Boxing,7181
Okemba Seraphine,France,Rugby Sevens,7182
Okezie Chidi,Nigeria,Athletics,7183
Okogie Josh,Nigeria,Basketball,7184
Okonkwo Amy Nnenna,Nigeria,Basketball,7185
Okoth Nicholas Okong'O,Kenya,Boxing,7186
Okoye Lawrence,Great Britain,Athletics,7187
Okoye Monica,Japan,Basketball,7188
Okpala Chikezie,Nigeria,Basketball,7189
Okuhara Nozomi,Japan,Badminton,7190
Okumu Judith,Kenya,Rugby Sevens,7191
Okumura Mai,Japan,Volleyball,7192
Okwach Vivian,Kenya,Rugby Sevens,7193
Olando Philadelphia,Kenya,Rugby Sevens,7194
Olarasu Maria,Republic Of Moldova,Canoe Sprint,7195
Olaru Dan,Republic Of Moldova,Archery,7196
Olaru Raluca,Romania,Tennis,7197
Olasz Anna,Hungary,Marathon Swimming,7198
Old Ben,New Zealand,Football,7199
Oldenbeuving Keet,Netherlands,Skateboarding,7200
Olesk Peeter,Estonia,Shooting,7201
Olezza Bazan Facundo Mario,Argentina,Sailing,7202
Olindi Johnstone,Kenya,Rugby Sevens,7203
Oliva Elvin,Honduras,Football,7204
Oliva Isern Georgina,Spain,Hockey,7205
Oliva Isern Roc,Spain,Hockey,7206
Olivas Nunez Andres Eduardo,Mexico,Athletics,7207
Oliveira Fernanda,Brazil,Sailing,7208
Oliveira Ingrid,Brazil,Diving,7209
Oliveira Larissa,Brazil,Swimming,7210
Oliveira Nelson,Portugal,Cycling Road,7211
Oliver Javianne,United States Of America,Athletics,7212
Oliver Mayan,Mexico,Modern Pentathlon,7213
Olivier Marc-Antoine,France,Marathon Swimming,7214
Olivieri Linda,Italy,Athletics,7215
Olmo Angelica,Italy,Triathlon,7216
Olmo Dani,Spain,Football,7217
Olmos Giuliana,Mexico,Tennis,7218
Olofua Godwin,Nigeria,Badminton,7219
Olsen Morten,Denmark,Handball,7220
Olsen Marie Thusgaard,Denmark,Sailing,7221
Olsen Poppy,Australia,Skateboarding,7222
Olsen Shallon,Canada,Artistic Gymnastics,7223
Olsen Steffen,Denmark,Shooting,7224
Olsson Josefin,Sweden,Sailing,7225
Oltiboev Bekmurod,Uzbekistan,Judo,7226
Oluoch Jeff,Kenya,Rugby Sevens,7227
Olvera Ibarra Osmar,Mexico,Diving,7228
Olyanovska Lyudmila,Ukraine,Athletics,7229
Omar Ali,Libya,Judo,7230
Omar Yahia,Egypt,Handball,7231
Omarov Artur,Czech Republic,Wrestling,7232
Ombissa-Dzangue Orlann,France,Athletics,7233
Omelchuk Oleh,Ukraine,Shooting,7234
Omondi Sinaida,Kenya,Rugby Sevens,7235
Omotayo Olajide,Nigeria,Table Tennis,7236
Omoto Rika,Japan,Swimming,7237
Omoto Sakurako,Japan,Hockey,7238
Omurwa Ferdinand,Kenya,Athletics,7239
Onder Ahmet,Turkey,Artistic Gymnastics,7240
Ondoli Chiara,Italy,Rowing,7241
Ondra Adam,Czech Republic,Sport Climbing,7242
Ongare Christine,Kenya,Boxing,7243
Ongbamrungphan Busanan,Thailand,Badminton,7244
Oni Olumiye,Nigeria,Basketball,7245
Onnen Imke,Germany,Athletics,7246
Ono Shohei,Japan,Judo,7247
Ono Yuka,Japan,Canoe Sprint,7248
Onoda Himeka,Australia,Rhythmic Gymnastics,7249
Onodera Taishi,Japan,Volleyball,7250
Onolbaatar Khulan,Mongolia,3X3 Basketball,7251
Onopriienko Viktoriia,Ukraine,Rhythmic Gymnastics,7252
Onyala Vincent,Kenya,Rugby Sevens,7253
Onyekwere Chioma,Nigeria,Athletics,7254
Oosterwegel Emma,Netherlands,Athletics,7255
Oosterwegel Hanneke,Netherlands,Athletics,7256
Opatrny Ales,Czech Republic,Equestrian,7257
Oppo Stefano,Italy,Rowing,7258
Opti Soren,Suriname,Badminton,7259
Oramas Brizuela Robert Manuel,Venezuela,Volleyball,7260
Oramas Juan,Mexico,Baseball/Softball,7261
Orban Sarah,Canada,Cycling Track,7262
Ordemann Richard Andre,Norway,Taekwondo,7263
Ordonez Saul,Spain,Athletics,7264
Oriabinskaia Elena,Roc,Rowing,7265
Orji Keturah,United States Of America,Athletics,7266
Orjuela Angie,Colombia,Athletics,7267
Orken Ahmet,Turkey,Cycling Road,7268
Orozco Diaz Jorge Martin,Mexico,Shooting,7269
Orozco Loza Alejandra,Mexico,Diving,7270
Orrego Ariana,Peru,Artistic Gymnastics,7271
Orro Alessia,Italy,Volleyball,7272
Orsag Jiri,Czech Republic,Weightlifting,7273
Orshush Stalvira,Roc,Wrestling,7274
Orsi Toth Viktoria,Italy,Beach Volleyball,7275
Orta Sanchez Luis Alberto,Cuba,Wrestling,7276
Ortega Mauricio,Colombia,Athletics,7277
Ortega Orlando,Spain,Athletics,7278
Ortiz Bea,Spain,Water Polo,7279
Ortiz Carlos,Mexico,Golf,7280
Ortiz Ignacio Horacio,Argentina,Hockey,7281
Ortiz Idalys,Cuba,Judo,7282
Ortiz Jose,Guatemala,Athletics,7283
Ortiz Mirna,Guatemala,Athletics,7284
Ortiz Pacheco Gretchen,Puerto Rico,Sailing,7285
Ortuno Valeria,Mexico,Athletics,7286
Orujov Rustam,Azerbaijan,Judo,7287
Oruz Selin,Germany,Hockey,7288
Oruz Timur,Germany,Hockey,7289
Orynbay Assem,Kazakhstan,Shooting,7290
Osadczuk Matias,Argentina,Rugby Sevens,7291
Osaka Naomi,Japan,Tennis,7292
Osako Keisuke,Japan,Football,7293
Osako Suguru,Japan,Athletics,7294
Osakue Daisy,Italy,Athletics,7295
Osborne Jason,Germany,Rowing,7296
Oscar Schmidt Bruno,Brazil,Beach Volleyball,7297
Oschmautz Felix,Austria,Canoe Slalom,7298
Oshonaike Olufunke,Nigeria,Table Tennis,7299
Osika Shannon,United States Of America,Athletics,7300
Osipova Elena,Roc,Archery,7301
Osipova Svetlana,Uzbekistan,Taekwondo,7302
Osman Farida,Egypt,Swimming,7303
Osorio Serrano Maria Camila,Colombia,Tennis,7304
Ostapenko Jelena,Latvia,Tennis,7305
Ostergaard Louise,Denmark,Athletics,7306
Osterman Anja,Slovenia,Canoe Sprint,7307
Osterman Cat,United States Of America,Baseball/Softball,7308
Oswald Philipp,Austria,Tennis,7309
Otani Mei,Japan,Rugby Sevens,7310
Oteiza Marie,France,Modern Pentathlon,7311
Otgon Munkhtsetseg,Mongolia,Judo,7312
Otieno Alvin,Kenya,Rugby Sevens,7313
Otogbe Mawupemon,Togo,Swimming,7314
Otoguro Takuto,Japan,Wrestling,7315
Otryad Gundegmaa,Mongolia,Shooting,7316
Otsuka Shohei,Japan,Athletics,7317
Otsuka Tatsunori,Japan,Volleyball,7318
Otterdahl Payton,United States Of America,Athletics,7319
Ottesen Jeanette,Denmark,Swimming,7320
Ou Yushan,People'S Republic Of China,Artistic Gymnastics,7321
Ou Zixia,People'S Republic Of China,Hockey,7322
Ouaddar Abdelkebir,Morocco,Equestrian,7323
Ouattara Zie,Côte D'Ivoire,Football,7324
Ouceni Ludovic,France,Athletics,7325
Ouedraogo Adama,Burkina Faso,Swimming,7326
Ouedraogo Angelika,Burkina Faso,Swimming,7327
Ouma Grace,Kenya,Rugby Sevens,7328
Oumiha Sofiane,France,Boxing,7329
Ouvina Cristina,Spain,Basketball,7330
Ovcharova Liubov,Roc,Wrestling,7331
Ovchinnikova Kristina,Kazakhstan,Athletics,7332
Ovchinnikova Mariya,Kazakhstan,Athletics,7333
Ovtcharov Dimitrij,Germany,Table Tennis,7334
Owens Ryan,Great Britain,Cycling Track,7335
Owsley Lily,Great Britain,Hockey,7336
Oyama Shigetaka,Japan,Shooting,7337
Oyarzabal Mikel,Spain,Football,7338
Oyoo Nelson,Kenya,Rugby Sevens,7339
Oyunbat Yesugen,Mongolia,Shooting,7340
Ozbas Szofi,Hungary,Judo,7341
Ozbay Cansu,Turkey,Volleyball,7342
Ozbek Muhammed Furkan,Turkey,Weightlifting,7343
Ozbilen Kaan Kigen,Turkey,Athletics,7344
Ozcelik Arapoglu Serap,Turkey,Karate,7345
Ozdoba-Blach Agata,Poland,Judo,7346
Ozer Kayhan,Turkey,Athletics,7347
Ozhogina Ozhogin Alisa,Spain,Artistic Swimming,7348
Ozkan Ertan,Turkey,Athletics,7349
Ozyuksel Ilke,Turkey,Modern Pentathlon,7350
Jordan Praveen,Indonesia,Badminton,7351
Putri Melani,Indonesia,Rowing,7352
Paalam Carlo,Philippines,Boxing,7353
Pacek Robin,Sweden,Judo,7354
Pacheco Christian,Peru,Athletics,7355
Pacheco Espinosa Nicolas,Peru,Shooting,7356
Pacheco Juan,Mexico,Athletics,7357
Pacheco Marrufo Rommel,Mexico,Diving,7358
Pacheco Van Rijnsoever Tara,Spain,Sailing,7359
Pachito Jurado Erika Stefania,Ecuador,Boxing,7360
Pacut Beata,Poland,Judo,7361
Padron Beatriz,Costa Rica,Swimming,7362
Pagan India,Puerto Rico,Basketball,7363
Pagdanganan Bianca Isabel,Philippines,Golf,7364
Page Bryony,Great Britain,Trampoline Gymnastics,7365
Page Gabriella,Canada,Fencing,7366
Paget Marie-Eve,France,3X3 Basketball,7367
Pagunsan Juvic,Philippines,Golf,7368
Pahlitzsch Karolina,Germany,Athletics,7369
Paige Tyler Justus,American Samoa,Sailing,7370
Pajola Alessandro,Italy,Basketball,7371
Pakdaman Ali,Islamic Republic Of Iran,Fencing,7372
Pakhniuk Petro,Ukraine,Artistic Gymnastics,7373
Paki Sariah,Australia,Rugby Sevens,7374
Palacios Dajomes Angie Paola,Ecuador,Weightlifting,7375
Palacios Ezequiel,Argentina,Volleyball,7376
Palacios Espinoza Maria Jose,Ecuador,Boxing,7377
Palacios Sashel,Mexico,Baseball/Softball,7378
Paladin Soraya,Italy,Cycling Road,7379
Palameika Madara,Latvia,Athletics,7380
Palau Laia,Spain,Basketball,7381
Palazkov Ilya,Belarus,Modern Pentathlon,7382
Palicka Andreas,Sweden,Handball,7383
Paljk Tilka,Zambia,Swimming,7384
Paller Rob,Israel,Baseball/Softball,7385
Palm Gabriella,Australia,Water Polo,7386
Palma Isaac,Mexico,Athletics,7387
Palma Luis,Honduras,Football,7388
Palmer James,Canada,Cycling Bmx Racing,7389
Palmer Keegan,Australia,Skateboarding,7390
Palmisano Antonella,Italy,Athletics,7391
Palomeque Diego,Colombia,Athletics,7392
Palsyte Airine,Lithuania,Athletics,7393
Paltchik Peter,Israel,Judo,7394
Paltrinieri Gregorio,Italy,Marathon Swimming,7395
Paltrinieri Gregorio,Italy,Swimming,7396
Paluch Paulina,Poland,Athletics,7397
Palyza Lukas,Czech Republic,Basketball,7398
Pamg Pandelela,Malaysia,Diving,7399
Pan Cheng Tsung,Chinese Taipei,Golf,7400
Pan Yufei,People'S Republic Of China,Sport Climbing,7401
Pan Zhenqi,People'S Republic Of China,Basketball,7402
Panchia Jared,New Zealand,Hockey,7403
Panchishko Krystyna,Ukraine,Marathon Swimming,7404
Pandi Naganathan,India,Athletics,7405
Panesar Sukhpal Singh,Canada,Hockey,7406
Pang Qianyu,People'S Republic Of China,Wrestling,7407
Pang Wei,People'S Republic Of China,Shooting,7408
Pang Yao,"Hong Kong, China",Cycling Track,7409
Panizza Andrea,Italy,Rowing,7410
Panizzon Vittoria,Italy,Equestrian,7411
Pankov Pavel,Roc,Volleyball,7412
Pantovic Jelena,Montenegro,Shooting,7413
Panwar Divyansh Singh,India,Shooting,7414
Panziera Margherita,Italy,Swimming,7415
Paoletti Vanina,France,Canoe Sprint,7416
Paolini Jasmine,Italy,Tennis,7417
Papa Micky,Canada,Skateboarding,7418
Papachristou Paraskevi,Greece,Athletics,7419
Papadakis Nefeli,United States Of America,Judo,7420
Papamichail Alexandros,Greece,Athletics,7421
Papanastasiou Alexandros,Greece,Water Polo,7422
Papastamos Apostolos,Greece,Swimming,7423
Papazoglou Evangelia,Greece,Artistic Swimming,7424
Papok Nadzeya,Belarus,Canoe Sprint,7425
Papousek Kamil,Czech Republic,Equestrian,7426
Paquin Karen,Canada,Rugby Sevens,7427
Parakhonka Vitali,Belarus,Athletics,7428
Paratore Renato,Italy,Golf,7429
Parattu Raveendran Sreejesh,India,Hockey,7430
Parchment Hansle,Jamaica,Athletics,7431
Pardo Daniela,Chile,Football,7432
Pardoe Hector Thomas Cheal,Great Britain,Marathon Swimming,7433
Pare Maroussia,France,Athletics,7434
Parellis Apostolos,Cyprus,Athletics,7435
Pareto Paula,Argentina,Judo,7436
Parfett Sara,Great Britain,Rowing,7437
Pariyar Kalpana,Nepal,Shooting,7438
Park Da-Sol,Republic Of Korea,Judo,7439
Park Eunjin,Republic Of Korea,Volleyball,7440
Park Gunwoo,Republic Of Korea,Sailing,7441
Park Hae Min,Republic Of Korea,Baseball/Softball,7442
Park Heejun,Republic Of Korea,Karate,7443
Park Heemoon,Republic Of Korea,Shooting,7444
Park Hyejin,Republic Of Korea,Basketball,7445
Park Inbee,Republic Of Korea,Golf,7446
Park Jeongah,Republic Of Korea,Volleyball,7447
Park Jisu,Republic Of Korea,Football,7448
Park Ji Su,Republic Of Korea,Basketball,7449
Park Kunwoo,Republic Of Korea,Baseball/Softball,7450
Park Sangyoung,Republic Of Korea,Fencing,7451
Park Sewoong,Republic Of Korea,Baseball/Softball,7452
Park Skylar,Canada,Taekwondo,7453
Park Wanyong,Republic Of Korea,Rugby Sevens,7454
Parker Caitlin,Australia,Boxing,7455
Parkes Rebecca,Hungary,Water Polo,7456
Parlati Christian,Italy,Judo,7457
Parlov Kostro Matea,Croatia,Athletics,7458
Parnaby Kaia,Australia,Baseball/Softball,7459
Parnat Reena,Estonia,Archery,7460
Parnova Elizaveta,Australia,Athletics,7461
Parot Samuel,Chile,Equestrian,7462
Parratto Jessica,United States Of America,Diving,7463
Parris Nikita,Great Britain,Football,7464
Parro Carlos,Brazil,Equestrian,7465
Parruque Denise,Mozambique,Sailing,7466
Parry Leah,Australia,Baseball/Softball,7467
Parry Shannon,Australia,Rugby Sevens,7468
Partanen Veli-Matti,Finland,Athletics,7469
Parti Andras,Hungary,Cycling Mountain Bike,7470
Partyka Natalia,Poland,Table Tennis,7471
Parveen Najma,Pakistan,Athletics,7472
Pascanu Alexandru,Romania,Football,7473
Pascari Cosmin,Romania,Rowing,7474
Pascoal Stelvia,Angola,Handball,7475
Pascual Pedro,United States Of America,Sailing,7476
Paseka Malia,Tonga,Taekwondo,7477
Pasela Anthony,Botswana,Athletics,7478
Pashley Ellie,Australia,Athletics,7479
Pasquel Patricio,Mexico,Equestrian,7480
Passon Felicity,Seychelles,Swimming,7481
Pasztor Flora,Hungary,Fencing,7482
Pasztor Matyas,Hungary,Water Polo,7483
Patel Maana Patel,India,Swimming,7484
Patelli Alessandra,Italy,Rowing,7485
Patience Luke,Great Britain,Sailing,7486
Patino Bedoya Paula Andrea,Colombia,Cycling Road,7487
Paton Kristen,South Africa,Hockey,7488
Paton Taine,South Africa,Hockey,7489
Patrick Glory,Nigeria,Athletics,7490
Patry Jean,France,Volleyball,7491
Patskevich Alexandra,Roc,Artistic Swimming,7492
Patta Lorenzo,Italy,Athletics,7493
Patten Giorgia,Australia,Rowing,7494
Patterson Eleanor,Australia,Athletics,7495
Paul Georges Julien,Mauritius,Badminton,7496
Paul Kindred,Canada,Water Polo,7497
Paul Nicholas,Trinidad And Tobago,Cycling Track,7498
Paul Tommy,United States Of America,Tennis,7499
Paulina Hensley,Netherlands,Athletics,7500
Paulinho,Brazil,Football,7501
Paulino Marileidy,Dominican Republic,Athletics,7502
Paulis Ilse,Netherlands,Rowing,7503
Paulo Helena,Angola,Handball,7504
Pauluis Larissa,Belgium,Equestrian,7505
Pauty Maxime,France,Fencing,7506
Pavade Prithika,France,Table Tennis,7507
Pavan Sarah,Canada,Beach Volleyball,7508
Pavic Mate,Croatia,Tennis,7509
Pavicevic Ivona,Montenegro,Handball,7510
Pavlova Anastasiia,Ukraine,Archery,7511
Pavlyuchenkova Anastasia,Roc,Tennis,7512
Pawlak Joanna,Poland,Equestrian,7513
Pawlowski Pawel,Poland,3X3 Basketball,7514
Payero Martin,Argentina,Football,7515
Payne Doug,United States Of America,Equestrian,7516
Payne Oliver,Great Britain,Hockey,7517
Payne Sydney,Canada,Rowing,7518
Payton Malaina,United States Of America,Athletics,7519
Paz Diego Ignacio,Argentina,Hockey,7520
Pazhava Salome,Georgia,Rhythmic Gymnastics,7521
Pearce Simone,Australia,Equestrian,7522
Pearne-Webb Hollie,Great Britain,Hockey,7523
Pearson Mark Alistair John,Canada,Hockey,7524
Pearson Morgan,United States Of America,Triathlon,7525
Peaty Adam,Great Britain,Swimming,7526
Pedersen Anders Oestre,Norway,Sailing,7527
Pedersen Emily Kristine,Denmark,Golf,7528
Pedersen Rasmus,Denmark,Cycling Track,7529
Pedersen Trine Dahl,Denmark,Rowing,7530
Pedroso Yadisleidis,Italy,Athletics,7531
Peers John,Australia,Tennis,7532
Pegula Jessica,United States Of America,Tennis,7533
Peinado Robeilys,Venezuela,Athletics,7534
Pejcic Snjezana,Croatia,Shooting,7535
Pekeler Hendrik,Germany,Handball,7536
Pekler Zalan,Hungary,Shooting,7537
Pekovic Jovana,Montenegro,Judo,7538
Peleteiro Ana,Spain,Athletics,7539
Pelier Cordova Jose Ramon,Cuba,Canoe Sprint,7540
Pelite Evania,Australia,Rugby Sevens,7541
Pellacani Chiara,Italy,Diving,7542
Pellaud Rachel,Switzerland,Athletics,7543
Pelle Chloe,France,Rugby Sevens,7544
Pellegrini Federica,Italy,Swimming,7545
Pellington Shaina,Canada,Basketball,7546
Pelluard Vincent,Colombia,Cycling Bmx Racing,7547
Pelova Victoria,Netherlands,Football,7548
Pembele Timothee,France,Football,7549
Pen Freitas Marta,Portugal,Athletics,7550
Pen Sokong,Cambodia,Athletics,7551
Pena Abaurrea Nerea,Spain,Handball,7552
Pena Flores Yosvanys,Cuba,Wrestling,7553
Pena Inigo,Spain,Canoe Sprint,7554
Pena Isabel Yonkaira Paola,Dominican Republic,Volleyball,7555
Pena Pili,Spain,Water Polo,7556
Pena Ramiro,Mexico,Baseball/Softball,7557
Pendrel Catharine,Canada,Cycling Mountain Bike,7558
Peng Fei,People'S Republic Of China,Wrestling,7559
Peng Jianhua,People'S Republic Of China,Athletics,7560
Peng Lin,People'S Republic Of China,Water Polo,7561
Peng Xuwei,People'S Republic Of China,Swimming,7562
Peng Yang,People'S Republic Of China,Hockey,7563
Peni Istvan,Hungary,Shooting,7564
Penprase Zachary,Israel,Baseball/Softball,7565
Penty Toby,Great Britain,Badminton,7566
Peponnet Kevin,France,Sailing,7567
Percival Peniamina,Samoa,Judo,7568
Percival Ria,New Zealand,Football,7569
Pereira Brandon Anthony,Canada,Hockey,7570
Pereira Joao,Portugal,Triathlon,7571
Pereira Keegan Reginald,Canada,Hockey,7572
Pereira Mito,Chile,Golf,7573
Pereira Natalia,Brazil,Volleyball,7574
Pereira Tiago,Portugal,Athletics,7575
Pereira Veronica Shanti,Singapore,Athletics,7576
Perello Michael,Honduras,Football,7577
Perenc Agata,Poland,Judo,7578
Perevoznikov Serhiy,Ukraine,Athletics,7579
Pereyra Federico,Argentina,Volleyball,7580
Perez Blanco Jimena,Spain,Swimming,7581
Perez Box Ana,Spain,Judo,7582
Perez Cecilia,Mexico,Triathlon,7583
Perez De Vargas Moreno Gonzalo,Spain,Handball,7584
Perez Ellen,Australia,Tennis,7585
Perez Grasset Macarena,Chile,Cycling Bmx Freestyle,7586
Perez Irving,Mexico,Triathlon,7587
Perez Juan,Mexico,Sailing,7588
Perez Lagunas Beatriz,Spain,Hockey,7589
Perez Laina,Cuba,Shooting,7590
Perez Leyanis,Cuba,Athletics,7591
Perez Maurice Maria Belen,Argentina,Fencing,7592
Perez Maria Isabel,Spain,Athletics,7593
Perez Maria,Puerto Rico,Judo,7594
Perez Maria,Spain,Athletics,7595
Perez Marta,Spain,Athletics,7596
Perez Mayra,Guatemala,Athletics,7597
Perez Nehuen,Argentina,Football,7598
Perez Oliver,Mexico,Baseball/Softball,7599
Perez Polo Javier,Spain,Taekwondo,7600
Perez Paola,Ecuador,Athletics,7601
Perez Paola,Venezuela,Marathon Swimming,7602
Perez Reveron Naryury Alexandra,Venezuela,Weightlifting,7603
Perez Tigrero Mercedes Isabel,Colombia,Weightlifting,7604
Perez Yaime,Cuba,Athletics,7605
Perez Yefri,Dominican Republic,Baseball/Softball,7606
Pergel Szandra,Hungary,Table Tennis,7607
Periault Leonie,France,Triathlon,7608
Peribonio Avila Tomas,Ecuador,Swimming,7609
Perilli Alessandra,San Marino,Shooting,7610
Peris Brooke,Australia,Hockey,7611
Perisic Marica,Serbia,Judo,7612
Perkovic Miroslav,Montenegro,Water Polo,7613
Perkovic Sandra,Croatia,Athletics,7614
Perlaza Jhon Alejandro,Colombia,Athletics,7615
Permatahani Azzahra,Indonesia,Swimming,7616
Pernsteiner Hermann,Austria,Cycling Road,7617
Pero Dainier,Cuba,Boxing,7618
Perrin John Gordon,Canada,Volleyball,7619
Perrone Rocha Felipe,Spain,Water Polo,7620
Persaud Aleka,Guyana,Swimming,7621
Perse Spela,Slovenia,Marathon Swimming,7622
Persoglia Paolo,San Marino,Judo,7623
Persson Erik,Sweden,Swimming,7624
Perterer Lisa,Austria,Triathlon,7625
Perusic Ondrej,Czech Republic,Beach Volleyball,7626
Peschiera Stefano,Peru,Sailing,7627
Pesiridou Elisavet,Greece,Athletics,7628
Pesonen Lari,Finland,Shooting,7629
Pesotska Margaryta,Ukraine,Table Tennis,7630
Petaejae-Siren Tuuli,Finland,Sailing,7631
Petch Rebecca,New Zealand,Cycling Bmx Racing,7632
Petchame Bonastre Carlota,Spain,Hockey,7633
Petecio Nesthy,Philippines,Boxing,7634
Peterka Martin,Czech Republic,Basketball,7635
Peters Anderson,Grenada,Athletics,7636
Peters Artuur,Belgium,Canoe Sprint,7637
Peters Jacob Thomas Taylor,Great Britain,Swimming,7638
Peters Steffen,United States Of America,Equestrian,7639
Petersen Sara Slott,Denmark,Athletics,7640
Peterson Rebecca,Sweden,Tennis,7641
Petersone Vineta,Latvia,Cycling Bmx Racing,7642
Petersson Wictor,Sweden,Athletics,7643
Petervari-Molnar Bendeguz,Hungary,Rowing,7644
Petisco Alba,Spain,Artistic Gymnastics,7645
Petit Emmanuel,France,Shooting,7646
Petkova Diana,Bulgaria,Swimming,7647
Petkovic Marko,Montenegro,Water Polo,7648
Peto Zsolt,Serbia,Table Tennis,7649
Petrashov Denis,Kyrgyzstan,Swimming,7650
Petren Melissa,Sweden,Handball,7651
Petriashvili Geno,Georgia,Wrestling,7652
Petrivskaya Zalina,Republic Of Moldova,Athletics,7653
Petros Amanal,Germany,Athletics,7654
Petrounias Eleftherios,Greece,Artistic Gymnastics,7655
Petrov Matvei,Albania,Artistic Gymnastics,7656
Petrova Gabriela,Bulgaria,Athletics,7657
Petrova Stanimira Nikolaeva,Bulgaria,Boxing,7658
Petrucciani Ricky,Switzerland,Athletics,7659
Petrus Thiagus,Brazil,Handball,7660
Petter Isabelle,Great Britain,Hockey,7661
Pettersen Simen,Norway,Handball,7662
Pettersson Daniel,Sweden,Handball,7663
Pettersson Fredric,Sweden,Handball,7664
Pettersson Simon,Sweden,Athletics,7665
Pevtsov Rostislav,Azerbaijan,Triathlon,7666
Pezer Mesud,Bosnia And Herzegovina,Athletics,7667
Pezo Saboya Leodan,Peru,Boxing,7668
Pfeiffer Hendrik,Germany,Athletics,7669
Pha Aphay Silina,Lao People'S Democratic Republic,Athletics,7670
Phee Jinq En,Malaysia,Swimming,7671
Phelut Alexis,France,Athletics,7672
Pheninckx Malou,Netherlands,Hockey,7673
Philip Asha,Great Britain,Athletics,7674
Phillip Elinah,"Virgin Islands, British",Swimming,7675
Phillips Will,Australia,Sailing,7676
Philpott Bundy,New Zealand,Equestrian,7677
Phiri Vast,Zambia,Football,7678
Phoenix Jessica,Canada,Equestrian,7679
Phonoppharat Natthaphong,Thailand,Sailing,7680
Phora Thapelo,South Africa,Athletics,7681
Phurihiranphat Isaranuudom,Thailand,Shooting,7682
Piancastelli Erika,Italy,Baseball/Softball,7683
Piano Matteo,Italy,Volleyball,7684
Piasecki Jess,Great Britain,Athletics,7685
Piccoli Enrica,Italy,Artistic Swimming,7686
Piccolruaz Michael,Italy,Sport Climbing,7687
Pichardo Pedro,Portugal,Athletics,7688
Pickering Jessica,Australia,Trampoline Gymnastics,7689
Pickrem Sydney,Canada,Swimming,7690
Picon Charline,France,Sailing,7691
Pidcock Thomas,Great Britain,Cycling Mountain Bike,7692
Pidhoresky Dayna,Canada,Athletics,7693
Pie Bernardo,Dominican Republic,Taekwondo,7694
Piekarska-Twardochel Magdalena,Poland,Fencing,7695
Pieper Amos,Germany,Football,7696
Pieper Cecile,Germany,Hockey,7697
Piera Grau Llorenc,Spain,Hockey,7698
Pierias Dylan,Australia,Football,7699
Pieters Amy,Netherlands,Cycling Track,7700
Pieters Thomas,Belgium,Golf,7701
Pieterse Erasmus,South Africa,Hockey,7702
Pietrini Elena,Italy,Volleyball,7703
Pietruschka Marie,Germany,Swimming,7704
Pietsch Dylan,Australia,Rugby Sevens,7705
Pignatiello Delfina,Argentina,Swimming,7706
Pigniczki Fanni,Hungary,Rhythmic Gymnastics,7707
Pigossi Laura,Brazil,Tennis,7708
Pijetlovic Dusko,Serbia,Water Polo,7709
Pijetlovic Gojko,Serbia,Water Polo,7710
Pijnaker Nando,New Zealand,Football,7711
Pijnenburg Stan,Netherlands,Swimming,7712
Pikuleva Daryna,Belarus,Canoe Sprint,7713
Pikulik Wiktoria,Poland,Cycling Track,7714
Pilato Benedetta,Italy,Swimming,7715
Pilidis Georgios,Greece,Wrestling,7716
Pilipenko Daria,Roc,Volleyball,7717
Pillay Lythe,South Africa,Athletics,7718
Pilz Jessica,Austria,Sport Climbing,7719
Pimenta Fernando,Portugal,Canoe Sprint,7720
Pimenta Larissa,Brazil,Judo,7721
Pina Jayla,Cape Verde,Swimming,7722
Pina Troy,Cape Verde,Swimming,7723
Pincus Joe,Australia,Rugby Sevens,7724
Pineau Allison,France,Handball,7725
Pineda Carlos,Honduras,Football,7726
Pineda Daniel Felipe,Colombia,Archery,7727
Piniero Steven,Puerto Rico,Skateboarding,7728
Pinilla Fernanda,Chile,Football,7729
Pinot Margaux,France,Judo,7730
Pintado Brian Daniel,Ecuador,Athletics,7731
Pinto Carlos,Portugal,Equestrian,7732
Pinto Jeserik,Venezuela,Swimming,7733
Pinto Jose,Honduras,Football,7734
Pinto Tatjana,Germany,Athletics,7735
Pinzon Diego,Colombia,Athletics,7736
Pipi Ama,Great Britain,Athletics,7737
Pircio Nicole,Brazil,Rhythmic Gymnastics,7738
Pirelli Cubas Ana Camila,Paraguay,Athletics,7739
Pirjahan Mahdi,Islamic Republic Of Iran,Athletics,7740
Piron Candelario Beatriz Elizabeth,Dominican Republic,Weightlifting,7741
Piscopo Reno,Australia,Football,7742
Pisklov Kirill,Roc,3X3 Basketball,7743
Piskunov Hlib,Ukraine,Athletics,7744
Pistej Lubomir,Slovakia,Table Tennis,7745
Pitakanonda Weerapat,Thailand,Equestrian,7746
Pitchford Liam,Great Britain,Table Tennis,7747
Pitirimova Ekaterina,Roc,Rowing,7748
Pitman Bryony,Great Britain,Archery,7749
Pizarro Federico,Argentina,Handball,7750
Pizarro Ignacio,Argentina,Handball,7751
Plafky Moritz,Germany,Judo,7752
Plain Gabrielle,Australia,Baseball/Softball,7753
Plank Bettina,Austria,Karate,7754
Plantic Luka,Croatia,Boxing,7755
Plapp Lucas,Australia,Cycling Track,7756
Plasschaert Emma,Belgium,Sailing,7757
Plata Joel,Spain,Artistic Gymnastics,7758
Platanioti Evangelia,Greece,Artistic Swimming,7759
Plavins Martins,Latvia,Beach Volleyball,7760
Plesnieks Arturs,Latvia,Weightlifting,7761
Pletikosic Matea,Montenegro,Handball,7762
Pletneva Elizaveta,United States Of America,Rhythmic Gymnastics,7763
Plichta Anna,Poland,Cycling Road,7764
Pliesnoi Anton,Georgia,Weightlifting,7765
Plihon Pierre,France,Archery,7766
Pliskova Karolina,Czech Republic,Tennis,7767
Plodzicki-Faoagali Ato Leau,Samoa,Boxing,7768
Ploessel Thomas,Germany,Sailing,7769
Plogmann Luca,Germany,Football,7770
Plouffe Maeve,Australia,Cycling Track,7771
Plum Kelsey,United States Of America,3X3 Basketball,7772
Pochtarov Artem,Ukraine,Badminton,7773
Podkopaeva Anna,Roc,Volleyball,7774
Podlesnykh Yaroslav,Roc,Volleyball,7775
Podmanikova Andrea,Slovakia,Swimming,7776
Podolskaia Natalia,Roc,Canoe Sprint,7777
Podoroska Nadia,Argentina,Tennis,7778
Podrazil Jakub,Czech Republic,Rowing,7779
Pogacar Tadej,Slovenia,Cycling Road,7780
Poggio Federico,Italy,Swimming,7781
Poglajen Cristian,Argentina,Volleyball,7782
Pogrebniak Mariia,Roc,Rugby Sevens,7783
Poh Joan,Singapore,Rowing,7784
Pohle Hagen,Germany,Athletics,7785
Pohorilko Oleksandr,Ukraine,Athletics,7786
Pohranychna Khrystyna,Ukraine,Rhythmic Gymnastics,7787
Poirier Vincent,France,Basketball,7788
Polak Eleni-Klaoudia,Greece,Athletics,7789
Polanco Emiliano Rohan,Dominican Republic,Boxing,7790
Polanco Rijo Hillary Wanderson,Italy,Athletics,7791
Polasek Filip,Slovakia,Tennis,7792
Polcanova Sofia,Austria,Table Tennis,7793
Poletaev Victor,Roc,Volleyball,7794
Poliakova Mariia,Roc,Diving,7795
Poliana,Brazil,Football,7796
Poliashov Vladislav,Roc,Artistic Gymnastics,7797
Polidori Erika,Canada,Baseball/Softball,7798
Polikarpova Ksenia,Israel,Badminton,7799
Polinari Anna,Italy,Athletics,7800
Polkinghorne Clare,Australia,Football,7801
Polleres Michaela,Austria,Judo,7802
Pollock Paul,Ireland,Athletics,7803
Polonara Achille,Italy,Basketball,7804
Polonsky Ron,Israel,Swimming,7805
Polyanskiy Dmitry,Roc,Triathlon,7806
Polyanskiy Igor,Roc,Triathlon,7807
Ponce Ezequiel,Argentina,Football,7808
Ponomarenko Janic Spela,Slovenia,Canoe Sprint,7809
Ponomaryov Sergey,Kazakhstan,Cycling Track,7810
Pons Genesca Julia,Spain,Hockey,7811
Pons Ramon Joan Lluis,Spain,Swimming,7812
Ponson Allyson,Aruba,Swimming,7813
Ponte Ferraz Simone,Brazil,Athletics,7814
Pontes Edival,Brazil,Taekwondo,7815
Ponti Noe,Switzerland,Swimming,7816
Pontvianne Jean-Marc,France,Athletics,7817
Ponzio Nick,Italy,Athletics,7818
Popa Mihai,Romania,Football,7819
Popa Rosemary,Australia,Rowing,7820
Popa Roxana,Spain,Artistic Gymnastics,7821
Popadic Vlado,Montenegro,Water Polo,7822
Popescu Ana Maria,Romania,Fencing,7823
Popescu Cristina,Romania,Rowing,7824
Popov Sophia,Germany,Golf,7825
Popovic Mina,Serbia,Volleyball,7826
Popovic Silvija,Serbia,Volleyball,7827
Popowicz-Drapala Marika,Poland,Athletics,7828
Popp Eduard,Germany,Wrestling,7829
Porte Richie,Australia,Cycling Road,7830
Porte Valentin,France,Handball,7831
Portela Maria,Brazil,Judo,7832
Portela Pedro,Portugal,Handball,7833
Portela Teresa,Portugal,Canoe Sprint,7834
Portela Teresa,Spain,Canoe Sprint,7835
Porter Alexander,Australia,Cycling Track,7836
Porter Chanice,Jamaica,Athletics,7837
Porter Stacey,Australia,Baseball/Softball,7838
Porter Tiffany,Great Britain,Athletics,7839
Posadskikh Elizaveta,Roc,Cycling Bmx Freestyle,7840
Posnik Szymon,Poland,Rowing,7841
Postigos Juan,Peru,Judo,7842
Pota Georgina,Hungary,Table Tennis,7843
Potapenko Elena,Kazakhstan,Modern Pentathlon,7844
Potapkin Andrey,Roc,Rowing,7845
Pothain Jordan,France,Swimming,7846
Potoy Felix,Nicaragua,Rowing,7847
Poulin Pierre-Luc,Canada,Canoe Sprint,7848
Poulter Jordyn,United States Of America,Volleyball,7849
Pouri-Lane Risi,New Zealand,Rugby Sevens,7850
Dina Pouryounes Langeroudi,Refugee Olympic Team,Taekwondo,7851
Povea Liadagmis,Cuba,Athletics,7852
Povkh Mariya,Ukraine,Canoe Sprint,7853
Powell David,Australia,Table Tennis,7854
Powell Natalie,Great Britain,Judo,7855
Power Nadia,Ireland,Athletics,7856
Power Nathan,Australia,Water Polo,7857
Pozdniakova Sofia,Roc,Fencing,7858
Pozzatti Gianluca,Italy,Triathlon,7859
Pozzi Andrew,Great Britain,Athletics,7860
Prades Valentin,France,Modern Pentathlon,7861
Pradhan Nikki,India,Hockey,7862
Prajongjai Rawinda,Thailand,Badminton,7863
Prakash Sajan,India,Swimming,7864
Prakatsen Hanna,Roc,Rowing,7865
Prasad Vivek Sagar,India,Hockey,7866
Prastyadi Alviyanto,Indonesia,Archery,7867
Pratt Aimee,Great Britain,Athletics,7868
Pratt Cole,Canada,Swimming,7869
Pratt Halle,Canada,Artistic Swimming,7870
Praught-Leer Aisha,Jamaica,Athletics,7871
Prawira Aflah,Indonesia,Swimming,7872
Preciado Lenin,Ecuador,Judo,7873
Preis Constantin,Germany,Athletics,7874
Preisner Ben,Canada,Athletics,7875
Prekovic Jovana,Serbia,Karate,7876
Prendergast Grace,New Zealand,Rowing,7877
Prepelic Klemen,Slovenia,Basketball,7878
Presciutti Nicholas,Italy,Water Polo,7879
Prescod Reece,Great Britain,Athletics,7880
Press Christen,United States Of America,Football,7881
Presser Rachel,Australia,Artistic Swimming,7882
Pretorius Jc,South Africa,Rugby Sevens,7883
Prevolaraki Maria,Greece,Wrestling,7884
Price Jonelle,New Zealand,Equestrian,7885
Price Lauren,Great Britain,Boxing,7886
Price Madeline,Canada,Athletics,7887
Price Tim,New Zealand,Equestrian,7888
Prigoda Kirill,Roc,Swimming,7889
Prihoda Jr Miloslav,Czech Republic,Equestrian,7890
Prince Aaron Solomon,Trinidad And Tobago,Boxing,7891
Prince Nichelle,Canada,Football,7892
Privratsky Jiri,Czech Republic,Shooting,7893
Priyanka .,India,Athletics,7894
Prlainovic Andrija,Serbia,Water Polo,7895
Prodan Karla,Croatia,Judo,7896
Prodan Oleksandr,Ukraine,Equestrian,7897
Proestakis Katina,Chile,Fencing,7898
Prokofyeva Ekaterina,Roc,Water Polo,7899
Prokofyeva Yeheniya,Ukraine,Athletics,7900
Prokopenko Anastasiya,Belarus,Modern Pentathlon,7901
Pronkin Valeriy,Roc,Athletics,7902
Pronskiy Vadim,Kazakhstan,Cycling Road,7903
Prostorov Mykola,Ukraine,Trampoline Gymnastics,7904
Protsenko Andriy,Ukraine,Athletics,7905
Proud Benjamin,Great Britain,Swimming,7906
Prskavec Jiri,Czech Republic,Canoe Slalom,7907
Prucksakorn Tanyaporn,Thailand,Shooting,7908
Prufer Clemens,Germany,Athletics,7909
Pruijser Mirco,Netherlands,Hockey,7910
Prundeanu Ioan,Romania,Rowing,7911
Pruus Peeter,Estonia,Cycling Road,7912
Przybylko Mateusz,Germany,Athletics,7913
Przybytek Lukasz,Poland,Sailing,7914
Psarra Evangelia,Greece,Archery,7915
Pszczolarski Wojciech,Poland,Cycling Track,7916
Puado Javier,Spain,Football,7917
Puavaranukroh Dechapol,Thailand,Badminton,7918
Pucar Tomislav,Croatia,Table Tennis,7919
Pudar Lana,Bosnia And Herzegovina,Swimming,7920
Pudenz Kristin,Germany,Athletics,7921
Puetz Tim,Germany,Tennis,7922
Pukhrambam Sushila Chanu,India,Hockey,7923
Pulawska Anna,Poland,Canoe Sprint,7924
Pulli Kristian,Finland,Athletics,7925
Pumputis Caio,Brazil,Swimming,7926
Punia Deepak,India,Wrestling,7927
Punia Seema,India,Athletics,7928
Punzel Tina,Germany,Diving,7929
Pupo Leuris,Cuba,Shooting,7930
Pupp Reka,Hungary,Judo,7931
Purcell Max,Australia,Tennis,7932
Purcell-Gilpin Peter,Zimbabwe,Rowing,7933
Purnell Alexander,Australia,Rowing,7934
Purnell Nicholas,Australia,Rowing,7935
Purrier St. Pierre Elinor,United States Of America,Athletics,7936
Pusarla V. Sindhu,India,Badminton,7937
Puspure Sanita,Ireland,Rowing,7938
Pusztai Liza,Hungary,Fencing,7939
Putintseva Yulia,Kazakhstan,Tennis,7940
Puts Jesse,Netherlands,Swimming,7941
Puusta Ingrid,Estonia,Sailing,7942
Pyo Seungju,Republic Of Korea,Volleyball,7943
Pyrozhenko-Chornomaz Natalya,Ukraine,Athletics,7944
Pysmenska Anna,Ukraine,Diving,7945
Qali Abbas,Kuwait,Swimming,7946
Qerimaj Erkand,Albania,Weightlifting,7947
Qi Xuefei,France,Badminton,7948
Qian Jiarui,People'S Republic Of China,Fencing,7949
Qieyang Shijie,People'S Republic Of China,Athletics,7950
Qin Esther,Australia,Diving,7951
Qin Haiyang,People'S Republic Of China,Swimming,7952
Qin Miaomiao,People'S Republic Of China,Rowing,7953
Quach Thi Lan,Vietnam,Athletics,7954
Quadarella Simona,Italy,Swimming,7955
Quadros Ketleyn,Brazil,Judo,7956
Quah Ting Wen,Singapore,Swimming,7957
Quah Zheng Wen,Singapore,Swimming,7958
Quan Hongchan,People'S Republic Of China,Diving,7959
Quan Xin,People'S Republic Of China,Canoe Slalom,7960
Queiros Raquel,Portugal,Cycling Mountain Bike,7961
Queiroz Dos Santos Isaquias,Brazil,Canoe Sprint,7962
Quemada Cadafalch Pau,Spain,Hockey,7963
Quiles Brotons Jose,Spain,Boxing,7964
Quinn,Canada,Football,7965
Quinones Isalys,Puerto Rico,Basketball,7966
Quinonez Alex,Ecuador,Athletics,7967
Quintana Nairo,Colombia,Cycling Road,7968
Quintas Pedro,Brazil,Skateboarding,7969
Quintero Chavarro Kevin Santiago,Colombia,Cycling Track,7970
Quintero Diaz Rafael,Puerto Rico,Diving,7971
Quintero Damian,Spain,Karate,7972
Quintero Jose,Venezuela,Fencing,7973
Quiquampoix Jean,France,Shooting,7974
Quirici Elena,Switzerland,Karate,7975
Quiroga Ramon Nicanor,Argentina,Boxing,7976
Quizelete Marilia,Angola,Handball,7977
Rabarijaona Tiana,Madagascar,Swimming,7978
Rabearison Todisoa Franck,Madagascar,Athletics,7979
Rachik Yassine,Italy,Athletics,7980
Radicevic Jovanka,Montenegro,Handball,7981
Radiniyavuni Roela,Fiji,Rugby Sevens,7982
Radis Simona,Romania,Rowing,7983
Radivilov Igor,Ukraine,Artistic Gymnastics,7984
Radji Nafissath,Benin,Swimming,7985
Radovanovic Nina,Serbia,Boxing,7986
Radradra Semi,Fiji,Rugby Sevens,7987
Radu Constantin,Romania,Rowing,7988
Radukanova Madlen,Bulgaria,Rhythmic Gymnastics,7989
Radulovic Bosko,Montenegro,Swimming,7990
Radwan Farida,Egypt,Artistic Swimming,7991
Radzionau Aliaksandr,Belarus,Boxing,7992
Radzivil Svetlana,Uzbekistan,Athletics,7993
Raess Jonas,Switzerland,Athletics,7994
Rafaelle,Brazil,Football,7995
Rafalovich Nikita,Uzbekistan,Taekwondo,7996
Raffin Melvin,France,Athletics,7997
Rafter Kaleigh,Canada,Baseball/Softball,7998
Rahali Rania,Tunisia,Sailing,7999
Rahbari Mohammad,Islamic Republic Of Iran,Fencing,8000
Rahm Jon,Spain,Golf,8001
Rahman Abdel,Egypt,Football,8002
Rahmouni Chaima,Tunisia,Weightlifting,8003
Rahmouni Yessin,Morocco,Equestrian,8004
Rahul .,India,Athletics,8005
Rai Tarundeep,India,Archery,8006
Raicu Alexandru,Romania,Judo,8007
Railey Paige,United States Of America,Sailing,8008
Raina Ankita,India,Tennis,8009
Raincock-Ekunwe Nayo,Canada,Basketball,8010
Rainhold Tomas Hilifa,Namibia,Athletics,8011
Raitanen Topi,Finland,Athletics,8012
Raits Natalie,Israel,Rhythmic Gymnastics,8013
Raja Allar,Estonia,Rowing,8014
Rajcic Marina,Montenegro,Handball,8015
Rajic Ema,Croatia,Swimming,8016
Rajiv Arokia,India,Athletics,8017
Rajput Sanjeev,India,Shooting,8018
Rakhimov Temur,Tajikistan,Judo,8019
Rakhimova Tursunoy,Uzbekistan,Boxing,8020
Rakhmatova Dilnoza,Uzbekistan,Canoe Sprint,8021
Ralph Hope,New Zealand,Hockey,8022
Ram Rajeev,United States Of America,Tennis,8023
Ramadan Ahmed,Egypt,Football,8024
Ramadan Youssef,Egypt,Swimming,8025
Raman Jana,Belgium,Basketball,8026
Rambaldi Luca,Italy,Rowing,8027
Ramel Antonia,Sweden,Equestrian,8028
Ramel Juliette,Sweden,Equestrian,8029
Ramirez Caballero Alejandra,Mexico,Shooting,8030
Ramirez Fernanda,Chile,Football,8031
Ramirez Ibanez Paula,Spain,Artistic Swimming,8032
Ramirez Limon Andrea Soraya,Mexico,Athletics,8033
Ramirez Ramos Edson Ismael,Mexico,Shooting,8034
Ramirez Vargas Andrea,Colombia,Taekwondo,8035
Ramirez Yepes Carlos Alberto,Colombia,Cycling Bmx Racing,8036
Ramirez Yeisser,United States Of America,Fencing,8037
Rammo Karl-Martin,Estonia,Sailing,8038
Ramorwa Galaletsang,South Africa,Athletics,8039
Ramos Bryan,Honduras,Football,8040
Ramos Joana,Portugal,Judo,8041
Ramos Jose,Guatemala,Judo,8042
Ramos Martin,Argentina,Volleyball,8043
Ramsden Matthew,Australia,Athletics,8044
Ramsey Ariana,United States Of America,Rugby Sevens,8045
Ramsey Jessica,United States Of America,Athletics,8046
Ramshaw Tom,Canada,Sailing,8047
Ramusovic Ema,Montenegro,Handball,8048
Ranaivosoa Marie Hanitra Roilya,Mauritius,Weightlifting,8049
Randazzo Filippo,Italy,Athletics,8050
Randelovic Sava,Serbia,Water Polo,8051
Rangel Nicole,Mexico,Baseball/Softball,8052
Rani Annu,India,Athletics,8053
Rani Pooja,India,Boxing,8054
Rani,India,Hockey,8055
Ranvier Pauline,France,Fencing,8056
Rapinoe Megan,United States Of America,Football,8057
Raposo Ruiz De Los Llanos Valentina,Argentina,Hockey,8058
Rappaport Summer,United States Of America,Triathlon,8059
Rapsys Danas,Lithuania,Swimming,8060
Rarovskaya Anastasiya,Belarus,Athletics,8061
Rashchupkina Viktoryia,Belarus,Athletics,8062
Rashidov Gadzhimurad,Roc,Wrestling,8063
Rashitov Ulugbek,Uzbekistan,Taekwondo,8064
Rasic Milena,Serbia,Volleyball,8065
Rasmane Agate,Latvia,Shooting,8066
Rasmussen Anders Skaarup,Denmark,Badminton,8067
Rasmussen Hedvig Laerke,Denmark,Rowing,8068
Raso Hayley,Australia,Football,8069
Rasolonjatovo Heriniavo,Madagascar,Swimming,8070
Rasovic Strahinja,Serbia,Water Polo,8071
Rasovszky Kristof,Hungary,Marathon Swimming,8072
Rasulbekov Bekdoolot,Kyrgyzstan,Weightlifting,8073
Ratcliffe Julia,New Zealand,Athletics,8074
Ratkov Aleksandar,Serbia,3X3 Basketball,8075
Ratova Aiman,Kazakhstan,Athletics,8076
Ratzke Roberta Silva,Brazil,Volleyball,8077
Rauhe Ronald,Germany,Canoe Sprint,8078
Raum David,Germany,Football,8079
Ravera-Scaramozzino Elodie,France,Rowing,8080
Ravi Kumar,India,Wrestling,8081
Ravnikar Ziga,Slovenia,Archery,8082
Ravshanbekova Dinara,Uzbekistan,Rhythmic Gymnastics,8083
Rayan Ahmed,Egypt,Football,8084
Rayer Elena Sian,Great Britain,Hockey,8085
Rayhan Mohammad Jahir,Bangladesh,Athletics,8086
Rayner Jack,Australia,Athletics,8087
Raz Lihie,Israel,Artistic Gymnastics,8088
Razarenova Alexandra,Roc,Triathlon,8089
Razzetti Alberto,Italy,Swimming,8090
Rduch Szymon,Poland,3X3 Basketball,8091
Re Davide,Italy,Athletics,8092
Reais William,Switzerland,Athletics,8093
Rebagliati Chiara,Italy,Archery,8094
Recasens Llobet Marc,Spain,Hockey,8095
Recber Hakan,Turkey,Taekwondo,8096
Reckford Mary,United States Of America,Rowing,8097
Redondo Mora Laura,Spain,Athletics,8098
Reed Andrew,United States Of America,Rowing,8099
Reed Janie,United States Of America,Baseball/Softball,8100
Reekie Jemma,Great Britain,Athletics,8101
Reese Brittney,United States Of America,Athletics,8102
Regal Caitlin,New Zealand,Canoe Sprint,8103
Regini-Moran Giarnni,Great Britain,Artistic Gymnastics,8104
Regula Lauren,Canada,Baseball/Softball,8105
Rehak Stefecekova Zuzana,Slovakia,Shooting,8106
Reichmuth Stefan,Switzerland,Wrestling,8107
Reid Grace,Great Britain,Diving,8108
Reid Katie,Great Britain,Canoe Sprint,8109
Reid Leon,Ireland,Athletics,8110
Reid Melissa,Great Britain,Golf,8111
Reid Tayler,New Zealand,Triathlon,8112
Reid Zac,New Zealand,Swimming,8113
Reinhardt Theo,Germany,Cycling Track,8114
Reinier,Brazil,Football,8115
Reinkind Harald,Norway,Handball,8116
Reinle Cynthia,Switzerland,Athletics,8117
Reinoso Sofia,Mexico,Canoe Slalom,8118
Reistad Henny,Norway,Handball,8119
Reitshammer Bernhard,Austria,Swimming,8120
Reitz Christian,Germany,Shooting,8121
Reizlin Igor,Ukraine,Fencing,8122
Rejepov Rejepbay,Turkmenistan,Weightlifting,8123
Remarenco Ivan,United Arab Emirates,Judo,8124
Remili Nedim,France,Handball,8125
Rendschmidt Max,Germany,Canoe Sprint,8126
Rene Marvin,France,Athletics,8127
Rengeruk Lilian Kasait,Kenya,Athletics,8128
Rennie Gabi,New Zealand,Football,8129
Renshall Lucy,Great Britain,Judo,8130
Renshaw Molly,Great Britain,Swimming,8131
Repacholi Daniel,Australia,Shooting,8132
Repiska Martina,Slovakia,Badminton,8133
Repiyallage Chamara,Sri Lanka,Judo,8134
Reshetnikov Veniamin,Roc,Fencing,8135
Ressel Dominic,Germany,Judo,8136
Restivo Matteo,Italy,Swimming,8137
Restrepo Garcia Daniel,Colombia,Diving,8138
Retegui Micaela,Argentina,Hockey,8139
Reto Paula,South Africa,Golf,8140
Retornaz Aloise,France,Sailing,8141
Retzius Lene Onsrud,Norway,Athletics,8142
Reus Julian,Germany,Athletics,8143
Reusser Marlen,Switzerland,Cycling Road,8144
Revishvili Irakli,Georgia,Swimming,8145
Revol Gaston,Argentina,Rugby Sevens,8146
Rew Quentin,New Zealand,Athletics,8147
Rexhepi Arbresha,North Macedonia,Judo,8148
Rey Matias Alejandro,Argentina,Hockey,8149
Reyes Denyi,Dominican Republic,Baseball/Softball,8150
Reyes Pla Enmanuel,Spain,Boxing,8151
Reynolds Heimana,United States Of America,Skateboarding,8152
Reynolds Lauren,Australia,Cycling Bmx Racing,8153
Reynolds Shannon,Australia,Canoe Sprint,8154
Rezaeifar Navid,Islamic Republic Of Iran,Basketball,8155
Rezelman Timothy,South Africa,Water Polo,8156
Rezende Bruno Mossa,Brazil,Volleyball,8157
Rezende Renato,Brazil,Cycling Bmx Racing,8158
Rezk Mostafa Hafez Yousry,Egypt,Boxing,8159
Reznichenko Darya,Uzbekistan,Athletics,8160
Reznik Kateryna,Ukraine,Artistic Swimming,8161
Rezola Voisard Ruben,Argentina,Canoe Sprint,8162
Ri Haku,Japan,Volleyball,8163
Riabushenko Aleksandr,Belarus,Cycling Road,8164
Ribeiro Aline,Brazil,Rugby Sevens,8165
Ribeiro Gustavo,Portugal,Skateboarding,8166
Ribeiro Joao,Portugal,Canoe Sprint,8167
Ribeiro Sara Catarina,Portugal,Athletics,8168
Ricchi Beatrice,Italy,Baseball/Softball,8169
Rich-Baghuelou Jay,Australia,Football,8170
Richards Alexander,United States Of America,Rowing,8171
Richards Evie,Great Britain,Cycling Mountain Bike,8172
Richards Jereem,Trinidad And Tobago,Athletics,8173
Richards Matthew,Great Britain,Swimming,8174
Richardson Matthew,Australia,Cycling Track,8175
Richardson Melvyn,France,Handball,8176
Richardsson Camilla,Finland,Athletics,8177
Richarlison,Brazil,Football,8178
Richter Marco,Germany,Football,8179
Richter Sergey,Israel,Shooting,8180
Ricketts Shanieka,Jamaica,Athletics,8181
Rickles Nick,Israel,Baseball/Softball,8182
Ridenour Payton,United States Of America,Cycling Bmx Racing,8183
Ridge Amy,Australia,Water Polo,8184
Riedemann Laura,Germany,Swimming,8185
Rieder Celine,Germany,Swimming,8186
Riendeau Vincent,Canada,Diving,8187
Riera Zuzuarregui Lola,Spain,Hockey,8188
Rigney Tara,Australia,Rowing,8189
Rii Riilio,Vanuatu,Rowing,8190
Riley Ali,New Zealand,Football,8191
Riley Jacob,United States Of America,Athletics,8192
Rindom Anne-Marie,Denmark,Sailing,8193
Riner Teddy,France,Judo,8194
Ringer Richard,Germany,Athletics,8195
Riseley Jeffrey,Australia,Athletics,8196
Rishony Shira,Israel,Judo,8197
Riske Alison,United States Of America,Tennis,8198
Rissveds Jenny,Sweden,Cycling Mountain Bike,8199
Ritsema Nelson,Netherlands,Rowing,8200
Ritter Saulius,Lithuania,Rowing,8201
Rivas Claudia,Mexico,Triathlon,8202
Rivas Quijada Willner Enrique,Venezuela,Volleyball,8203
Rivas Rigoberto,Honduras,Football,8204
Rivasz-Toth Norbert,Hungary,Athletics,8205
Rivera Brens Prisilla,Dominican Republic,Volleyball,8206
Rivera Coryn,United States Of America,Cycling Road,8207
Rivera Figueroa Yankiel,Puerto Rico,Boxing,8208
Riveros Barbara,Chile,Triathlon,8209
Riviere Jayde,Canada,Football,8210
Riviere Mathilde,France,Wrestling,8211
Riwai Viniana,Fiji,Rugby Sevens,8212
Rizaev Irek,Roc,Cycling Bmx Freestyle,8213
Rizza Manfredi,Italy,Canoe Sprint,8214
Rizzo Tatiana Soledad,Argentina,Volleyball,8215
Roach Aidan,Australia,Water Polo,8216
Roache Dietrich Peter,Australia,Rugby Sevens,8217
Robert Benjamin,France,Athletics,8218
Robert-Michon Melina,France,Athletics,8219
Roberts Daniel,United States Of America,Athletics,8220
Roberts Ellen,Australia,Baseball/Softball,8221
Roberts Hannah,United States Of America,Cycling Bmx Freestyle,8222
Roberts Jaime,Australia,Canoe Sprint,8223
Roberts Jamina,Sweden,Handball,8224
Roberts Samantha,Antigua And Barbuda,Swimming,8225
Roberts Wesley Tikiariki,Cook Islands,Swimming,8226
Robertson David,United States Of America,Baseball/Softball,8227
Robertson Michaela,New Zealand,Football,8228
Robertson Sarah,Great Britain,Hockey,8229
Robertson Zane,New Zealand,Athletics,8230
Robinson Brett,Australia,Athletics,8231
Robinson Kelsey,United States Of America,Volleyball,8232
Roble Stephanie,United States Of America,Sailing,8233
Robles Alvaro,Spain,Table Tennis,8234
Robles Carolina,Spain,Athletics,8235
Robles Sarah Elizabeth,United States Of America,Weightlifting,8236
Robu Marin,Republic Of Moldova,Weightlifting,8237
Rocek Aisha,Italy,Rowing,8238
Rocha De Sena Erica,Brazil,Athletics,8239
Rocha Salome,Portugal,Athletics,8240
Roche Mark,Ireland,Rugby Sevens,8241
Roche Nicolas,Ireland,Cycling Road,8242
Roco Karen,Chile,Canoe Sprint,8243
Rodallegas Carvajal Brayan Santiago,Colombia,Weightlifting,8244
Rodas Ochoa Manuel Oseas,Guatemala,Cycling Road,8245
Roddar Julia,Sweden,Football,8246
Rodini Valentina,Italy,Rowing,8247
Roditi Matan,Israel,Marathon Swimming,8248
Rodney Brendon,Canada,Athletics,8249
Rodney Meleni,Grenada,Athletics,8250
Rodrigues Belo Ana Paula,Brazil,Handball,8251
Rodrigues Eduardo,Brazil,Athletics,8252
Rodrigues Fernanda,Brazil,Volleyball,8253
Rodrigues Gustavo,Brazil,Handball,8254
Rodrigues Irina,Portugal,Athletics,8255
Rodrigues Pacheco Isadora,Brazil,Skateboarding,8256
Rodriguez Cesar Augusto,Peru,Athletics,8257
Rodriguez Carlos,Mexico,Football,8258
Rodriguez Deborah,Uruguay,Athletics,8259
Rodriguez Edwin,Honduras,Football,8260
Rodriguez Elina Maria,Argentina,Volleyball,8261
Rodriguez Elvismar,Venezuela,Judo,8262
Rodriguez Gonzalez Emerson Alexand.,Venezuela,Volleyball,8263
Rodriguez Gabriela,Mexico,Shooting,8264
Rodriguez Julio,Dominican Republic,Baseball/Softball,8265
Rodriguez Leonor,Spain,Basketball,8266
Rodriguez Lucia,Spain,Athletics,8267
Rodriguez Mitjan Marina De La Cari.,Cuba,Weightlifting,8268
Rodriguez Garcia-Paz Nicolas,Spain,Sailing,8269
Rodriguez Peguero Katherine,Dominican Republic,Taekwondo,8270
Rodriguez Perez Joel,Spain,Sailing,8271
Rodriguez Rosa Andreina,Venezuela,Athletics,8272
Rodriguez Rodriguez Almudena Maria,Spain,Handball,8273
Rodriguez Sergio,Spain,Basketball,8274
Rodriguez Villanueva Byanca Melissa,Mexico,Swimming,8275
Rodriguez Yorgelis,Cuba,Athletics,8276
Roe Martin,Norway,Athletics,8277
Roebuck Ellie,Great Britain,Football,8278
Roell Boudewijn,Netherlands,Rowing,8279
Roenningen Marie,Norway,Sailing,8280
Roeoesli Roman,Switzerland,Rowing,8281
Rogava Tsotne,Ukraine,Boxing,8282
Rogers Camryn,Canada,Athletics,8283
Rogers Jason,Saint Kitts And Nevis,Athletics,8284
Rogers Martha Ann,United States Of America,Weightlifting,8285
Rogers Raevyn,United States Of America,Athletics,8286
Roggensack Olaf,Germany,Rowing,8287
Roglic Primoz,Slovenia,Cycling Road,8288
Rogora Laura,Italy,Sport Climbing,8289
Rohan Lukas,Czech Republic,Canoe Slalom,8290
Rohde Leon,Germany,Cycling Track,8291
Rohidas Amit,India,Hockey,8292
Rojas Brenda,Argentina,Canoe Sprint,8293
Rojas Concha Marcos Antonio,Peru,Weightlifting,8294
Rojas Da Silva Artur Bruno,Bolivia,Athletics,8295
Rojas Yulimar,Venezuela,Athletics,8296
Rojer Jean-Julien,Netherlands,Tennis,8297
Rol Frederique,Switzerland,Rowing,8298
Rolfo Fridolina,Sweden,Football,8299
Rolston Emma,New Zealand,Football,8300
Roman Aida,Mexico,Archery,8301
Roman Lisa,Canada,Rowing,8302
Romanchuk Mykhailo,Ukraine,Swimming,8303
Romani Darlan,Brazil,Athletics,8304
Romasenko Olesia,Roc,Canoe Sprint,8305
Romashina Svetlana,Roc,Artistic Swimming,8306
Romeike Louise,Sweden,Equestrian,8307
Romero Natalia,Spain,Athletics,8308
Romero Sydney,Mexico,Baseball/Softball,8309
Romero Torres Rogelio,Mexico,Boxing,8310
Romero Yeykell Eliuth,Nicaragua,Athletics,8311
Romeu Argemi Josep,Spain,Hockey,8312
Romeu Jucielen,Brazil,Boxing,8313
Rommelmann Jonathan,Germany,Rowing,8314
Romo Luis,Mexico,Football,8315
Rong Ningning,People'S Republic Of China,Wrestling,8316
Rook James,Australia,Rowing,8317
Rooney Natalie,New Zealand,Shooting,8318
Roord Jill,Netherlands,Football,8319
Roos Fanny,Sweden,Athletics,8320
Roos Laurence,Belgium,Equestrian,8321
Roper Christine,Canada,Rowing,8322
Roper Miryam,Panama,Judo,8323
Roper Phillip,Great Britain,Hockey,8324
Rosa Figueiredo Nathasha,Brazil,Weightlifting,8325
Rosa Pamela,Brazil,Skateboarding,8326
Rosa Vitoria Cristina,Brazil,Athletics,8327
Rosado Pamela,Puerto Rico,Basketball,8328
Rosafio Danilo,Kenya,Swimming,8329
Rosas Daniella,Peru,Surfing,8330
Rose Alex,Samoa,Athletics,8331
Rose Deanne,Canada,Football,8332
Rose Shane,Australia,Equestrian,8333
Rosetti Bruno,Italy,Rowing,8334
Rosillo Kindelan Gabriel Alejandro,Cuba,Wrestling,8335
Rosolska Alicja,Poland,Tennis,8336
Ross April,United States Of America,Beach Volleyball,8337
Ross Beth,New Zealand,Rowing,8338
Ross Nick,New Zealand,Hockey,8339
Ross Nicole,United States Of America,Fencing,8340
Rosset Matthieu,France,Diving,8341
Rossetti Gabriele,Italy,Shooting,8342
Rossi Enrico,Italy,Beach Volleyball,8343
Rossi Jessica,Italy,Shooting,8344
Rossi Lucas,Argentina,Canoe Slalom,8345
Rossi Lucas Rafael,Argentina,Hockey,8346
Rossiter Jack,Australia,Shooting,8347
Rossiter Matthew,Great Britain,Rowing,8348
Rosso Ramon,Dominican Republic,Baseball/Softball,8349
Rostamiyan Haniyeh,Islamic Republic Of Iran,Shooting,8350
Rostampour Michael,Islamic Republic Of Iran,Basketball,8351
Rotaru-Kottmann Alina,Romania,Athletics,8352
Rothbauer Christopher,Austria,Swimming,8353
Rotich Ferguson Cheruiyot,Kenya,Athletics,8354
Rotter Focken Aline,Germany,Wrestling,8355
Rousseau Cassiel,Australia,Diving,8356
Rova Cheyenne,Fiji,Swimming,8357
Rowden Daniel,Great Britain,Athletics,8358
Rowe Georgina,Australia,Rowing,8359
Rowland Helena,Great Britain,Rugby Sevens,8360
Rowles Kye,Australia,Football,8361
Royle Aaron,Australia,Triathlon,8362
Rozenberg Oskar,Sweden,Skateboarding,8363
Rozmys Michal,Poland,Athletics,8364
Rozner Antoine,France,Golf,8365
Rual Lucas,France,Sailing,8366
Ruan Hongting,People'S Republic Of China,Rugby Sevens,8367
Ruano Oliva Adriana,Guatemala,Shooting,8368
Rubie-Renshaw Anneliese,Australia,Athletics,8369
Rubio Camargo Jose Luis,Mexico,Beach Volleyball,8370
Rubio Ricky,Spain,Basketball,8371
Rublev Andrey,Roc,Tennis,8372
Rubtsov Aleksey,Roc,Sport Climbing,8373
Ruck Taylor,Canada,Swimming,8374
Ruday Mikhail,Kazakhstan,Water Polo,8375
Rudiger Lars,Germany,Diving,8376
Rudkin James,Great Britain,Rowing,8377
Rudyk Mateusz,Poland,Cycling Track,8378
Ruhr Jan Christopher,Germany,Hockey,8379
Ruiu Davide,Italy,Weightlifting,8380
Ruiz Bravo Paula,Spain,Marathon Swimming,8381
Ruiz Castillo Maria De Los Angeles,Spain,Hockey,8382
Ruiz Elena,Spain,Water Polo,8383
Ruiz I Velasco Marcos,Spain,Weightlifting,8384
Ruiz Jorge,Colombia,Athletics,8385
Ruiz Torruella Vicenc,Spain,Hockey,8386
Rule Remedy,Philippines,Swimming,8387
Rulli Giulia,Italy,3X3 Basketball,8388
Rumac Josip,Croatia,Cycling Road,8389
Rumbenieks Arnis,Latvia,Athletics,8390
Rumbutis David,Sweden,Artistic Gymnastics,8391
Ruoste Henri,Finland,Equestrian,8392
Rupert Iliana,France,Basketball,8393
Rupnik Luka,Slovenia,Basketball,8394
Rupp Galen,United States Of America,Athletics,8395
Rusher Alison,United States Of America,Rowing,8396
Russell Alonzo,Bahamas,Athletics,8397
Russell Kane,New Zealand,Hockey,8398
Russell Michelle,Canada,Canoe Sprint,8399
Russo Fernanda,Argentina,Shooting,8400
Russo Francesca,United States Of America,Fencing,8401
Rusu Magdalena,Romania,Rowing,8402
Ruta Pietro,Italy,Rowing,8403
Rutty Raegan,Cayman Islands,Artistic Gymnastics,8404
Ruuskanen Antti,Finland,Athletics,8405
Ruvalcaba Jonathan,Dominican Republic,Diving,8406
Ruzmetov Dilshod,Uzbekistan,Boxing,8407
Ryabets Nadezhda,Kazakhstan,Boxing,8408
Ryan Alston,Antigua And Barbuda,Boxing,8409
Ryan Fintan,Ireland,Cycling Track,8410
Ryan Jaime,Australia,Sailing,8411
Ryan Joe,United States Of America,Baseball/Softball,8412
Ryan Kelleigh,Canada,Fencing,8413
Ryan Kendall,United States Of America,Cycling Track,8414
Ryan Megan,Ireland,Artistic Gymnastics,8415
Ryan Ryder,United States Of America,Baseball/Softball,8416
Ryan Will,Australia,Sailing,8417
Rybakina Elena,Kazakhstan,Tennis,8418
Rybakova Anastasiya,Belarus,Rhythmic Gymnastics,8419
Rybanska Natasa,Hungary,Water Polo,8420
Rybicki Kamil,Poland,Wrestling,8421
Ryde Jessica,Sweden,Handball,8422
Rylov Evgeny,Roc,Swimming,8423
Rypakova Olga,Kazakhstan,Athletics,8424
Ryu Eun Hee,Republic Of Korea,Handball,8425
Ryu Hansu,Republic Of Korea,Wrestling,8426
Ryu Sunghyun,Republic Of Korea,Artistic Gymnastics,8427
Ryzhykova Anna,Ukraine,Athletics,8428
Rzezniczak Mateusz,Poland,Athletics,8429
Saadaoui Mohamed,Tunisia,Wrestling,8430
Saafan Nehal,Egypt,Artistic Swimming,8431
Saaid Hassan,Maldives,Athletics,8432
Saatkamp Lucas,Brazil,Volleyball,8433
Sabalenka Aryna,Belarus,Tennis,8434
Sabbatini Gaia,Italy,Athletics,8435
Sabbioni Simone,Italy,Swimming,8436
Sable Avinash Mukund,India,Athletics,8437
Sablone Alexis,United States Of America,Skateboarding,8438
Sabri Nur Dhabitah,Malaysia,Diving,8439
Sacoor Jonathan,Belgium,Athletics,8440
Sadeghian Armina,Islamic Republic Of Iran,Shooting,8441
Sadiki Abdelatif,Morocco,Athletics,8442
Sadiku Donjeta,Kosovo,Boxing,8443
Sadini Btissam,Morocco,Karate,8444
Sado Kazuki,Japan,Equestrian,8445
Sadulaev Abdulrashid,Roc,Wrestling,8446
Sadullayeva Safina,Uzbekistan,Athletics,8447
Saeveraas Kristian,Norway,Handball,8448
Saez Camila,Chile,Football,8449
Saez Vera Olfides,Cuba,Weightlifting,8450
Safaroliyev Sobirjon,Uzbekistan,Rowing,8451
Safarov Orkhan,Azerbaijan,Judo,8452
Safarzadeh Saeid,Islamic Republic Of Iran,Cycling Road,8453
Safin Timur,Roc,Fencing,8454
Safo-Antwi Sean,Ghana,Athletics,8455
Safoeva Sevara,Uzbekistan,Rhythmic Gymnastics,8456
Safronova Olga,Kazakhstan,Athletics,8457
Safwat Mohamed,Egypt,Tennis,8458
Sagan Juraj,Slovakia,Cycling Road,8459
Sagiv Ran,Israel,Triathlon,8460
Sagiv Shachar,Israel,Triathlon,8461
Sagnan Modibo,France,Football,8462
Sagnia Khaddi,Sweden,Athletics,8463
Sago Naoto,Japan,Karate,8464
Sagosen Sander,Norway,Handball,8465
Sagstrom Madelene,Sweden,Golf,8466
Saguirou Badamassi,Niger,Athletics,8467
Sahli Hamza,Morocco,Athletics,8468
Sahnoune Oussama,Algeria,Swimming,8469
Sahrom Muhammad Shah Firdaus,Malaysia,Cycling Track,8470
Sahutoglu Tugce,Turkey,Athletics,8471
Saibou Joshiko,Germany,Basketball,8472
Said Abdel,Egypt,Equestrian,8473
Saito Ami,Japan,Athletics,8474
Saito Koki,Japan,Equestrian,8475
Saito Toshiya,Japan,Fencing,8476
Sajdak Maria,Poland,Rowing,8477
Sajina Aishath,Maldives,Swimming,8478
Sajnok Szymon,Poland,Cycling Track,8479
Saka Berke,Turkey,Swimming,8480
Sakai Hiroki,Japan,Football,8481
Sakai Katsuyuki,Japan,Rugby Sevens,8482
Sakai Motoki,Japan,Handball,8483
Sakai Natsumi,Japan,Swimming,8484
Sakai Ryosuke,Japan,Trampoline Gymnastics,8485
Sakai Sho,Japan,Diving,8486
Sakakibara Saya,Australia,Cycling Bmx Racing,8487
Sakamoto Hayato,Japan,Baseball/Softball,8488
Sakci Huseyin,Turkey,Swimming,8489
Sakharuk Mariia,Ukraine,Athletics,8490
Sakkari Maria,Greece,Tennis,8491
Sakobi Matshu Marcelat,Democratic Republic Of The Congo,Boxing,8492
Saladukha Olha,Ukraine,Athletics,8493
Salah Orabi Abdelgawwad Abdelrahman,Egypt,Boxing,8494
Salaman Dayshalee,Puerto Rico,Basketball,8495
Salamana Wessam,Refugee Olympic Team,Boxing,8496
Salamatina Valeriia,Roc,Swimming,8497
Salas Noel,Mexico,Baseball/Softball,8498
Salas Perez Reineris,Cuba,Wrestling,8499
Salazar Arce Tamara Yajaira,Ecuador,Weightlifting,8500
Salazar Jose Andres,El Salvador,Athletics,8501
Salazar Valles Jessica,Mexico,Cycling Track,8502
Salazar Vazquez Lizbeth Yareli,Mexico,Cycling Road,8503
Salcedo Codazi Cristian Camilo,Colombia,Boxing,8504
Salcutan Tatiana,Republic Of Moldova,Swimming,8505
Saldana Lopez Sara,Spain,Artistic Swimming,8506
Saleh Ahmed,Egypt,Table Tennis,8507
Saleh Salma,Egypt,Rhythmic Gymnastics,8508
Salehi Arman,Islamic Republic Of Iran,Volleyball,8509
Salehi Meisam,Islamic Republic Of Iran,Volleyball,8510
Salim Omar,Hungary,Taekwondo,8511
Salis Nahuel,Argentina,Hockey,8512
Salisbury Joe,Great Britain,Tennis,8513
Salles Esteve Marc,Spain,Hockey,8514
Salling Jenn,Canada,Baseball/Softball,8515
Salminen Max,Sweden,Sailing,8516
Salminen Senni,Finland,Athletics,8517
Salmon Shiann,Jamaica,Athletics,8518
Salmons Regina,United States Of America,Rowing,8519
Salos Anastasiia,Belarus,Rhythmic Gymnastics,8520
Salpeter Lonah Chemtai,Israel,Athletics,8521
Salsabilla Riau Ega,Indonesia,Archery,8522
Salukvadze Nino,Georgia,Shooting,8523
Salvisberg Andrea,Switzerland,Triathlon,8524
Samaai Ruswahl,South Africa,Athletics,8525
Samadova Narmina,Azerbaijan,Rhythmic Gymnastics,8526
Samandi Mohamed,Tunisia,Fencing,8527
Samara Elizabeta,Romania,Table Tennis,8528
Samba Abderrahman,Qatar,Athletics,8529
Samba-Mayela Cyrena,France,Athletics,8530
Samed Shakul,Ghana,Boxing,8531
Samele Luigi,Italy,Fencing,8532
Samer Mohab,Egypt,Fencing,8533
Samooja Kalle,Finland,Golf,8534
Sampaio Patricia,Portugal,Judo,8535
Sampson Dane,Australia,Shooting,8536
Samran Korntawat,Thailand,Equestrian,8537
Samuel Jamile,Netherlands,Athletics,8538
San Martin Carlos Andres,Colombia,Athletics,8539
Sanaa Youssef,Egypt,Fencing,8540
Sanad Mohammad,Egypt,Handball,8541
Sanahuja Bernat,Spain,Water Polo,8542
Sanayev Nurislam,Kazakhstan,Wrestling,8543
Sanchez Amanda,Mexico,Baseball/Softball,8544
Sanchez Angel,Dominican Republic,Baseball/Softball,8545
Sanchez Dayana Erika Iohanna,Argentina,Boxing,8546
Sanchez Gonzalez Maria Elena,Spain,Water Polo,8547
Sanchez Herrero Ricardo,Spain,Hockey,8548
Sanchez Jaime Sandra,Spain,Karate,8549
Sanchez Jorge,Mexico,Football,8550
Sanchez Kayla,Canada,Swimming,8551
Sanchez Luis Angel,Guatemala,Athletics,8552
Sanchez Lopez David,Spain,Weightlifting,8553
Sanchez Moccia Rocio,Argentina,Hockey,8554
Sanchez Matias,Argentina,Volleyball,8555
Sanchez Rodriguez Yudari,Cuba,Wrestling,8556
Sanchez Ryan,Puerto Rico,Athletics,8557
Sanchez Sasagi,Mexico,Baseball/Softball,8558
Sanchez Ursula Patricia,Mexico,Athletics,8559
Sanchez-Escribano Irene,Spain,Athletics,8560
Sanchez-Valladares Pablo,Spain,Athletics,8561
Sancho Alejandro,United States Of America,Wrestling,8562
Sancho Chinchila Ian,Costa Rica,Judo,8563
Sancov Alexei,Republic Of Moldova,Swimming,8564
Sandell Lukas,Sweden,Handball,8565
Sander Taylor,United States Of America,Volleyball,8566
Sanders Gillian,South Africa,Triathlon,8567
Sanders Manuel,Germany,Athletics,8568
Sanders Storm,Australia,Tennis,8569
Sanders Tyler,Canada,Volleyball,8570
Sanderson Kate Farley,Canada,Marathon Swimming,8571
Sandgren Tennys,United States Of America,Tennis,8572
Sandoval Alvaro,Mexico,Modern Pentathlon,8573
Sanes Adriel,"Virgin Islands, Us",Swimming,8574
Sanford Liam,Great Britain,Hockey,8575
Sanford Wyatt,Canada,Boxing,8576
Sangala Stefan,Congo,Swimming,8577
Sanhueza Eber,Chile,Rowing,8578
Sani Brown Abdul Hakim,Japan,Athletics,8579
Sanita Andre,Germany,Fencing,8580
Sansores Carlos,Mexico,Taekwondo,8581
Santana Marin Jose Luis,Mexico,Athletics,8582
Santana Peguero Crismery Dominga,Dominican Republic,Weightlifting,8583
Santandrea Martina,Italy,Rhythmic Gymnastics,8584
Santarelli Andrea,Italy,Fencing,8585
Santavy Boady Robert,Canada,Weightlifting,8586
Santesteban Gonzalez Ane,Spain,Cycling Road,8587
Santis Gabriela,Guatemala,Swimming,8588
Santos Alexis,Portugal,Swimming,8589
Santos Da Silva Altobeli,Brazil,Athletics,8590
Santos Eduardo Yudy,Brazil,Judo,8591
Santos Francisco Rogerio,Portugal,Swimming,8592
Santos Gabriel,Brazil,Swimming,8593
Santos Geovanna,Brazil,Rhythmic Gymnastics,8594
Santos Isac,Brazil,Volleyball,8595
Santos Lisboa Eduarda,Brazil,Beach Volleyball,8596
Santos Leticia,Brazil,Football,8597
Santos Luguelin,Dominican Republic,Athletics,8598
Santos Melanie,Portugal,Triathlon,8599
Santos Natalia,Angola,Handball,8600
Santos Rosangela,Brazil,Athletics,8601
Santos Silvia Emily M.,Panama,Swimming,8602
Santos,Brazil,Football,8603
Santuccio Alberta,Italy,Fencing,8604
Sanz Lanz Mateo,Switzerland,Sailing,8605
Sanzullo Mario,Italy,Marathon Swimming,8606
Saraiva Flavia,Brazil,Artistic Gymnastics,8607
Saravanan Vishnu,India,Sailing,8608
Saravi Mohammadhadi,Islamic Republic Of Iran,Wrestling,8609
Saritov Albert,Romania,Wrestling,8610
Sarmento Matthew Brandon,Canada,Hockey,8611
Sarmiento Melian Daniel,Spain,Handball,8612
Sarna Angelika,Poland,Athletics,8613
Sarnacki Maciej,Poland,Judo,8614
Sarnecki Rafal,Poland,Cycling Track,8615
Sarnobat Rahi,India,Shooting,8616
Sarosi Laura,Hungary,Badminton,8617
Sarounova Nikola,Czech Republic,Shooting,8618
Sarrou Jordan,France,Cycling Mountain Bike,8619
Saruni Michael,Kenya,Athletics,8620
Sasaki Chizuru,Japan,Shooting,8621
Sasaki Haruno,Japan,Handball,8622
Sasma Ersu,Turkey,Athletics,8623
Sasnal Gabriela,Poland,Artistic Gymnastics,8624
Saso Yuka,Philippines,Golf,8625
Sasson Or,Israel,Judo,8626
Sastin Marianna,Hungary,Wrestling,8627
Satchell Paige,New Zealand,Football,8628
Sates Matthew,South Africa,Swimming,8629
Satila Ana,Brazil,Canoe Slalom,8630
Sato Ayano,Japan,Canoe Slalom,8631
Sato Eiken,Japan,Equestrian,8632
Sato Kentaro,Japan,Athletics,8633
Sato Nozomi,Japan,Fencing,8634
Sato Shoma,Japan,Swimming,8635
Satoransky Tomas,Czech Republic,Basketball,8636
Saubidet Birkner Francisco Cruz,Argentina,Sailing,8637
Sauder Theo,Canada,Rugby Sevens,8638
Sauer Martin,Germany,Rowing,8639
Sauerbrunn Becky,United States Of America,Football,8640
Saugstrup Magnus,Denmark,Handball,8641
Saunders Callum,New Zealand,Cycling Track,8642
Saunders Jacob,Canada,Sailing,8643
Saunders Raven,United States Of America,Athletics,8644
Sauvourel Chloe,Central African Republic,Swimming,8645
Sauze Valdez Victoria,Argentina,Hockey,8646
Savanier Teji,France,Football,8647
Savard Katerine,Canada,Swimming,8648
Savchuk Anastasiya,Ukraine,Artistic Swimming,8649
Savelkouls Tessie,Netherlands,Judo,8650
Saville Luke,Australia,Tennis,8651
Savina Nina,Belarus,Athletics,8652
Savita,India,Hockey,8653
Savkin Alexander,Uzbekistan,Modern Pentathlon,8654
Savolainen Arvi Martin,Finland,Wrestling,8655
Savranbasi Nazli,Turkey,Artistic Gymnastics,8656
Savsek Benjamin,Slovenia,Canoe Slalom,8657
Sawadogo Faysal,Burkina Faso,Taekwondo,8658
Sawant Tejaswini,India,Shooting,8659
Sawe Mathew,Kenya,Athletics,8660
Sawekwiharee Ramnarong,Thailand,Taekwondo,8661
Sawettabut Suthasini,Thailand,Table Tennis,8662
Sawyers Jazmin,Great Britain,Athletics,8663
Sayit Kayra,Turkey,Judo,8664
Sbertoli Riccardo,Italy,Volleyball,8665
Sbihi Mohamed,Great Britain,Rowing,8666
Scanlan Laetisha,Australia,Shooting,8667
Scanlan Tilali,American Samoa,Swimming,8668
Scantling Garrett,United States Of America,Athletics,8669
Scarvelis Stamatia,Greece,Athletics,8670
Scatrut Haline,Brazil,Rugby Sevens,8671
Schachmann Maximilian,Germany,Cycling Road,8672
Schaefer Kai,Germany,Badminton,8673
Schaefer-Betz Pauline,Germany,Artistic Gymnastics,8674
Schaeffer Juan Ramon,Guatemala,Shooting,8675
Schaer Michael,Switzerland,Cycling Road,8676
Schafer Avi Koki,Japan,Basketball,8677
Schafer Carolin,Germany,Athletics,8678
Schatzl Nadine,Hungary,Handball,8679
Schauffele Xander,United States Of America,Golf,8680
Schaunig Maike,Germany,Hockey,8681
Scheenaard Lisa,Netherlands,Rowing,8682
Scheibner Conrad-Robin,Germany,Canoe Sprint,8683
Scheidt Robert,Brazil,Sailing,8684
Schell Anna Carmen,Germany,Wrestling,8685
Schenkel Eli,Canada,Fencing,8686
Schierscher Marluce,Liechtenstein,Artistic Swimming,8687
Schilb Blake,Czech Republic,Basketball,8688
Schilder Jessica,Netherlands,Athletics,8689
Schiller Marcel,Germany,Handball,8690
Schippers Dafne,Netherlands,Athletics,8691
Schir Thery,Switzerland,Cycling Track,8692
Schivo Arianna,Italy,Equestrian,8693
Schlegel Marvin,Germany,Athletics,8694
Schlegel Michal,Czech Republic,Cycling Road,8695
Schleu Annika,Germany,Modern Pentathlon,8696
Schloesser Gabriela,Netherlands,Archery,8697
Schlotterbeck Keven,Germany,Football,8698
Schlumpf Fabienne,Switzerland,Athletics,8699
Schmid Mauro,Switzerland,Cycling Track,8700
Schmidt Alica,Germany,Athletics,8701
Schmidt Gutierrez Paloma Isabel,Peru,Sailing,8702
Schmidt Madeline,Canada,Canoe Sprint,8703
Schmidt Richard,Germany,Rowing,8704
Schmidt Sophie,Canada,Football,8705
Schmitt Allison,United States Of America,Swimming,8706
Schneider Dorothee,Germany,Equestrian,8707
Schneider Jakob,Germany,Rowing,8708
Schneider Rachel,United States Of America,Athletics,8709
Schneiter Sebastien,Switzerland,Sailing,8710
Schnell Delaney,United States Of America,Diving,8711
Schoeman Henri,South Africa,Triathlon,8712
Schoenmaker Tatjana,South Africa,Swimming,8713
Scholfield Oliver William,Canada,Hockey,8714
Schomburg Jonas,Germany,Triathlon,8715
Schoneborn Deborah,Germany,Athletics,8716
Schoneborn Rabea,Germany,Athletics,8717
Schooling Joseph,Singapore,Swimming,8718
Schoon Raisa,Netherlands,Beach Volleyball,8719
Schoonbee Kyle,South Africa,Rowing,8720
Schou Andreas,Denmark,Equestrian,8721
Schou-Nielsen Frederik,Denmark,Athletics,8722
Schough Olivia,Sweden,Football,8723
Schouten Tes,Netherlands,Swimming,8724
Schreuders Mikel,Aruba,Swimming,8725
Schroder Anne Katarina,Germany,Hockey,8726
Schroeder Joe,United States Of America,Rugby Sevens,8727
Schroeder Lindi,United States Of America,Artistic Swimming,8728
Schubert Jakob,Austria,Sport Climbing,8729
Schuerch Joel,Switzerland,Rowing,8730
Schuermans Jens,Belgium,Cycling Mountain Bike,8731
Schulte Marvin,Germany,Athletics,8732
Schultz Samantha,United States Of America,Modern Pentathlon,8733
Schultze Daniela,Germany,Rowing,8734
Schulz German,Argentina,Rugby Sevens,8735
Schulze Karl,Germany,Rowing,8736
Schumach Christian,Austria,Equestrian,8737
Schumann Damien,Australia,Beach Volleyball,8738
Schurter Nino,Switzerland,Cycling Mountain Bike,8739
Schutzmeier Maria Victoria,Nicaragua,Swimming,8740
Schuurman Glenn,Netherlands,Hockey,8741
Schuurs Demi,Netherlands,Tennis,8742
Schwab Corinna,Germany,Athletics,8743
Schwab Matthias,Austria,Golf,8744
Schwandke Tristan,Germany,Athletics,8745
Schwanitz Christina,Germany,Athletics,8746
Schwartzman Diego,Argentina,Tennis,8747
Schwarz Bram,Netherlands,Rowing,8748
Schwarz Charline,Germany,Archery,8749
Schwarz Viktoria,Austria,Canoe Sprint,8750
Schweiner David,Czech Republic,Beach Volleyball,8751
Schweizer Karissa,United States Of America,Athletics,8752
Schweizer Lisa Marie,Germany,Weightlifting,8753
Schwendinger Raphael,Liechtenstein,Judo,8754
Schwingenschlogl Fabian,Germany,Swimming,8755
Scicluna Carla,Malta,Athletics,8756
Sclabas Delia,Switzerland,Athletics,8757
Sclater Ryan Joseph,Canada,Volleyball,8758
Scola Luis,Argentina,Basketball,8759
Scotch Leungo,Botswana,Athletics,8760
Scott Desiree,Canada,Football,8761
Scott Dominique,South Africa,Athletics,8762
Scott Donald,United States Of America,Athletics,8763
Scott Duncan,Great Britain,Swimming,8764
Scott Giles,Great Britain,Sailing,8765
Scott Hannah,Great Britain,Rowing,8766
Scott Jill,Great Britain,Football,8767
Scott Marc,Great Britain,Athletics,8768
Scott Thomas,United States Of America,Karate,8769
Scott Victoria,South Africa,Equestrian,8770
Scotti Edoardo,Italy,Athletics,8771
Scullion Stephen,Ireland,Athletics,8772
Scvortov Victor,United Arab Emirates,Judo,8773
Searle Jamie,New Zealand,Football,8774
Seaward Kevin,Ireland,Athletics,8775
Sebastian Julia,Argentina,Swimming,8776
Sebesi Lili,France,Sailing,8777
Sebic Milenko,Serbia,Shooting,8778
Seccafien Andrea,Canada,Athletics,8779
Sechser Michelle,United States Of America,Rowing,8780
Sedaghat Mahyar,Islamic Republic Of Iran,Shooting,8781
Seddon Zak,Great Britain,Athletics,8782
Sediqi Abdullah,Refugee Olympic Team,Taekwondo,8783
Sedjati Djamel,Algeria,Athletics,8784
Sedney Naomi,Netherlands,Athletics,8785
Sedney Zoe,Netherlands,Athletics,8786
Sedoykina Anna,Roc,Handball,8787
Seebohm Emily,Australia,Swimming,8788
Seeliger Bjoern,Sweden,Swimming,8789
Seema Seema,India,Wrestling,8790
Seemanova Barbora,Czech Republic,Swimming,8791
Seerane Celia Beatrice,South Africa,Hockey,8792
Seesondee Sudaporn,Thailand,Boxing,8793
Sefer Antonio,Romania,Football,8794
Sefl Jan,Czech Republic,Swimming,8795
Segawa Kazumasa,Japan,Sailing,8796
Segel Janja,Slovenia,Swimming,8797
Seger Caroline,Sweden,Football,8798
Seguel Clemente,Chile,Sailing,8799
Sehnal Ondrej,Czech Republic,Basketball,8800
Seidel Marvin,Germany,Badminton,8801
Seidel Molly,United States Of America,Athletics,8802
Seidemann Melissa,United States Of America,Water Polo,8803
Seidl Sebastian,Germany,Judo,8804
Seidler Phillip,Namibia,Marathon Swimming,8805
Seifert Bernhard,Germany,Athletics,8806
Seiler Nathaniel,Germany,Athletics,8807
Seinen Cheryl,Netherlands,Badminton,8808
Seitz Elisabeth,Germany,Artistic Gymnastics,8809
Sejanes Fabian,Argentina,Equestrian,8810
Sekar Dhanalakshmi,India,Athletics,8811
Sekita Masahiro,Japan,Volleyball,8812
Seko Ayumu,Japan,Football,8813
Selim Malak,Egypt,Rhythmic Gymnastics,8814
Selishka Miglena Georgieva,Bulgaria,Wrestling,8815
Selman Manuel,Chile,Surfing,8816
Selmon Kenneth,United States Of America,Athletics,8817
Selvon Kai,Trinidad And Tobago,Athletics,8818
Sember Cindy,Great Britain,Athletics,8819
Semberg Abishag,Israel,Taekwondo,8820
Semciuc Mugurel Vasile,Romania,Rowing,8821
Semeniuk Kamil,Poland,Volleyball,8822
Semenov Konstantin,Roc,Beach Volleyball,8823
Semenov Sergei,Roc,Wrestling,8824
Semenova Nataliya,Ukraine,Athletics,8825
Semeraro Silvia,Italy,Karate,8826
Semianova Daria,Roc,Shooting,8827
Semyonova Darya,Turkmenistan,Swimming,8828
Sen Anna,Roc,Handball,8829
Sene Alioune,France,Athletics,8830
Senga Koudai,Japan,Baseball/Softball,8831
Seniyasi Tokasa,Fiji,Rugby Sevens,8832
Senoduncu Sahin,Turkey,Athletics,8833
Senoglu Tugba,Turkey,Volleyball,8834
Seo Chaehyun,Republic Of Korea,Sport Climbing,8835
Seo Jiyeon,Republic Of Korea,Fencing,8836
Seo Seungjae,Republic Of Korea,Badminton,8837
Seol Youngwoo,Republic Of Korea,Football,8838
Sepulveda Eduardo,Argentina,Cycling Road,8839
Serbin Oleh,Ukraine,Diving,8840
Sereda Oleksii,Ukraine,Diving,8841
Seredina Kristina,Roc,Rugby Sevens,8842
Sergeev Aleksandr,Roc,Canoe Sprint,8843
Sergeyeva Natalya,Kazakhstan,Canoe Sprint,8844
Serikzhanov Yerlan,Kazakhstan,Judo,8845
Serksniene Agne,Lithuania,Athletics,8846
Serogina Anita,Ukraine,Karate,8847
Seru Jose,Japan,Rugby Sevens,8848
Serzhantova Alena,Roc,Water Polo,8849
Setiawan Hendra,Indonesia,Badminton,8850
Setin Sartori Murilo,Brazil,Swimming,8851
Seto Daiya,Japan,Swimming,8852
Seutloali Khoarahlane,Lesotho,Athletics,8853
Sevenich Vivian,Netherlands,Water Polo,8854
Sevick Jessica,Canada,Rowing,8855
Seville Oblique,Jamaica,Athletics,8856
Seydou Lancina Alassane,Niger,Swimming,8857
Seyi Ntsengue Dieudonne Wilfred,Cameroon,Boxing,8858
Seymour Pedrya,Bahamas,Athletics,8859
Seyni Aminatou,Niger,Athletics,8860
Sghaier Zaineb,Tunisia,Wrestling,8861
Shaban Alzahraa,Egypt,Shooting,8862
Shabanau Ali,Belarus,Wrestling,8863
Shackley Anna,Great Britain,Cycling Road,8864
Shadalov Hamsat,Germany,Boxing,8865
Shadoff Jodi,Great Britain,Golf,8866
Shah Alexander,Nepal,Swimming,8867
Shah Shah Hussain,Pakistan,Judo,8868
Shahbakhsh Daniyal,Islamic Republic Of Iran,Boxing,8869
Shaheen Nigara,Refugee Olympic Team,Judo,8870
Shahzad Mahoor,Pakistan,Badminton,8871
Mukhtar Ali,Saudi Arabia,Football,8872
Shala Egzon,Kosovo,Wrestling,8873
Shamilov Yakub,Roc,Judo,8874
Shan Xiaona,Germany,Table Tennis,8875
Shana Md Ruman,Bangladesh,Archery,8876
Shanahan Louise,Ireland,Athletics,8877
Shaner William,United States Of America,Shooting,8878
Shange Lebogang,South Africa,Athletics,8879
Shannon Olivia,New Zealand,Hockey,8880
Shanny Itay,Israel,Archery,8881
Shao Jieni,Portugal,Table Tennis,8882
Shao Ting,People'S Republic Of China,Basketball,8883
Shao Yaqi,People'S Republic Of China,Fencing,8884
Shapiev Javrail,Uzbekistan,Wrestling,8885
Shapira Omer,Israel,Cycling Road,8886
Sharaf Jayda,Egypt,Artistic Swimming,8887
Sharaf Zeina,Egypt,Artistic Gymnastics,8888
Sharakova Tatsiana,Belarus,Cycling Track,8889
Sharifi Morteza,Islamic Republic Of Iran,Volleyball,8890
Sharifov Sharif,Azerbaijan,Wrestling,8891
Sharir Gili,Israel,Judo,8892
Sharma Nilakanta,India,Hockey,8893
Sharov Stanislav,Roc,3X3 Basketball,8894
Sharp Alena,Canada,Golf,8895
Sharp Lachlan Thomas,Australia,Hockey,8896
Sharpe Matthew,Canada,Triathlon,8897
Sharrah Corben,United States Of America,Cycling Bmx Racing,8898
Sharshenbekov Zholaman,Kyrgyzstan,Wrestling,8899
Shatilov Alexander,Israel,Artistic Gymnastics,8900
Shatirishvili Sopo,Georgia,Athletics,8901
Shavdatuashvili Lasha,Georgia,Judo,8902
Shcherbatsevich Yury,Belarus,Shooting,8903
Shea Maggie,United States Of America,Sailing,8904
Shebib Mohamed,Egypt,Handball,8905
Sheehan Miriam,Puerto Rico,Swimming,8906
Sheikhalizadehkhanghah Mariam,Azerbaijan,Swimming,8907
Sheiko Georgiy,Kazakhstan,Athletics,8908
Shek Wai Hung,"Hong Kong, China",Artistic Gymnastics,8909
Shemberev Maksym,Azerbaijan,Swimming,8910
Shen Yineng,People'S Republic Of China,Water Polo,8911
Sheng Lihao,People'S Republic Of China,Shooting,8912
Shepherd Caleb,New Zealand,Rowing,8913
Sherazadishvili Nikoloz,Spain,Judo,8914
Sheridan Kailen,Canada,Football,8915
Sherif Maiar,Egypt,Tennis,8916
Sherif Seif,Egypt,Trampoline Gymnastics,8917
Shermetova Kristina,Turkmenistan,Weightlifting,8918
Shestakova Daria,Roc,Rugby Sevens,8919
Shetty Chirag,India,Badminton,8920
Shevchuk Hanna,Ukraine,Athletics,8921
Sheveleva Svetlana,Roc,Fencing,8922
Shevtsov Serhii,Ukraine,Swimming,8923
Shi Gaofeng,People'S Republic Of China,Fencing,8924
Shi Liying,People'S Republic Of China,Athletics,8925
Shi Mengyao,People'S Republic Of China,Shooting,8926
Shi Tingmao,People'S Republic Of China,Diving,8927
Shi Yu Qi,People'S Republic Of China,Badminton,8928
Shi Zhiyong,People'S Republic Of China,Weightlifting,8929
Shibahara Ena,Japan,Tennis,8930
Shida Leni,Uganda,Athletics,8931
Shields Nicole,New Zealand,Cycling Track,8932
Shields Tom,United States Of America,Swimming,8933
Shiga Mitsuaki,Japan,Water Polo,8934
Shikine Takahiro,Japan,Fencing,8935
Shim Jungsub,Republic Of Korea,Athletics,8936
Shimamura Haruyo,Japan,Volleyball,8937
Shimamura Tomohiro,Japan,Fencing,8938
Shimazu Rena,Japan,Modern Pentathlon,8939
Shimizu Kiyou,Japan,Karate,8940
Shimizu Kunihiro,Japan,Volleyball,8941
Shimizu Mayu,Japan,Rugby Sevens,8942
Shimizu Risa,Japan,Football,8943
Shimizu Yusuke,Japan,Water Polo,8944
Shin Jeahwan,Republic Of Korea,Artistic Gymnastics,8945
Shin Jihyun,Republic Of Korea,Basketball,8946
Shin Seungchan,Republic Of Korea,Badminton,8947
Shin Yubin,Republic Of Korea,Table Tennis,8948
Shinozaki Mio,Japan,3X3 Basketball,8949
Shiojiri Kazuya,Japan,Athletics,8950
Shiokoshi Yuzuho,Japan,Football,8951
Shiota Sayo,Japan,Handball,8952
Shioya Minami,Japan,Water Polo,8953
Shipperley Rupert Scott,Great Britain,Hockey,8954
Shirai Sora,Japan,Skateboarding,8955
Shirako Miyu,Japan,Rugby Sevens,8956
Shiratori Katsuhiro,Japan,Beach Volleyball,8957
Shiroyama Shoutarou,Japan,Athletics,8958
Shishkina Alla,Roc,Artistic Swimming,8959
Shkatova Angelina,Roc,Rhythmic Gymnastics,8960
Shkurdai Anastasiya,Belarus,Swimming,8961
Shkurenyov Ilya,Roc,Athletics,8962
Shleikher Nikita,Roc,Diving,8963
Shmailov Baruch,Israel,Judo,8964
Shmeleva Daria,Roc,Cycling Track,8965
Shmider Alexey,Kazakhstan,Water Polo,8966
Shoji Erik,United States Of America,Volleyball,8967
Shomuradova Nilufar,Uzbekistan,Rhythmic Gymnastics,8968
Shorten Rebecca,Great Britain,Rowing,8969
Shortman Kate,Great Britain,Artistic Swimming,8970
Shostak Aliaksei,United States Of America,Trampoline Gymnastics,8971
Shriever Bethany,Great Britain,Cycling Bmx Racing,8972
Shubenkov Sergey,Roc,Athletics,8973
Shueb Wael,Refugee Olympic Team,Karate,8974
Shuey Michael,United States Of America,Athletics,8975
Shumik Viktor,Ukraine,Athletics,8976
Shurochkina Maria,Roc,Artistic Swimming,8977
Shuvalova Maria,Roc,Equestrian,8978
Shvedov Stanislav,Kazakhstan,Water Polo,8979
Shvedova Yaroslava,Kazakhstan,Tennis,8980
Shymanovich Ilya,Belarus,Swimming,8981
Shynkarenko Alina,Ukraine,Artistic Swimming,8982
Siame Sydney,Zambia,Athletics,8983
Siamfuko Esther,Zambia,Football,8984
Sibilio Alessandro,Italy,Athletics,8985
Sichenikova Lidiia,Ukraine,Archery,8986
Sid Azara Bachir,Algeria,Wrestling,8987
Sidakov Zaurbek,Roc,Wrestling,8988
Siddique Diya,Bangladesh,Archery,8989
Sidiskis Arnas,Lithuania,Weightlifting,8990
Sidlauskas Andrius,Lithuania,Swimming,8991
Sidorova Anzhelika,Roc,Athletics,8992
Siegemund Laura,Germany,Tennis,8993
Siegenthaler Maja,Switzerland,Sailing,8994
Siegl Lea,Austria,Equestrian,8995
Sierra Canadilla Arlenis,Cuba,Cycling Road,8996
Signal Megan Ann,New Zealand,Weightlifting,8997
Sigurgeirsson Asgeir,Iceland,Shooting,8998
Siklosi Gergely,Hungary,Fencing,8999
Siladi Caba,Serbia,Swimming,9000
Sileno Megan,South Africa,Water Polo,9001
Silkina Volha,Belarus,Modern Pentathlon,9002
Silva Beatriz,Brazil,Rhythmic Gymnastics,9003
Silva Bianca,Brazil,Rugby Sevens,9004
Silva Carneiro Macris Fernanda,Brazil,Volleyball,9005
Silva Emanuel,Portugal,Canoe Sprint,9006
Silva Fabiana,Brazil,Badminton,9007
Silva Joao Pedro,Brazil,Handball,9008
Silva Joao,Portugal,Triathlon,9009
Silva Marinho Tiffani,Brazil,Athletics,9010
Silva Morales Ivan Felipe,Cuba,Judo,9011
Silva Ramos Ana Patricia,Brazil,Beach Volleyball,9012
Silva Rafael,Brazil,Judo,9013
Silva Rebecca,Brazil,Beach Volleyball,9014
Silva Rui,Portugal,Handball,9015
Silva Yarisley,Cuba,Athletics,9016
Silvestro Evelyn Maricel,Argentina,Rowing,9017
Sim Haein,Republic Of Korea,Handball,9018
Sim Jaeyoung,Republic Of Korea,Taekwondo,9019
Sim Stuart,Australia,Rowing,9020
Sim Welson,Malaysia,Swimming,9021
Simanek Jiri,Czech Republic,Rowing,9022
Simanovich Anastasia,Roc,Water Polo,9023
Simbine Akani,South Africa,Athletics,9024
Sime Abrham,Ethiopia,Athletics,9025
Simic Ana,Croatia,Athletics,9026
Simionescu Vladut,Romania,Judo,9027
Simmerling Georgia,Canada,Cycling Track,9028
Simmermacher Magdalena Maria,Argentina,Golf,9029
Simmonds Joshua,Australia,Hockey,9030
Simon Gilles,France,Tennis,9031
Simon Kyah,Australia,Football,9032
Simon Unai,Spain,Football,9033
Simoneau Jacqueline,Canada,Artistic Swimming,9034
Simonet Diego Esteban,Argentina,Handball,9035
Simonet Pablo Ariel,Argentina,Handball,9036
Simonet Sebastian Alejandro,Argentina,Handball,9037
Simotwo Charles Cheboi,Kenya,Athletics,9038
Simwaka Asimenye,Malawi,Athletics,9039
Sinancevic Armin,Serbia,Athletics,9040
Sinclair Christine,Canada,Football,9041
Sinden Bradly,Great Britain,Taekwondo,9042
Singh Arvind,India,Rowing,9043
Singh Gaurika,Nepal,Swimming,9044
Singh Gurjant,India,Hockey,9045
Singh Gurpreet,India,Athletics,9046
Singh Hardik,India,Hockey,9047
Singh Harmanpreet,India,Hockey,9048
Singh Luther,South Africa,Football,9049
Singh Mandeep,India,Hockey,9050
Singh Manpreet,India,Hockey,9051
Singh Rupinder Pal,India,Hockey,9052
Singh Shamsher,India,Hockey,9053
Singh Shivpal,India,Athletics,9054
Singh Simranjeet,India,Hockey,9055
Singo Wilfried,Côte D'Ivoire,Football,9056
Siniakova Katerina,Czech Republic,Tennis,9057
Sinkovic Martin,Croatia,Rowing,9058
Sinkovic Valent,Croatia,Rowing,9059
Sintean Andrei,Romania,Football,9060
Sintsov Anton,Roc,Cycling Mountain Bike,9061
Siragusa Irene,Italy,Athletics,9062
Sirina Jakub,Czech Republic,Basketball,9063
Sirucek Pavel,Czech Republic,Table Tennis,9064
Siskevicius Evaldas,Lithuania,Cycling Road,9065
Sissoko Fode,Mali,Athletics,9066
Sisson Emily,United States Of America,Athletics,9067
Sithisane Soukphaxay,Lao People'S Democratic Republic,Judo,9068
Sitkovskiy Oleksandr,Ukraine,Athletics,9069
Sivakov Pavel,Roc,Cycling Road,9070
Six Christopher,France,Equestrian,9071
Sjoestroem Sarah,Sweden,Swimming,9072
Skachkov Kirill,Roc,Table Tennis,9073
Skachova Monika,Slovakia,Canoe Slalom,9074
Skierka Jakub,Poland,Swimming,9075
Skinner Mykayla,United States Of America,Artistic Gymnastics,9076
Skogrand Stine,Norway,Handball,9077
Skoric Maja,Serbia,Basketball,9078
Skorobogatchenko Antonina,Roc,Handball,9079
Skoumpakis Dimitrios,Greece,Water Polo,9080
Skrypak Olga,Ukraine,Athletics,9081
Skrzyszowska Pia,Poland,Athletics,9082
Skujins Toms,Latvia,Cycling Road,9083
Skupski Neal,Great Britain,Tennis,9084
Skvartsova Viyaleta,Belarus,Athletics,9085
Skydan Hanna,Azerbaijan,Athletics,9086
Sladkov Nicole,United States Of America,Rhythmic Gymnastics,9087
Slagter Arvin,Netherlands,3X3 Basketball,9088
Sleeking Brigitte,Netherlands,Water Polo,9089
Sliwka Aleksander,Poland,Volleyball,9090
Sloan Ian Martin,Great Britain,Hockey,9091
Slouf Radek,Czech Republic,Canoe Sprint,9092
Slukova Marketa,Czech Republic,Beach Volleyball,9093
Slutskaya Maryna,Belarus,Judo,9094
Smagulov Zhansay,Kazakhstan,Judo,9095
Smaili Mostafa,Morocco,Athletics,9096
Smajlaj Izmir,Albania,Athletics,9097
Smedley Cameron,Canada,Canoe Slalom,9098
Smeets Martine,Netherlands,Handball,9099
Smellie Gavin,Canada,Athletics,9100
Smetov Yeldos,Kazakhstan,Judo,9101
Smets Fanny,Belgium,Athletics,9102
Smiahlikau Uladzislau,Belarus,Boxing,9103
Smidt Nick,Netherlands,Athletics,9104
Smikle Traves,Jamaica,Athletics,9105
Smirnova Kseniia,Roc,Volleyball,9106
Smirnova Yekaterina,Kazakhstan,Canoe Slalom,9107
Smith Austin Charles,South Africa,Hockey,9108
Smith Austen Jewell,United States Of America,Shooting,9109
Smith Alana,United States Of America,Skateboarding,9110
Smith Alanna,Australia,Basketball,9111
Smith Anabelle,Australia,Diving,9112
Smith Brendon,Australia,Swimming,9113
Smith Cameron,Australia,Golf,9114
Smith David,United States Of America,Volleyball,9115
Smith Gabrielle,Canada,Rowing,9116
Smith Haley,Canada,Cycling Mountain Bike,9117
Smith Hannah,Great Britain,Rugby Sevens,9118
Smith Holly,Great Britain,Equestrian,9119
Smith Jesse,United States Of America,Water Polo,9120
Smith John,South Africa,Rowing,9121
Smith Kelsey,New Zealand,Hockey,9122
Smith Kieran,United States Of America,Swimming,9123
Smith Kierra,Canada,Swimming,9124
Smith Lauren,Great Britain,Badminton,9125
Smith Penny,Australia,Shooting,9126
Smith Rebecca,Canada,Swimming,9127
Smith Regan,United States Of America,Swimming,9128
Smith Samantha,Canada,Trampoline Gymnastics,9129
Smith Tamra,United States Of America,Equestrian,9130
Smith Zoe,Great Britain,Weightlifting,9131
Smits Inger,Netherlands,Handball,9132
Smits Joelle,Netherlands,Football,9133
Smolders Harrie,Netherlands,Equestrian,9134
Smolen Michal,United States Of America,Canoe Slalom,9135
Smoliga Olivia,United States Of America,Swimming,9136
Smolonskis Ruslans,Latvia,Athletics,9137
Smorguner Ilja,Germany,Karate,9138
Smulders Merel,Netherlands,Cycling Bmx Racing,9139
Smythe John Barrie,Canada,Hockey,9140
Snelder Danick,Netherlands,Handball,9141
Snow-Hansen Paul,New Zealand,Sailing,9142
Snowden Katie,Great Britain,Athletics,9143
Snyder Kyle Frederick,United States Of America,Wrestling,9144
Snyman Wayne,South Africa,Athletics,9145
Soares Diogo,Brazil,Artistic Gymnastics,9146
Soares Nubia,Brazil,Athletics,9147
Sobchuk Olena,Ukraine,Athletics,9148
Sobera Robert,Poland,Athletics,9149
Sobers Alex,Barbados,Swimming,9150
Sobey Nathan,Australia,Basketball,9151
Sobhi Ramadan,Egypt,Football,9152
Sobhy Mohamed,Egypt,Football,9153
Sobhy Tia,Egypt,Rhythmic Gymnastics,9154
Sobol Kristina Ivanovna,Roc,Weightlifting,9155
Soboleva Evgeniya,Roc,Water Polo,9156
Soejima Kameli Raravou,Japan,Rugby Sevens,9157
Soghomonyan Eduard,Brazil,Wrestling,9158
Soghomonyan Koryun,Armenia,Boxing,9159
Soh Wooi Yik,Malaysia,Badminton,9160
Sohi Gurpreet,Canada,Water Polo,9161
Solbakken Erik Andre,Norway,Rowing,9162
Solberg Isaksen Sanna,Norway,Handball,9163
Solberg Silje,Norway,Handball,9164
Sole Sala Ferran,Spain,Handball,9165
Sole Sebastian,Argentina,Volleyball,9166
Soler Carlos,Spain,Football,9167
Solikoviti Vasiti,Fiji,Rugby Sevens,9168
Solis Jhon Alexander,Colombia,Athletics,9169
Solis Roman,Mexico,Baseball/Softball,9170
Solja Petrissa,Germany,Table Tennis,9171
Solomon Kokob Tesfagaber,Eritrea,Athletics,9172
Solomon Luna,Refugee Olympic Team,Shooting,9173
Solomon Steven,Australia,Athletics,9174
Solorzano Yamileth,El Salvador,Boxing,9175
Soluianova Svetlana,Roc,Boxing,9176
Somerville Gronya,Australia,Badminton,9177
Somerville Karri,Australia,Hockey,9178
Someya Mayumi,Japan,Karate,9179
Son Igor,Kazakhstan,Weightlifting,9180
Sonam Sonam,India,Wrestling,9181
Sone Akira,Japan,Judo,9182
Sonego Lorenzo,Italy,Tennis,9183
Song Bumkeun,Republic Of Korea,Football,9184
Song Jong-Ho,Republic Of Korea,Shooting,9185
Song Jaeho,Republic Of Korea,Fencing,9186
Song Jiayuan,People'S Republic Of China,Athletics,9187
Song Minkyu,Republic Of Korea,Football,9188
Song Sera,Republic Of Korea,Fencing,9189
Song Yiling,People'S Republic Of China,Sport Climbing,9190
Sonnett Emily,United States Of America,Football,9191
Sonntag Julia,Germany,Hockey,9192
Sonoda Keigo,Japan,Badminton,9193
Soo Wai Yam Minnie,"Hong Kong, China",Table Tennis,9194
Sorm Patrik,Czech Republic,Athletics,9195
Sorokina Darya,Azerbaijan,Rhythmic Gymnastics,9196
Soronzonbold Battsetseg,Mongolia,Wrestling,9197
Sorrentino Giordana,Italy,Boxing,9198
Sorribes Tormo Sara,Spain,Tennis,9199
Sorsby Thomas,Great Britain,Hockey,9200
Sorum Christian Sandlie,Norway,Beach Volleyball,9201
Sotero Alice,Italy,Modern Pentathlon,9202
Soto Abril Ana Waleska,Guatemala,Shooting,9203
Soto Campos Catalina Anais,Chile,Cycling Road,9204
Soto Manuel Esteban,Colombia,Athletics,9205
Sotomayor Collazo Lorenzo,Azerbaijan,Boxing,9206
Sotomayor Nikte Alejandra,Guatemala,Badminton,9207
Sottile Stefano,Italy,Athletics,9208
Soudi Mathis,Morocco,Canoe Slalom,9209
Souleiman Ayanleh,Djibouti,Athletics,9210
Sousa Catarina,Angola,Swimming,9211
Sousa Graziele,Brazil,Boxing,9212
Sousa Hebert,Brazil,Boxing,9213
Sousa Helena,Angola,Handball,9214
Sousa Pedro,Portugal,Tennis,9215
Souta Vagner Junior,Brazil,Canoe Sprint,9216
Souttar Harry,Australia,Football,9217
Souwer Anna Sarah Sophie,Netherlands,Rowing,9218
Souza Alfano Moura Thiago Julio,Brazil,Athletics,9219
Souza Alan,Brazil,Volleyball,9220
Souza Caio,Brazil,Artistic Gymnastics,9221
Souza Filho Isaac,Brazil,Diving,9222
Souza Ricardo Lucarelli,Brazil,Volleyball,9223
Soyizwapi Siviwe,South Africa,Rugby Sevens,9224
Sozonov Ivan,Roc,Badminton,9225
Sozonova Nadezhda,Roc,Rugby Sevens,9226
Sozykin Pavel,Roc,Sailing,9227
Spaic Vladan,Montenegro,Water Polo,9228
Spajari Pedro,Brazil,Swimming,9229
Spanaki Ariadne Paraskevi,Greece,Sailing,9230
Spanoudaki-Chatziriga Rafalia,Greece,Athletics,9231
Spanovic Ivana,Serbia,Athletics,9232
Spaulding Delaney,United States Of America,Baseball/Softball,9233
Spencer Levern,Saint Lucia,Athletics,9234
Spendolini Sirieix Andrea,Great Britain,Diving,9235
Spesivtsev Maxim,Roc,Canoe Sprint,9236
Spies Jean,South Africa,Cycling Track,9237
Spilkova Klara,Czech Republic,Golf,9238
Spirig Nicola,Switzerland,Triathlon,9239
Spisak Pawel,Poland,Equestrian,9240
Spissu Marco,Italy,Basketball,9241
Sponcil Sarah,United States Of America,Beach Volleyball,9242
Spooner Nicholas Balfour,South Africa,Hockey,9243
Spoors Lucy,New Zealand,Rowing,9244
Spotakova Barbora,Czech Republic,Athletics,9245
Spotakova Jana,Slovakia,Shooting,9246
Spratt Amanda,Australia,Cycling Road,9247
Springsteen Jessica,United States Of America,Equestrian,9248
Sprunger Lea,Switzerland,Athletics,9249
Spychakov Katy,Israel,Sailing,9250
Squires Tom,Great Britain,Sailing,9251
Srbic Tin,Croatia,Artistic Gymnastics,9252
Sresthaporn Savate,Thailand,Shooting,9253
Srisa - Ard Jenjira,Thailand,Swimming,9254
Ssemujju Kavuma David,Uganda,Boxing,9255
St. Fort Khalifa,Trinidad And Tobago,Athletics,9256
St. Hillaire Dwight,Trinidad And Tobago,Athletics,9257
Stacchiotti Raphael,Luxembourg,Swimming,9258
Stach Aleksandra,Poland,Canoe Slalom,9259
Stach Anton,Germany,Football,9260
Stadler Alexander,Germany,Hockey,9261
Stadnik Mariya,Azerbaijan,Wrestling,9262
Staebler Frank,Germany,Wrestling,9263
Staehli Julie-Anne,Canada,Athletics,9264
Stafford Lucia,Canada,Athletics,9265
Stahl Daniel,Sweden,Athletics,9266
Stahl Mitchell,United States Of America,Volleyball,9267
Staib Constantin,Germany,Hockey,9268
Stairmand Billy,New Zealand,Surfing,9269
Stalheim Jesper,Sweden,Sailing,9270
Stam Katja,Netherlands,Beach Volleyball,9271
Stambaugh Victoria,Puerto Rico,Taekwondo,9272
Stamenic Marko,New Zealand,Football,9273
Stamenova Staniliya,Bulgaria,Canoe Sprint,9274
Stancil Felicia,United States Of America,Cycling Bmx Racing,9275
Stanciu Daniela,Romania,Athletics,9276
Stanco Silvana,Italy,Shooting,9277
Stanek Tomas,Czech Republic,Athletics,9278
Stangar Marusa,Slovenia,Judo,9279
Stanger George,New Zealand,Football,9280
Stanisclaus Ayla,Trinidad And Tobago,Athletics,9281
Staniszewski Daniel,Poland,Cycling Track,9282
Stankiewicz Aneta,Poland,Shooting,9283
Stankiewicz Theodore,Mexico,Baseball/Softball,9284
Stankovic Dragana,Serbia,Basketball,9285
Stanley Matie,Tuvalu,Athletics,9286
Stano Massimo,Italy,Athletics,9287
Stanway Georgia,Great Britain,Football,9288
Stapenhorst Charlotte,Germany,Hockey,9289
Starc Brandon,Australia,Athletics,9290
Starikova Olena,Ukraine,Cycling Track,9291
Starling Bubba,United States Of America,Baseball/Softball,9292
Startseva Evgeniya,Roc,Volleyball,9293
Stasiak Sebastian,Poland,Modern Pentathlon,9294
Stateff Delian,Italy,Triathlon,9295
Stecchi Claudio Michel,Italy,Athletics,9296
Steen Jordan,Canada,Wrestling,9297
Steenbergen Marrit,Netherlands,Swimming,9298
Steenhuis Guusje,Netherlands,Judo,9299
Stefan Florin,Romania,Football,9300
Stefani Luisa,Brazil,Tennis,9301
Stefanidi Katerina,Greece,Athletics,9302
Stefanovic Milutin,Serbia,Shooting,9303
Stefanovic Strahinja,Serbia,Canoe Sprint,9304
Stefanowicz Jr John Walter,United States Of America,Wrestling,9305
Steffen Benjamin,Switzerland,Fencing,9306
Steffens Margaret,United States Of America,Water Polo,9307
Steinacker Marike,Germany,Athletics,9308
Steiner Sylvia,Austria,Shooting,9309
Steinhauser Verena,Italy,Triathlon,9310
Steinruck Katharina,Germany,Athletics,9311
Stenberg Anita Yvonne,Norway,Cycling Track,9312
Stene Jenny,Norway,Shooting,9313
Stensils Linnea,Sweden,Canoe Sprint,9314
Stensness Gianni,New Zealand,Football,9315
Stepanova Kira,Roc,Canoe Sprint,9316
Stepanova Vasilisa,Roc,Rowing,9317
Stephan Lucy,Australia,Rowing,9318
Stephens Jagger,Guam,Swimming,9319
Stephens Laura,Great Britain,Swimming,9320
Stepto Tarni,Australia,Baseball/Softball,9321
Sterckx Nina,Belgium,Weightlifting,9322
Sterkenburg Erin,South Africa,Sport Climbing,9323
Sterpu Victor,Republic Of Moldova,Judo,9324
Stevaux Carnaval Priscilla Andreia,Brazil,Cycling Bmx Racing,9325
Stevens Dani,Australia,Athletics,9326
Stevens Robyn,United States Of America,Athletics,9327
Stevenson Ben,United States Of America,Water Polo,9328
Stewart Ava,Canada,Artistic Gymnastics,9329
Stewart Breanna,United States Of America,Basketball,9330
Stewart Campbell,New Zealand,Cycling Track,9331
Stewart Donn,South Africa,Water Polo,9332
Stewart Grace,Australia,Hockey,9333
Stewart Kelsey,United States Of America,Baseball/Softball,9334
Stewart Murray,Australia,Canoe Sprint,9335
Stewart Reba,Australia,Taekwondo,9336
Stewart Trevor,United States Of America,Athletics,9337
Stewartova Moira,Czech Republic,Athletics,9338
Steyn Gerda,South Africa,Athletics,9339
Stigger Laura,Austria,Cycling Mountain Bike,9340
Stinson Jada Shanice,Puerto Rico,Basketball,9341
Stipanovic Tonci,Croatia,Sailing,9342
Stjepanovic Velimir,Serbia,Swimming,9343
Stock Mensah Tamyra Marianna,United States Of America,Wrestling,9344
Stoenescu Ancuta,Romania,3X3 Basketball,9345
Stoephasius Lilly,Germany,Skateboarding,9346
Stoeva Gabriela,Bulgaria,Badminton,9347
Stoj Bartlomiej,Poland,Athletics,9348
Stojanovic Nina,Serbia,Tennis,9349
Stojoski Jovan,North Macedonia,Athletics,9350
Stokes Demi,Great Britain,Football,9351
Stokowski Kacper,Poland,Swimming,9352
Stoll Theresa,Germany,Judo,9353
Stomphorst Nomi,Netherlands,Water Polo,9354
Stone Anne-Elizabeth,United States Of America,Fencing,9355
Stone Gavin,Canada,Rowing,9356
Stone Genevra,United States Of America,Rowing,9357
Stone Ross,South Africa,Water Polo,9358
Stornes Casper,Norway,Triathlon,9359
Stosur Samantha,Australia,Tennis,9360
Stoyanovskiy Oleg,Roc,Beach Volleyball,9361
Strachan Anthonique,Bahamas,Athletics,9362
Strahl Martina,Switzerland,Athletics,9363
Straka Sepp,Austria,Golf,9364
Strandli Are Weierholt,Norway,Rowing,9365
Stransky Mara,Australia,Sailing,9366
Strauch Jenna,Australia,Swimming,9367
Strebkova Nataliya,Ukraine,Athletics,9368
Streets Kaito,Japan,Fencing,9369
Strempfl Martin,Austria,Shooting,9370
Strenius Patricia Caroline,Sweden,Weightlifting,9371
Stromberg Carin,Sweden,Handball,9372
Strong Corbin,New Zealand,Cycling Track,9373
Struff Jan-Lennard,Germany,Tennis,9374
Strugnell Laura,South Africa,Artistic Swimming,9375
Stubblety-Cook Izaac,Australia,Swimming,9376
Studer Max,Switzerland,Triathlon,9377
Stuhlemmer Alica,Germany,Sailing,9378
Stump Nils,Switzerland,Judo,9379
Stunes Isene Ola,Norway,Athletics,9380
Stupin Maxim,Roc,Swimming,9381
Stybar Zdenek,Czech Republic,Cycling Road,9382
Su Bingtian,People'S Republic Of China,Athletics,9383
Su Guoxiong,People'S Republic Of China,Athletics,9384
Su Po-Ya,Chinese Taipei,Taekwondo,9385
Suarez Gabriela Anahi,Ecuador,Athletics,9386
Suarez Jeison Alexander,Colombia,Athletics,9387
Suarez Navarro Carla,Spain,Tennis,9388
Subbotina Ekaterina,Roc,Shooting,9389
Succi Maria Belen,Argentina,Hockey,9390
Sude Julia,Germany,Beach Volleyball,9391
Suessemilch Laura,Germany,Cycling Track,9392
Sugasawa Yuika,Japan,Football,9393
Sugihara Aiko,Japan,Artistic Gymnastics,9394
Sugimoto Sayuri,Japan,Rhythmic Gymnastics,9395
Sugioka Naoki,Japan,Handball,9396
Sugita Hina,Japan,Football,9397
Sugita Yuichi,Japan,Tennis,9398
Suharevs Ritvars,Latvia,Weightlifting,9399
Sui Gaofei,People'S Republic Of China,Athletics,9400
Sukamuljo Kevin Sanjaya,Indonesia,Badminton,9401
Sukhov Pavel,Roc,Fencing,9402
Sulek Adrianna,Poland,Athletics,9403
Sulemanu Tetteh,Ghana,Boxing,9404
Sullivan Erica,United States Of America,Swimming,9405
Sum Eunice Jepkoech,Kenya,Athletics,9406
Sumit,India,Hockey,9407
Sumova Barbora,Czech Republic,Shooting,9408
Sun Hongyi,People'S Republic Of China,Taekwondo,9409
Sun Huadong,People'S Republic Of China,Equestrian,9410
Sun Jiajun,People'S Republic Of China,Cycling Road,9411
Sun Jiajun,People'S Republic Of China,Swimming,9412
Sun Mengran,People'S Republic Of China,Basketball,9413
Sun Mengya,People'S Republic Of China,Canoe Sprint,9414
Sun Wei,People'S Republic Of China,Artistic Gymnastics,9415
Sun Wenyan,People'S Republic Of China,Artistic Swimming,9416
Sun Xiaoqian,People'S Republic Of China,Judo,9417
Sun Yanan,People'S Republic Of China,Wrestling,9418
Sun Yingsha,People'S Republic Of China,Table Tennis,9419
Sun Yiwen,People'S Republic Of China,Fencing,9420
Sunaga Yuki,Japan,Sailing,9421
Sunama Keita,Japan,Swimming,9422
Sunami Kaho,Japan,Handball,9423
Sunderman Patrick,United States Of America,Shooting,9424
Sundstrom Simon,Sweden,Athletics,9425
Sunnefeldt Oskar,Sweden,Handball,9426
Suppini Marco,Italy,Shooting,9427
Surkov Artem,Roc,Wrestling,9428
Surkova Arina,Roc,Swimming,9429
Surmeneli Busenaz,Turkey,Boxing,9430
Susaki Yui,Japan,Wrestling,9431
Sutej Tina,Slovenia,Athletics,9432
Sutton Joachim,Denmark,Rowing,9433
Sutton Sam,New Zealand,Football,9434
Suvorova Natalia,Roc,Cycling Bmx Racing,9435
Suwara Wiktor,Poland,Athletics,9436
Suzuki Aoto,Japan,Athletics,9437
Suzuki Ayuka,Japan,Rhythmic Gymnastics,9438
Suzuki Ayuko,Japan,Athletics,9439
Suzuki Ricardo,Japan,Taekwondo,9440
Suzuki Seiya,Japan,Baseball/Softball,9441
Suzuki Sergio,Japan,Taekwondo,9442
Suzuki Zion,Japan,Football,9443
Svan Lasse,Denmark,Handball,9444
Svecovs Pavels,Latvia,Modern Pentathlon,9445
Svennerstal Ludwig,Sweden,Equestrian,9446
Svichkar Roman,Ukraine,Fencing,9447
Sviryd Mikita,Belarus,Judo,9448
Svitolina Elina,Ukraine,Tennis,9449
Swan Kyle,Australia,Athletics,9450
Swann Polly,Great Britain,Rowing,9451
Sweetnam Shane,Ireland,Equestrian,9452
Swiatek Iga,Poland,Tennis,9453
Swiety-Ersetic Justyna,Poland,Athletics,9454
Swoboda Ewa,Poland,Athletics,9455
Sydorenko Kseniya,Ukraine,Artistic Swimming,9456
Sykora Jiri,Czech Republic,Athletics,9457
Sylla Miryam Fatime,Italy,Volleyball,9458
Sylla Sounkamba,France,Athletics,9459
Syzdykova Elmira,Kazakhstan,Wrestling,9460
Szabo Matyas,Germany,Fencing,9461
Szatmari Andras,Hungary,Fencing,9462
Szilagyi Aron,Hungary,Fencing,9463
Szilagyi Dorottya,Hungary,Water Polo,9464
Szilagyi Reka,Hungary,Athletics,9465
Szocs Bernadette,Romania,Table Tennis,9466
Szogi Istvan,Hungary,Athletics,9467
Szoke Alex Gergo,Hungary,Wrestling,9468
Szollosi-Zacsik Szandra,Hungary,Handball,9469
Szpakowski Michal,Poland,Rowing,9470
Szucs Gabriella,Hungary,Water Polo,9471
Szucs Valdo,Hungary,Athletics,9472
Szucsanszki Zita,Hungary,Handball,9473
Szudi Adam,Hungary,Table Tennis,9474
Szwarc Arthur,Canada,Volleyball,9475
Ta Lou Marie-Josee,Côte D'Ivoire,Athletics,9476
Taabu Daniel,Kenya,Rugby Sevens,9477
Tabakaucoro Ratu Banuve,Fiji,Athletics,9478
Tabeling Robin,Netherlands,Badminton,9479
Tabti Bilal,Algeria,Athletics,9480
Tada Shuhei,Japan,Athletics,9481
Taerattanachai Sapsiree,Thailand,Badminton,9482
Taftian Hassan,Islamic Republic Of Iran,Athletics,9483
Tahull Compte Roger,Spain,Water Polo,9484
Tai Tzu-Ying,Chinese Taipei,Badminton,9485
Taimazova Madina,Roc,Judo,9486
Taimsoo Kaspar,Estonia,Rowing,9487
Taira Kaima,Japan,Baseball/Softball,9488
Takabatake Eric,Brazil,Judo,9489
Takacs Kincso,Hungary,Canoe Sprint,9490
Takada Maki,Japan,Basketball,9491
Takahashi Bruna,Brazil,Table Tennis,9492
Takahashi Eiki,Japan,Athletics,9493
Takahashi Leo,Japan,Sailing,9494
Takahashi Masanao,Japan,Equestrian,9495
Takahashi Ran,Japan,Volleyball,9496
Takahashi Yuki,Japan,Wrestling,9497
Takahashi Yuko,Japan,Triathlon,9498
Takamiya Natsumi,Japan,Modern Pentathlon,9499
Takano Sena,Japan,Sailing,9500
Takarada Saori,Japan,Football,9501
Takata Mitsuru,Japan,Water Polo,9502
Takatani Sohsuke,Japan,Wrestling,9503
Takato Naohisa,Japan,Judo,9504
Takayama Shunya,Japan,Athletics,9505
Takayawa Tevita,Fiji,Judo,9506
Takele Bikila Tadese,Ethiopia,Athletics,9507
Takenaka Nanami,Japan,Rhythmic Gymnastics,9508
Takyi Samuel,Ghana,Boxing,9509
Takyi Unilez,Ghana,Swimming,9510
Talaat Mohamed,Egypt,Equestrian,9511
Talakhadze Lasha,Georgia,Weightlifting,9512
Talbi Zouhair,Morocco,Athletics,9513
Talbot Steph,Australia,Basketball,9514
Talib Talha,Pakistan,Weightlifting,9515
Tam Hoi Lam,"Hong Kong, China",Swimming,9516
Tamai Rikuto,Japan,Diving,9517
Tamberi Gianmarco,Italy,Athletics,9518
Tamires,Brazil,Football,9519
Tamura Norika,Japan,Fencing,9520
Tan Kelly,Malaysia,Golf,9521
Tan Lianne,Belgium,Badminton,9522
Tan Qian Xiu Adele,Singapore,Shooting,9523
Tan Sze En,Singapore,Artistic Gymnastics,9524
Tan Ya-Ting,Chinese Taipei,Archery,9525
Tanabe Yuki,Japan,Handball,9526
Tanaka Ao,Japan,Football,9527
Tanaka Daiki,Japan,Basketball,9528
Tanaka Kaho,Japan,Hockey,9529
Tanaka Kaito,Japan,Hockey,9530
Tanaka Kenta,Japan,Hockey,9531
Tanaka Masahiro,Japan,Baseball/Softball,9532
Tanaka Mina,Japan,Football,9533
Tanaka Nozomi,Japan,Athletics,9534
Tanaka Ryomei,Japan,Boxing,9535
Tanaka Seren,Japan,Hockey,9536
Tanaka Toshiyuki,Japan,Equestrian,9537
Tandy Bradley,South Africa,Swimming,9538
Tanfield Charlie,Great Britain,Cycling Track,9539
Tang Chih-Chun,Chinese Taipei,Archery,9540
Tang Chia-Hung,Chinese Taipei,Artistic Gymnastics,9541
Tang Chun Man,"Hong Kong, China",Badminton,9542
Tang Minglin,People'S Republic Of China,Rugby Sevens,9543
Tang Muhan,People'S Republic Of China,Swimming,9544
Tang Qianting,People'S Republic Of China,Swimming,9545
Tang Xijing,People'S Republic Of China,Artistic Gymnastics,9546
Tang Xingqiang,People'S Republic Of China,Athletics,9547
Tani Kosei,Japan,Football,9548
Tanigawa Ageha,Japan,Swimming,9549
Tanigawa Wataru,Japan,Artistic Gymnastics,9550
Tanner Samuel,New Zealand,Athletics,9551
Tapia Varas Josefina,Chile,Skateboarding,9552
Tapper Kaarle,Finland,Sailing,9553
Tapper Megan,Jamaica,Athletics,9554
Tapper Melissa,Australia,Table Tennis,9555
Tapper Naya,United States Of America,Rugby Sevens,9556
Tarasevich Grigory,Roc,Swimming,9557
Tarazona Santiago Tomas,Argentina,Hockey,9558
Tariq Syed Muhammad Haseeb,Pakistan,Swimming,9559
Tarmin Hassuna,Saudi Arabia,Football,9560
Tarnovanu Stefan,Romania,Football,9561
Tarnovschi Serghei,Republic Of Moldova,Canoe Sprint,9562
Tarrago Aymerich Roser,Spain,Water Polo,9563
Tarrant Blair,New Zealand,Hockey,9564
Tarver-Priebe Tom,New Zealand,Equestrian,9565
Taseva Katrin,Bulgaria,Rhythmic Gymnastics,9566
Tashiro Kanami,Japan,Volleyball,9567
Tashiro Miku,Japan,Judo,9568
Tashkenbaeva Sabina,Uzbekistan,Rhythmic Gymnastics,9569
Tasiadis Sideris,Germany,Canoe Slalom,9570
Tasmuradov Elmurat,Uzbekistan,Wrestling,9571
Tatar Nur,Turkey,Taekwondo,9572
Tatareva Anastasiia,Roc,Rhythmic Gymnastics,9573
Tatum Jayson,United States Of America,Basketball,9574
Tauber Anne,Netherlands,Cycling Mountain Bike,9575
Taurasi Diana,United States Of America,Basketball,9576
Tavares D'Jamila,Sao Tome And Principe,Athletics,9577
Tavatanakit Paphangkorn,Thailand,Golf,9578
Tavella Maria Belen,Argentina,Sailing,9579
Tavernier Alexandra,France,Athletics,9580
Tawfik Akram,Egypt,Football,9581
Taye Ejgayehu,Ethiopia,Athletics,9582
Tayler Michael,Canada,Canoe Slalom,9583
Taylor Christopher,Jamaica,Athletics,9584
Taylor Harriet,Great Britain,Rowing,9585
Taylor Iii David Morris,United States Of America,Wrestling,9586
Taylor Renee,Australia,Hockey,9587
Taylor-Brown Georgia,Great Britain,Triathlon,9588
Tchakounte Dora Meiriama,France,Weightlifting,9589
Tchatchet Ii Cyrille,Refugee Olympic Team,Weightlifting,9590
Tchatchouang Diandra,France,Basketball,9591
Te Flan Talita,Côte D'Ivoire,Swimming,9592
Teare Cooper,United States Of America,Athletics,9593
Tebbel Maurice,Germany,Equestrian,9594
Teferi Maru,Israel,Athletics,9595
Teferi Selamawit,Israel,Athletics,9596
Teferi Senbere,Ethiopia,Athletics,9597
Tehupeiory Alvin,Indonesia,Athletics,9598
Teijonsalo Fanny,Finland,Swimming,9599
Teixeira Abner,Brazil,Boxing,9600
Teixeira Vinicius,Brazil,Handball,9601
Tejeda Gladys,Peru,Athletics,9602
Tejerina Mackern Maria Celia,Argentina,Sailing,9603
Tekdal Ayse,Turkey,Athletics,9604
Telegdy Adam,Hungary,Swimming,9605
Telegina Yuliana,Israel,Rhythmic Gymnastics,9606
Teles Marcio,Brazil,Athletics,9607
Telford Carly,Great Britain,Football,9608
Teltsidou Elisavet,Greece,Judo,9609
Tembo Martha,Zambia,Football,9610
Temirov Lenur,Ukraine,Wrestling,9611
Temirzhanov Serik,Kazakhstan,Boxing,9612
Temnikova Mariia,Roc,Swimming,9613
Ten Hove Alexandra,Canada,Sailing,9614
Tencio Esquivel Kenneth Fabian,Costa Rica,Cycling Bmx Freestyle,9615
Tenkanen Tuula,Finland,Sailing,9616
Tenorio Angela Gabriela,Ecuador,Athletics,9617
Tentoglou Miltiadis,Greece,Athletics,9618
Tenzin Sangay,Bhutan,Swimming,9619
Teodosiu Iulian,Romania,Fencing,9620
Terada Asuka,Japan,Athletics,9621
Teramura Miho,Japan,Swimming,9622
Teran Tafur Roberto,Colombia,Equestrian,9623
Terauchi Ken,Japan,Diving,9624
Tercelj Eva,Slovenia,Canoe Slalom,9625
Terliuga Anzhelika,Ukraine,Karate,9626
Terlyukevich Anna,Belarus,Athletics,9627
Terpstra Anne,Netherlands,Cycling Mountain Bike,9628
Tervo Krista,Finland,Athletics,9629
Tesanovic Petar,Montenegro,Water Polo,9630
Tesar Jan,Czech Republic,Athletics,9631
Tesfu Dolshi,Eritrea,Athletics,9632
Tessitori Amedeo,Italy,Basketball,9633
Testa Irma,Italy,Boxing,9634
Tete Salima,India,Hockey,9635
Teterevkova Kotryna,Lithuania,Swimming,9636
Teuchert Cedric,Germany,Football,9637
Tevanyan Vazgen,Armenia,Wrestling,9638
Tew Ruby,New Zealand,Rowing,9639
Thach Kim Tuan,Vietnam,Weightlifting,9640
Thakkar Varun,India,Sailing,9641
Thaoubani Housni,Comoros,Judo,9642
Thauvin Florian,France,Football,9643
Thebe Baboloki,Botswana,Athletics,9644
Thet Htar Thuzar,Myanmar,Badminton,9645
Thiam Nafissatou,Belgium,Athletics,9646
Thiangkathok Orasa,Thailand,Canoe Sprint,9647
Thibeault Tammara,Canada,Boxing,9648
Thibus Ysaora,France,Fencing,9649
Thiebaud Valere,Switzerland,Cycling Track,9650
Thiel Jake,Canada,Rugby Sevens,9651
Thiemann Johannes,Germany,Basketball,9652
Thieme Andre,Germany,Equestrian,9653
Thiery Cyrille,Switzerland,Cycling Track,9654
Thoennes Jessica,United States Of America,Rowing,9655
Thole Julius,Germany,Beach Volleyball,9656
Thomas Alys Margaret,Great Britain,Swimming,9657
Thomas Benjamin,France,Cycling Track,9658
Thomas Damion,Jamaica,Athletics,9659
Thomas Donald,Bahamas,Athletics,9660
Thomas Dylan,New Zealand,Hockey,9661
Thomas Eve,New Zealand,Swimming,9662
Thomas Gabrielle,United States Of America,Athletics,9663
Thomas Geraint,Great Britain,Cycling Road,9664
Thomas Graeme,Great Britain,Rowing,9665
Thomas Justin,United States Of America,Golf,9666
Thomas Kris,United States Of America,Rugby Sevens,9667
Thomas Leah,United States Of America,Cycling Road,9668
Thomas Martin,France,Canoe Slalom,9669
Thomas-Dodd Danniel,Jamaica,Athletics,9670
Thompson Alexis,United States Of America,Golf,9671
Thompson Amie,Australia,Artistic Swimming,9672
Thompson Brett,United States Of America,Rugby Sevens,9673
Thompson Cherelle,Trinidad And Tobago,Swimming,9674
Thompson Chris,Great Britain,Athletics,9675
Thompson Curtis,United States Of America,Athletics,9676
Thompson Jordan,United States Of America,Volleyball,9677
Thompson Khalil,United States Of America,Fencing,9678
Thompson Lee,Great Britain,Athletics,9679
Thompson Liz,New Zealand,Hockey,9680
Thompson Ria,Australia,Rowing,9681
Thompson Richard,Trinidad And Tobago,Athletics,9682
Thompson Yanique,Jamaica,Athletics,9683
Thompson-Herah Elaine,Jamaica,Athletics,9684
Thorleifsdottir Kristin,Sweden,Handball,9685
Thorley William Yan,"Hong Kong, China",Marathon Swimming,9686
Thormeyer Markus,Canada,Swimming,9687
Thornley Victoria,Great Britain,Rowing,9688
Thorpe Ainsley,New Zealand,Triathlon,9689
Thorsdottir Eythora,Netherlands,Artistic Gymnastics,9690
Throssell Brianna,Australia,Swimming,9691
Thybulle Matisse,Australia,Basketball,9692
Thygesen Sara,Denmark,Badminton,9693
Tiafoe Frances,United States Of America,Tennis,9694
Tibi Shahar,Israel,Sailing,9695
Tice Elena,Ireland,Hockey,9696
Tidey Saskia,Great Britain,Sailing,9697
Tie Nicolas,Côte D'Ivoire,Football,9698
Tien Chia Chen,Chinese Taipei,Shooting,9699
Tiernan Patrick,Australia,Athletics,9700
Tierney Jade,Cook Islands,Canoe Sprint,9701
Tiganescu Mihaita,Romania,Rowing,9702
Tigreros Urbano Oscar Eduardo,Colombia,Wrestling,9703
Tijan Ahmed,Qatar,Beach Volleyball,9704
Tikhon Ivan,Belarus,Athletics,9705
Tikhonov Ivan,Azerbaijan,Artistic Gymnastics,9706
Tilga Karel,Estonia,Athletics,9707
Tilio Marco,Australia,Football,9708
Tilvescu Denisa,Romania,Rowing,9709
Timite Cheick,Côte D'Ivoire,Football,9710
Timo Barbara,Portugal,Judo,9711
Timofeeva Anna,Roc,Water Polo,9712
Timoshinina Iuliia,Roc,Diving,9713
Tindouft Mohamed,Morocco,Athletics,9714
Ting Hua-Tien,Chinese Taipei,Artistic Gymnastics,9715
Tingay Declan,Australia,Athletics,9716
Tinney Stuart,Australia,Equestrian,9717
Tio Casas Iris,Spain,Artistic Swimming,9718
Tipple Chloe,New Zealand,Shooting,9719
Tiron Alena,Roc,Rugby Sevens,9720
Tirop Agnes Jebet,Kenya,Athletics,9721
Tishchenko Alisa,Roc,Rhythmic Gymnastics,9722
Tissen Jasper,Netherlands,Rowing,9723
Tita Ruggero,Italy,Sailing,9724
Titenis Giedrius,Lithuania,Swimming,9725
Titmus Ariarne,Australia,Swimming,9726
Titoneli Milena,Brazil,Taekwondo,9727
Tivodariu Maria,Romania,Rowing,9728
Tiyouri Maor,Israel,Athletics,9729
Tjon En Fa Jair,Suriname,Cycling Track,9730
Tjon-A-Joe Renzo,Suriname,Swimming,9731
Tkachuk Viktoriya,Ukraine,Athletics,9732
Toader Andrei Rares,Romania,Athletics,9733
Toba Andreas,Germany,Artistic Gymnastics,9734
Tobar Prado Bernardo,Colombia,Shooting,9735
Tobe Naoto,Japan,Athletics,9736
Tobey Mike,Slovenia,Basketball,9737
Toccalino Sofia,Argentina,Hockey,9738
Tocci Giovanni,Italy,Diving,9739
Tocs Edgars,Latvia,Beach Volleyball,9740
Todo Nanako,Japan,Basketball,9741
Todorova Anastasiia,Ukraine,Canoe Sprint,9742
Toennesen Kent Robin,Norway,Handball,9743
Toft Hansen Henrik,Denmark,Handball,9744
Togashi Yuki,Japan,Basketball,9745
Toimil Maria Belen,Spain,Athletics,9746
Tokic Bojan,Slovenia,Table Tennis,9747
Toko Esther,Nigeria,Rowing,9748
Tokoqio Sosiceni,Japan,Rugby Sevens,9749
Tokuda Rennosuke,Japan,Handball,9750
Tokuda Shinnosuke,Japan,Handball,9751
Tokumoto Marina,Japan,Water Polo,9752
Tokunan Kenta,Japan,Fencing,9753
Tolba Youssof,Egypt,Archery,9754
Toldo Guilherme,Brazil,Fencing,9755
Toledano Laut Blanca,Spain,Artistic Swimming,9756
Toledo Jose Guilherme,Brazil,Handball,9757
Tolini Jose Leandro,Argentina,Hockey,9758
Tolj Marija,Croatia,Athletics,9759
Tolo Marianna,Australia,Basketball,9760
Tom Noah Nirmal,India,Athletics,9761
Tomac Marta,Norway,Handball,9762
Tomac Mewen,France,Swimming,9763
Tomala Dawid,Poland,Athletics,9764
Toman Anna-Frances,Great Britain,Hockey,9765
Tomasevic Dragana,Serbia,Athletics,9766
Tomasevic Goran,Australia,Water Polo,9767
Tomasgaard Hermann,Norway,Sailing,9768
Tomasin Steve,United States Of America,Rugby Sevens,9769
Tome Takanori,Japan,Canoe Sprint,9770
Tomecek Jakub,Czech Republic,Shooting,9771
Tomek Ellen,United States Of America,Rowing,9772
Tomic Kristina,Croatia,Taekwondo,9773
Tominaga Keisei,Japan,3X3 Basketball,9774
Tomita Chiaki,Japan,Rowing,9775
Tomiyasu Takehiro,Japan,Football,9776
Tomizawa Makoto,Japan,Sailing,9777
Tomljanovic Ajla,Australia,Tennis,9778
Tommasone Cyril,France,Artistic Gymnastics,9779
Tomori Zsuzsanna,Hungary,Handball,9780
Tomoto Kazuma,Japan,Equestrian,9781
Tonaki Funa,Japan,Judo,9782
Tonegato Emma,Australia,Rugby Sevens,9783
Toniutti Benjamin,France,Volleyball,9784
Tontodonati Kiri,Italy,Rowing,9785
Tonut Stefano,Italy,Basketball,9786
Toone Ella,Great Britain,Football,9787
Toor Tajinderpal Singh,India,Athletics,9788
Toppo Namita,India,Hockey,9789
Tops-Alexander Edwina,Australia,Equestrian,9790
Toriyama Mai,Japan,Hockey,9791
Torlopova Margarita,Kazakhstan,Canoe Sprint,9792
Toro Arana Veronica,Puerto Rico,Rowing,9793
Toro Javiera,Chile,Football,9794
Torrance Katherine,Great Britain,Diving,9795
Torrans Sarah,Ireland,Hockey,9796
Torrao Joao Miguel,Portugal,Equestrian,9797
Torrens Alba,Spain,Basketball,9798
Torrente Sandro,South Africa,Rowing,9799
Torres Barcelo Albert,Spain,Cycling Track,9800
Torres Daniela,Mexico,Athletics,9801
Torres Gutierrez Ariel,United States Of America,Karate,9802
Torres Madrigal Serguey,Cuba,Canoe Sprint,9803
Torres Masias Alvaro,Peru,Rowing,9804
Torres Nicolas,Argentina,Cycling Bmx Racing,9805
Torres Pau,Spain,Football,9806
Torres Rodrigo,Portugal,Equestrian,9807
Torres-Quevedo Oliver Alejandra,Spain,Hockey,9808
Torrez Jr Richard,United States Of America,Boxing,9809
Torrez Karen,Bolivia,Swimming,9810
Torriani Guilherme,Brazil,Handball,9811
Torrijos Pablo,Spain,Athletics,9812
Tortu Filippo,Italy,Athletics,9813
Torunarigha Jordan,Germany,Football,9814
Tosi Marcelo,Brazil,Equestrian,9815
Tot Vanesa,Croatia,Canoe Sprint,9816
Toth Celina,Canada,Diving,9817
Toth Krisztian,Hungary,Judo,9818
Toth Lili Anna,Hungary,Athletics,9819
Toth Matej,Slovakia,Athletics,9820
Toth Tamas,Hungary,Triathlon,9821
Totka Sandor,Hungary,Canoe Sprint,9822
Touati Mohamed,Tunisia,Athletics,9823
Toulson Lois,Great Britain,Diving,9824
Toumarkin Yakov,Israel,Swimming,9825
Toure Mamignan,France,3X3 Basketball,9826
Toure Mariama,Guinea,Swimming,9827
Tournat Nicolas,France,Handball,9828
Tousart Lucas,France,Football,9829
Toussaint Kira,Netherlands,Swimming,9830
Touzaint Nicolas,France,Equestrian,9831
Townend Oliver,Great Britain,Equestrian,9832
Townsend Susannah,Great Britain,Hockey,9833
Toychyyev Hojamuhammet,Turkmenistan,Weightlifting,9834
Toyoda Masaki,Japan,Athletics,9835
Toyyiba Vidya Rafika Rahmatan,Indonesia,Shooting,9836
Traber Gregor,Germany,Athletics,9837
Tracey Tyquendo,Jamaica,Athletics,9838
Traets Laura,Bulgaria,Rhythmic Gymnastics,9839
Trainor Conor,Canada,Rugby Sevens,9840
Trajdos Martyna,Germany,Judo,9841
Trajkovic Milan,Cyprus,Athletics,9842
Traore Aminata Charlene,Côte D'Ivoire,Taekwondo,9843
Trapletti Valentina,Italy,Athletics,9844
Tratnik Jan,Slovenia,Cycling Road,9845
Traukova Hanna,Belarus,Artistic Gymnastics,9846
Travascio Victoria,Argentina,Sailing,9847
Tremble Charlotte,France,Artistic Swimming,9848
Tremble Laura,France,Artistic Swimming,9849
Trevisan Giancarla,Italy,Athletics,9850
Trifonova Polina,Bulgaria,Table Tennis,9851
Triki Yasser Mohamed,Algeria,Athletics,9852
Trinchinetti Eugenia Maria,Argentina,Hockey,9853
Trippas Edward,Australia,Athletics,9854
Trippel Eduard,Germany,Judo,9855
Trittel Paul Florian,Spain,Sailing,9856
Troianovskyi Ihor,Ukraine,Swimming,9857
Trost Alessia,Italy,Athletics,9858
Trost Katharina,Germany,Athletics,9859
Trstenjak Tina,Slovenia,Judo,9860
Trunda Miroslav,Czech Republic,Equestrian,9861
Truong Thi Kim Tuyen,Vietnam,Taekwondo,9862
Truskauskas Gediminas,Lithuania,Athletics,9863
Trzebinska Ewa,Poland,Fencing,9864
Tsai Kristen,Canada,Badminton,9865
Tsarkov Oleh,Ukraine,Shooting,9866
Tse Ying Suet,"Hong Kong, China",Badminton,9867
Tsegay Gudaf,Ethiopia,Athletics,9868
Tsegay Okubay,Eritrea,Athletics,9869
Tsend-Ochir Tsogtbaatar,Mongolia,Judo,9870
Tseveenravdan Byambajav,Mongolia,Athletics,9871
Tshama Mwenekabwe David,Democratic Republic Of The Congo,Boxing,9872
Tsiamis Dimitrios,Greece,Athletics,9873
Tsikhantsou Yauheni,Belarus,Weightlifting,9874
Tsimanouskaya Krystsina,Belarus,Athletics,9875
Tsinopoulou Panagiota,Greece,Athletics,9876
Tsirkun Mikita,Belarus,Sailing,9877
Tsitsikronis Taylah,Australia,Baseball/Softball,9878
Tsitsilina Arina,Belarus,Rhythmic Gymnastics,9879
Tsjakadoea Tornike,Netherlands,Judo,9880
Tsmyh Mikita,Belarus,Swimming,9881
Tsogt Ochir Namuuntsetseg,Mongolia,Wrestling,9882
Tsolmonbaatar Anudari,Mongolia,Shooting,9883
Tsoulfa Emilia,Greece,Sailing,9884
Tsuboi Gustavo,Brazil,Table Tennis,9885
Tsuha Hibiki,Japan,Athletics,9886
Tsuji Sumire,Japan,Fencing,9887
Tsukamoto Mayu,Japan,Artistic Swimming,9888
Tsuneyama Kanta,Japan,Badminton,9889
Tsuoka Shotaro,Japan,Rugby Sevens,9890
Tsurkin Yauhen,Belarus,Swimming,9891
Tsuruta Remi,Japan,Athletics,9892
Tsutsumi Honoka,Japan,Rugby Sevens,9893
Tsuzuki Amuro,Japan,Surfing,9894
Tual Gabriel,France,Athletics,9895
Tucker Mary Carolynn,United States Of America,Shooting,9896
Tudela Ballon Diana,Peru,Sailing,9897
Tudela Miguel,Peru,Surfing,9898
Tuei Emily Cherotich,Kenya,Athletics,9899
Tufte Olaf Karl,Norway,Rowing,9900
Tugade-Watson Regine,Guam,Athletics,9901
Tugsuz Eda,Turkey,Athletics,9902
Tui Ruby,New Zealand,Rugby Sevens,9903
Tuiaki Fisipuna,Japan,Rugby Sevens,9904
Tuimaba Aminiasi,Fiji,Rugby Sevens,9905
Tuivuaka Asaeli,Fiji,Rugby Sevens,9906
Tuka Amel,Bosnia And Herzegovina,Athletics,9907
Tuke Blair,New Zealand,Sailing,9908
Tuliamuk Aliphine Chepkerker,United States Of America,Athletics,9909
Tumur Ochir Tulga,Mongolia,Wrestling,9910
Tuncel Merve,Turkey,Swimming,9911
Tuntivate Kieran,Thailand,Athletics,9912
Tuoheta Erbieke,People'S Republic Of China,Boxing,9913
Tupou Tevita,Japan,Rugby Sevens,9914
Tupper Scott William Martin,Canada,Hockey,9915
Tuqiri Lote,Japan,Rugby Sevens,9916
Tur Marc,Spain,Athletics,9917
Turchyn Anastasiya,Ukraine,Judo,9918
Turlan Guillaume,France,Rowing,9919
Turlan Thibaud,France,Rowing,9920
Turner Jessica,Great Britain,Athletics,9921
Turner Josh,Australia,Rugby Sevens,9922
Turrin Spencer,Australia,Rowing,9923
Tursunkulova Nigora,Uzbekistan,Taekwondo,9924
Tursunov Khurshidjon,Uzbekistan,Swimming,9925
Tursunov Sanjar,Uzbekistan,Boxing,9926
Tursynov Nursultan,Kazakhstan,Wrestling,9927
Tushishvili Guram,Georgia,Judo,9928
Tuwai Jerry,Fiji,Rugby Sevens,9929
Tuxen Anne,Norway,Diving,9930
Tuzinsky Juraj,Slovakia,Shooting,9931
Tvorogal Robert,Lithuania,Artistic Gymnastics,9932
Twell Stephanie,Great Britain,Athletics,9933
Twellaar Melvin,Netherlands,Rowing,9934
Twichell Ashley,United States Of America,Marathon Swimming,9935
Twigg Emma,New Zealand,Rowing,9936
Tymoshchenko Pavlo,Ukraine,Modern Pentathlon,9937
Tynybekova Aisuluu,Kyrgyzstan,Wrestling,9938
Tyurina Anastasiya,Tajikistan,Swimming,9939
Tzeli Fani,Greece,Taekwondo,9940
Tzortzakis Polychronis,Greece,Cycling Road,9941
Ucelo Marroquin Scarleth,Guatemala,Weightlifting,9942
Uchimura Kohei,Japan,Artistic Gymnastics,9943
Udam Juri-Mikk,Estonia,Rowing,9944
Udita,India,Hockey,9945
Udoh Ekpe,Nigeria,Basketball,9946
Uduokhai Felix,Germany,Football,9947
Ueda Ayase,Japan,Football,9948
Uekusa Ayumi,Japan,Karate,9949
Ueno Yuka,Japan,Fencing,9950
Ueno Yukiko,Japan,Baseball/Softball,9951
Ugen Lorraine,Great Britain,Athletics,9952
Ugolkova Maria,Switzerland,Swimming,9953
Uguev Zavur,Roc,Wrestling,9954
Uibo Maicel,Estonia,Athletics,9955
Ujah Chijindu,Great Britain,Athletics,9956
Uko Imaobong Nse,Nigeria,Athletics,9957
Ukropina Aleksa,Montenegro,Water Polo,9958
Ukumanov Rustam,Kazakhstan,Water Polo,9959
Ulad Adbi Hakin,Denmark,Athletics,9960
Ulitina Maria,Ukraine,Badminton,9961
Ulloa Arevalo Jose Gerardo,Mexico,Cycling Mountain Bike,9962
Ullvang Lars Magne,Norway,Canoe Sprint,9963
Ulrich Marek,Germany,Swimming,9964
Ulunisau Reapi,Fiji,Rugby Sevens,9965
Ulutule Jade,France,Rugby Sevens,9966
Ulziibayar Duurenbayar,Mongolia,Judo,9967
Um Wonsang,Republic Of Korea,Football,9968
Ume John,Papua New Guinea,Boxing,9969
Umeno Ryutaro,Japan,Baseball/Softball,9970
Ungvari Attila,Hungary,Judo,9971
Unlu Baturalp,Turkey,Swimming,9972
Unruh Florian,Germany,Archery,9973
Unruh Lisa,Germany,Archery,9974
Upadhyay Lalit Kumar,India,Hockey,9975
Uptagrafft Sandra,United States Of America,Shooting,9976
Upton Roisin,Ireland,Hockey,9977
Ura Eruna,Japan,Water Polo,9978
Urabe Ran,Japan,Athletics,9979
Uradnik Miroslav,Slovakia,Athletics,9980
Uralp Dilara,Turkey,Sailing,9981
Uran Rigoberto,Colombia,Cycling Road,9982
Urazova Vladislava,Roc,Artistic Gymnastics,9983
Uren Emma,Great Britain,Rugby Sevens,9984
Urena Jorge,Spain,Athletics,9985
Uribe Duran Maria,Colombia,Golf,9986
Urrutia Maria Jose,Chile,Football,9987
Urrutia Yosiris,Colombia,Athletics,9988
Ursu Sonia,Romania,3X3 Basketball,9989
Urtez Anissa,Mexico,Baseball/Softball,9990
Urzi Agustin,Argentina,Football,9991
Us Viktoriia,Ukraine,Canoe Slalom,9992
Ushakov Dmitrii,Roc,Trampoline Gymnastics,9993
Usoro Ruth,Nigeria,Athletics,9994
Ussova Svetlana,Kazakhstan,Canoe Sprint,9995
Ustinova Daria K,Roc,Swimming,9996
Ustinova Daria S,Roc,Swimming,9997
Ustopiriyon Komronshokh,Tajikistan,Judo,9998
Usuna Leandro,Argentina,Surfing,9999
Uyama Megu,Japan,Trampoline Gymnastics,10000
Uyama Satoru,Japan,Fencing,10001
Uyar Oguz,Turkey,Athletics,10002
Vader Milan,Netherlands,Cycling Mountain Bike,10003
Vadlejch Jakub,Czech Republic,Athletics,10004
Vadnai Benjamin,Hungary,Sailing,10005
Vaelen Lisa,Belgium,Artistic Gymnastics,10006
Vaelimaeki Sami,Finland,Golf,10007
Vahedi Mohammadsina,Islamic Republic Of Iran,Basketball,10008
Vaillant Ludvy,France,Athletics,10009
Vainstein Pablo,Argentina,Handball,10010
Vaisman Diana,Israel,Athletics,10011
Vakasama Taichi,Fiji,Swimming,10012
Vakurunabili Josua,Fiji,Rugby Sevens,10013
Valadzko Siarhei,Belarus,Rowing,10014
Valarivan Elavenil,India,Shooting,10015
Valciukaite Milda,Lithuania,Rowing,10016
Valdes Paris Maria Fernanda,Chile,Weightlifting,10017
Valdes Raul,Dominican Republic,Baseball/Softball,10018
Valdes Tobier Alejandro Enrique,Cuba,Wrestling,10019
Valdez Jayson,Philippines,Shooting,10020
Valencia Alejandra,Mexico,Archery,10021
Valencia Danny,Israel,Baseball/Softball,10022
Valencia Escoto Alma Jane,Mexico,Wrestling,10023
Valencia Gonzalez Edson Alberto,Venezuela,Volleyball,10024
Valencia Victoria Ingrit Lorena,Colombia,Boxing,10025
Valente Jennifer,United States Of America,Cycling Track,10026
Valentin Perez Lidia,Spain,Weightlifting,10027
Valentini Chloe,France,Handball,10028
Valentino Manon,France,Cycling Bmx Racing,10029
Valenzuela Albane,Switzerland,Golf,10030
Valenzuela Fernando,Argentina,Football,10031
Valero Serrano David,Spain,Cycling Mountain Bike,10032
Valette Laura,France,Athletics,10033
Valjalo Brandon,South Africa,Skateboarding,10034
Vall Montero Jessica,Spain,Swimming,10035
Valladont Jean-Charles,France,Archery,10036
Vallejo Jesus,Spain,Football,10037
Vallenilla Sanchez Keydomar Giovan.,Venezuela,Weightlifting,10038
Valloni Arianna,San Marino,Swimming,10039
Vallortigara Elena,Italy,Athletics,10040
Valois-Fortier Antoine,Canada,Judo,10041
Valsaint Jr Darrelle,Haiti,Boxing,10042
Valter Attila,Hungary,Cycling Road,10043
Valverde Alejandro,Spain,Cycling Road,10044
Valverde Melendres Luisa Elizabeth,Ecuador,Wrestling,10045
Valyi Vanda,Hungary,Water Polo,10046
Vamos Marton,Hungary,Water Polo,10047
Vamos Petra,Hungary,Handball,10048
Van Aert Wout,Belgium,Cycling Road,10049
Van Ass Severiano Boris,Netherlands,Hockey,10050
Van Avermaet Greg,Belgium,Cycling Road,10051
Van Baalen Marlies,Netherlands,Equestrian,10052
Van Baarle Dylan,Netherlands,Cycling Road,10053
Van Berkel Lucas,Canada,Volleyball,10054
Van Brummen Anna,United States Of America,Fencing,10055
Van Buskirk Kate,Canada,Athletics,10056
Van Dam Anne,Netherlands,Golf,10057
Van Dam Thijs Johannes Reinier,Netherlands,Hockey,10058
Van De Donk Danielle,Netherlands,Football,10059
Van De Kraats Simone,Netherlands,Water Polo,10060
Van De Sanden Shanice,Netherlands,Football,10061
Van De Velde Julie,Belgium,Cycling Road,10062
Van De Wiel Anne,Netherlands,Athletics,10063
Van Den Berg Roy,Netherlands,Cycling Track,10064
Van Den Berg Sjef,Netherlands,Archery,10065
Van Den Broeck Naomi,Belgium,Athletics,10066
Van Den Ende Bjorn,Netherlands,Rowing,10067
Van Der Bij Jan,Netherlands,Rowing,10068
Van Der Breggen Anna,Netherlands,Cycling Road,10069
Van Der Heijden Laura,Netherlands,Handball,10070
Van Der Horst Dimeo,Netherlands,3X3 Basketball,10071
Van Der Kaay Nicole,New Zealand,Triathlon,10072
Van Der Meer Marisa,New Zealand,Football,10073
Van Der Plaetsen Thomas,Belgium,Athletics,10074
Van Der Poel Mathieu,Netherlands,Cycling Mountain Bike,10075
Van Der Reijken Irene,Netherlands,Athletics,10076
Van Der Sloot Sabrina,Netherlands,Water Polo,10077
Van Der Stel Marco,Netherlands,Triathlon,10078
Van Der Vleuten Maikel,Netherlands,Equestrian,10079
Van Der Weerden Mink Alphons Louis,Netherlands,Hockey,10080
Van Der Westhuyzen Jean,Australia,Canoe Sprint,10081
Van Diepen Tony,Netherlands,Athletics,10082
Van Dijke Sanne,Netherlands,Judo,10083
Van Dongen Merel,Netherlands,Football,10084
Van Doren Arthur,Belgium,Hockey,10085
Van Dorp Simon,Netherlands,Rowing,10086
Van Duijn Celine,Netherlands,Diving,10087
Van Dyk Jo Ane,South Africa,Athletics,10088
Van Egmond Emily,Australia,Football,10089
Van Erven Garcia Saskia Loretta,Colombia,Fencing,10090
Van Es Diane,Netherlands,Athletics,10091
Van Es Kika,Netherlands,Football,10092
Van Geffen Margot,Netherlands,Hockey,10093
Van Gendt Twan,Netherlands,Cycling Bmx Racing,10094
Van Gils Stella Dianne,Netherlands,Hockey,10095
Van Gool Joris,Netherlands,Athletics,10096
Van Haaster Maximilien,Canada,Fencing,10097
Van Hunenstijn Marije,Netherlands,Athletics,10098
Van Klinken Jorinde,Netherlands,Athletics,10099
Van Laer Wannes,Belgium,Sailing,10100
Van Liere Dinja,Netherlands,Equestrian,10101
Van Maasakker Caia Jacqueline,Netherlands,Hockey,10102
Van Niekerk Wayde,South Africa,Athletics,10103
Van Nunen Bart,Netherlands,Athletics,10104
Van Oordt Lopez Maria Pia,Peru,Sailing,10105
Van Pol Vera,Netherlands,Artistic Gymnastics,10106
Van Riel Marten,Belgium,Triathlon,10107
Van Rooijen Olivia,Netherlands,Rowing,10108
Van Rooyen Jason,South Africa,Athletics,10109
Van Rooyen Rocco,South Africa,Athletics,10110
Van Rouwendaal Sharon,Netherlands,Marathon Swimming,10111
Van Rouwendaal Sharon,Netherlands,Swimming,10112
Van Schip Jan Willem,Netherlands,Cycling Track,10113
Van Snick Charline,Belgium,Judo,10114
Van Son Floris Frederik,Canada,Hockey,10115
Van Sprang Niki,Netherlands,Rowing,10116
Van T End Noel,Netherlands,Judo,10117
Van Uytvanck Alison,Belgium,Tennis,10118
Van Veenendaal Sari,Netherlands,Football,10119
Van Vleuten Annemiek,Netherlands,Cycling Road,10120
Van Vliet Leonie,Netherlands,Athletics,10121
Van Vugt Pim,Netherlands,Sailing,10122
Van Wetering Bo,Netherlands,Handball,10123
Van Wyk Chederick,South Africa,Athletics,10124
Van Zandweghe Niels,Belgium,Rowing,10125
Van Zyl Irvette,South Africa,Athletics,10126
Vanbellinghen Anna Anna Marie-J A M,Belgium,Weightlifting,10127
Vanderbemden Robin,Belgium,Athletics,10128
Vanderelst Elise,Belgium,Athletics,10129
Vanderhasselt Yves,Belgium,Equestrian,10130
Vandiuk Yurii,Ukraine,Canoe Sprint,10131
Vangelov Georgi Valentinov,Bulgaria,Wrestling,10132
Vanhoof Elke,Belgium,Cycling Bmx Racing,10133
Vanloo Julie,Belgium,Basketball,10134
Vansevenant Mauri,Belgium,Cycling Road,10135
Varela De Pina Daniel David,Cape Verde,Boxing,10136
Varela David,Portugal,Canoe Sprint,10137
Varella Dora,Brazil,Skateboarding,10138
Varga Adam,Hungary,Canoe Sprint,10139
Varga Denes,Hungary,Water Polo,10140
Varga Erik,Slovakia,Shooting,10141
Varga Roland,Canada,Canoe Sprint,10142
Vargas Andrea Carolina,Costa Rica,Athletics,10143
Vargas Barrientos Maria Jose,Costa Rica,Cycling Road,10144
Vargas Cesar,Mexico,Baseball/Softball,10145
Vargas Ley Mary Dee,Chile,Judo,10146
Vargas Noelia,Costa Rica,Athletics,10147
Vargas Valdez Annerys Victoria,Dominican Republic,Volleyball,10148
Varillas Juan Pablo,Peru,Tennis,10149
Varinska Diana,Ukraine,Artistic Gymnastics,10150
Varlik Ozgur,Turkey,Shooting,10151
Vas Kata Blanka,Hungary,Cycling Mountain Bike,10152
Vasconcelos Joana,Portugal,Canoe Sprint,10153
Vasey Sarah,Great Britain,Swimming,10154
Vasic Mihailo,Serbia,3X3 Basketball,10155
Vasic Milos,Serbia,Rowing,10156
Vasic Sonja,Serbia,Basketball,10157
Vasilchanka Yury,Belarus,Athletics,10158
Vasiliou Irini,Greece,Athletics,10159
Vasilopoulou Georgia,Greece,Artistic Swimming,10160
Vasquez Jorge Ignacio,Dominican Republic,Rowing,10161
Vasquez Johan,Mexico,Football,10162
Vaughn Ashleigh,South Africa,Water Polo,10163
Vaulet Juan Pablo,Argentina,Basketball,10164
Vazaios Andreas,Greece,Swimming,10165
Vaziri Teymoorlooei Milad,Islamic Republic Of Iran,Archery,10166
Vazquez Ana,Mexico,Archery,10167
Vazquez Montano Aranza,Mexico,Diving,10168
Vazquez Wesley,Puerto Rico,Athletics,10169
Vecchi Irene,Italy,Fencing,10170
Vedekhina Polina,Roc,Handball,10171
Vedeneeva Ekaterina,Slovenia,Rhythmic Gymnastics,10172
Veeramani Revathi,India,Athletics,10173
Vega Alexis,Mexico,Football,10174
Vega Demita,Mexico,Sailing,10175
Vega Jesus Tadeo,Mexico,Athletics,10176
Vega Maria Paulina,Chile,Table Tennis,10177
Vega Torres Luis Emigdio,Cuba,Swimming,10178
Vegas Jhonattan,Venezuela,Golf,10179
Veiga Evelise,Portugal,Athletics,10180
Veitia Lisneidy,Cuba,Athletics,10181
Veitia Yosbany,Cuba,Boxing,10182
Vekic Donna,Croatia,Tennis,10183
Velazco Davisleydi,Cuba,Athletics,10184
Velazquez Escalante Armando Fernan.,Venezuela,Volleyball,10185
Velazquez Hector,Mexico,Baseball/Softball,10186
Velensek Anamari,Slovenia,Judo,10187
Velieva Khanum,Roc,Wrestling,10188
Velikaya Sofya,Roc,Fencing,10189
Velotto Alessandro,Italy,Water Polo,10190
Velvere Liga,Latvia,Athletics,10191
Venancio Liliana,Angola,Handball,10192
Venckauskaite Gintare,Lithuania,Modern Pentathlon,10193
Vendrame Leo,Japan,Basketball,10194
Vendy Sean,Great Britain,Badminton,10195
Venega Cancio Milena,Cuba,Rowing,10196
Venier Simone,Italy,Rowing,10197
Veniss Pedro,Brazil,Equestrian,10198
Venkatesan Subha,India,Athletics,10199
Vennekamp Doreen,Germany,Shooting,10200
Venonsky Julian,United States Of America,Rowing,10201
Ventura Livia,Brazil,Handball,10202
Venyercsan Bence,Hungary,Athletics,10203
Vera Fausto,Argentina,Football,10204
Verbruggen Hanne,Belgium,Athletics,10205
Verdi Jose,Venezuela,Volleyball,10206
Verdino Claudia,Monaco,Swimming,10207
Verdugo Osuna Yuli,Mexico,Cycling Track,10208
Verge-Depre Anouk,Switzerland,Beach Volleyball,10209
Verhagen Sanne,Netherlands,Judo,10210
Veriasov Ivan,Roc,Boxing,10211
Verkest Jutta,Belgium,Artistic Gymnastics,10212
Verma Abhishek,India,Shooting,10213
Vernice Agustin,Argentina,Canoe Sprint,10214
Vernon Ethan,Great Britain,Cycling Track,10215
Vernon-Evans Sharone,Canada,Volleyball,10216
Veron Francisco Daniel,Argentina,Boxing,10217
Verraszto David,Hungary,Swimming,10218
Verschoor Maria,Netherlands,Hockey,10219
Versluis Mechiel,Netherlands,Rowing,10220
Verstraeten Jorre,Belgium,Judo,10221
Vervaet Imke,Belgium,Athletics,10222
Vervoort Thibaut,Belgium,3X3 Basketball,10223
Verwijlen Bas,Netherlands,Fencing,10224
Vesely Jan,Czech Republic,Basketball,10225
Vesely Vitezslav,Czech Republic,Athletics,10226
Vesnina Elena,Roc,Tennis,10227
Veto Nomnikelo,South Africa,Hockey,10228
Vetter Anouk,Netherlands,Athletics,10229
Vetter Johannes,Germany,Athletics,10230
Vettori Luca,Italy,Volleyball,10231
Vexman Karin,Israel,Rhythmic Gymnastics,10232
Veyre Caroline,Canada,Boxing,10233
Vial Tercariol Leonardo,Brazil,Handball,10234
Vianna Giovanni,Brazil,Skateboarding,10235
Vicaut Jimmy,France,Athletics,10236
Vicente Maria,Spain,Athletics,10237
Vicente Yunta Adrian,Spain,Taekwondo,10238
Vicino Giuseppe,Italy,Rowing,10239
Victor Lindon,Grenada,Athletics,10240
Vidaurre Kossmann Martin,Chile,Cycling Mountain Bike,10241
Vides Jorge,Brazil,Athletics,10242
Vidiaux Marcia,Cuba,Artistic Gymnastics,10243
Vidovic Stefan,Montenegro,Water Polo,10244
Vidts Noor,Belgium,Athletics,10245
Vieira Ana Carolina,Brazil,Swimming,10246
Vieira Joao,Portugal,Athletics,10247
Vieira Samara,Brazil,Handball,10248
Viens Evelyne,Canada,Football,10249
Vieru Denis,Republic Of Moldova,Judo,10250
Vigier Sebastien,France,Cycling Track,10251
Vigna Laura,Italy,Baseball/Softball,10252
Vigrass Graham,Canada,Volleyball,10253
Viklund Therese,Sweden,Equestrian,10254
Vikstrom Antti,Finland,Archery,10255
Vila Lucas Martin,Argentina,Hockey,10256
Vilar Lucas,Brazil,Athletics,10257
Vilarrubla Nuria,Spain,Canoe Slalom,10258
Vildoza Luca,Argentina,Basketball,10259
Villalba Virginia Elizabeth,Ecuador,Athletics,10260
Villamayor Sergio,Argentina,Modern Pentathlon,10261
Villanueva Flores Claudio Paulino,Ecuador,Athletics,10262
Villar Ivan,Spain,Football,10263
Villarreal Tudon Andres Isaac,Mexico,Diving,10264
Vincent Davidson,Haiti,Swimming,10265
Vincent Julia,South Africa,Diving,10266
Vincent Katie,Canada,Canoe Sprint,10267
Vincent Nnamdi,Nigeria,Basketball,10268
Vincent Scott,Zimbabwe,Golf,10269
Vincent-Lapointe Laurence,Canada,Canoe Sprint,10270
Vinesh Vinesh,India,Wrestling,10271
Vinogradova Natalia,Roc,Shooting,10272
Viquerat Antoine,France,Swimming,10273
Virbalyte Brigita,Lithuania,Athletics,10274
Visser Impi,South Africa,Rugby Sevens,10275
Visser Nadine,Netherlands,Athletics,10276
Vita Claudine,Germany,Athletics,10277
Vitali Michele,Italy,Basketball,10278
Vititin Artur,Estonia,Wrestling,10279
Vitorino De Carvalho Tabata,Brazil,Athletics,10280
Vivaldi Juan Manuel,Argentina,Hockey,10281
Vivarelli Debora,Italy,Table Tennis,10282
Vivas Palacios Jorge Luis,Colombia,Boxing,10283
Viviani Elia,Italy,Cycling Track,10284
Vlach Martin,Czech Republic,Modern Pentathlon,10285
Vlachopoulos Angelos,Greece,Water Polo,10286
Vlasov Aleksandr,Roc,Cycling Road,10287
Vlcek Erik,Slovakia,Canoe Sprint,10288
Vliegen Joran,Belgium,Tennis,10289
Vlock Teddy,Israel,Equestrian,10290
Vloon Menno,Netherlands,Athletics,10291
Vogel Soma,Hungary,Water Polo,10292
Vogg Felix,Switzerland,Equestrian,10293
Voigtmann Johannes,Germany,Basketball,10294
Voinova Anastasiia,Roc,Cycling Track,10295
Volikakis Christos,Greece,Cycling Track,10296
Volko Jan,Slovakia,Athletics,10297
Vollering Demi,Netherlands,Cycling Road,10298
Volpi Alice,Italy,Fencing,10299
Volvich Artem,Roc,Volleyball,10300
Von Bredow-Werndl Jessica,Germany,Equestrian,10301
Von Eckermann Henrik,Sweden,Equestrian,10302
Von Martels Chris,Canada,Equestrian,10303
Vondrousova Marketa,Czech Republic,Tennis,10304
Vondrova Lada,Czech Republic,Athletics,10305
Voorn Jessey,Netherlands,3X3 Basketball,10306
Vorobeva Elena,Croatia,Sailing,10307
Vorobieva Natalia,Roc,Wrestling,10308
Voronina Ekaterina,Uzbekistan,Athletics,10309
Voronkova Irina,Roc,Volleyball,10310
Vorontsova Liudmila,Roc,Boxing,10311
Vorster Michelle,Namibia,Cycling Mountain Bike,10312
Vos Marianne,Netherlands,Cycling Road,10313
Voss Sarah,Germany,Artistic Gymnastics,10314
Voznyak Anastasiya,Ukraine,Rhythmic Gymnastics,10315
Vrabcova Nyvltova Eva,Czech Republic,Athletics,10316
Vrinceanu Ioana,Romania,Rowing,10317
Vrlic Josip,Croatia,Water Polo,10318
Vrzalova Simona,Czech Republic,Athletics,10319
Vuc Emilia Alina,Romania,Wrestling,10320
Vucenovic Marija,Serbia,Athletics,10321
Vukasinovic Sanja,Serbia,Shooting,10322
Vukcevic Nikolina,Montenegro,Handball,10323
Vukicevic Ante,Croatia,Water Polo,10324
Vukosavljevic Valeriane,France,Basketball,10325
Vukovic Marija,Montenegro,Athletics,10326
Vuksanovic Srdan,Kazakhstan,Water Polo,10327
Vulpisi Clara,Canada,Water Polo,10328
Vyakhireva Anna,Roc,Handball,10329
Vyazovkin Alexander,Roc,Rowing,10330
Vyoral Tomas,Czech Republic,Basketball,10331
Vysochanska Mariia,Ukraine,Rhythmic Gymnastics,10332
Vystavel Frederic,Denmark,Rowing,10333
Waddilove Sean,Ireland,Sailing,10334
Waddleton Ethan,Great Britain,Rugby Sevens,10335
Wagman Joseph,Israel,Baseball/Softball,10336
Wagman Nick,United States Of America,Equestrian,10337
Wagner Anna-Maria,Germany,Judo,10338
Wagner Benedikt,Germany,Fencing,10339
Wagner Ehlinger Nicolas,Luxembourg,Equestrian,10340
Wagner Kristina,United States Of America,Rowing,10341
Wagner Moritz,Germany,Basketball,10342
Wagner-Gyurkes Viktoria,Hungary,Athletics,10343
Wahba Hedaya,Egypt,Taekwondo,10344
Waida Rio,Indonesia,Surfing,10345
Waine Ben,New Zealand,Football,10346
Wainiqolo Jiuta,Fiji,Rugby Sevens,10347
Wairimu Jane Wacu,Kenya,Volleyball,10348
Wais Ahmad Badreddin,Refugee Olympic Team,Cycling Road,10349
Wakeling Brandon Dean,Australia,Weightlifting,10350
Wakimoto Yuta,Japan,Cycling Track,10351
Walcott Keshorn,Trinidad And Tobago,Athletics,10352
Walcott-Nolan Revee,Great Britain,Athletics,10353
Walczykiewicz Marta,Poland,Canoe Sprint,10354
Wale Getnet,Ethiopia,Athletics,10355
Wales Lachlan,Australia,Football,10356
Walihan Sailike,People'S Republic Of China,Wrestling,10357
Waliwarsha Nimali,Sri Lanka,Athletics,10358
Walkden Bianca,Great Britain,Taekwondo,10359
Walker Kurt Anthony,Ireland,Boxing,10360
Walker Kristina,Canada,Rowing,10361
Wall Jade,Australia,Baseball/Softball,10362
Wallace Bernadette,Australia,Canoe Sprint,10363
Wallace James Brodie Burns,Canada,Hockey,10364
Wallace Zachary,Great Britain,Hockey,10365
Waller Jack,Great Britain,Hockey,10366
Walli Susanne,Austria,Athletics,10367
Walls Matthew,Great Britain,Cycling Track,10368
Walraven Nicole,South Africa,Hockey,10369
Walsh Aidan,Ireland,Boxing,10370
Walsh Alex,United States Of America,Swimming,10371
Walsh Julian Jrummi,Japan,Athletics,10372
Walsh Keira,Great Britain,Football,10373
Walsh Tomas,New Zealand,Athletics,10374
Walshe Ellen,Ireland,Swimming,10375
Walz Marcus,Spain,Canoe Sprint,10376
Wambui Leah,Kenya,Rugby Sevens,10377
Wammes Nick,Canada,Cycling Track,10378
Wan Jiyuan,People'S Republic Of China,3X3 Basketball,10379
Wanamaker Madeleine,United States Of America,Rowing,10380
Wanders Julien,Switzerland,Athletics,10381
Wandtke Igor,Germany,Judo,10382
Wang Chi-Lin,Chinese Taipei,Badminton,10383
Wang Chunyu,People'S Republic Of China,Athletics,10384
Wang Congkang,People'S Republic Of China,Canoe Sprint,10385
Wang Dapeng,People'S Republic Of China,Archery,10386
Wang Fan,People'S Republic Of China,Beach Volleyball,10387
Wang Fei,People'S Republic Of China,Rowing,10388
Wang Hsing-Hao,Chinese Taipei,Swimming,10389
Wang Han,People'S Republic Of China,Diving,10390
Wang Huan,People'S Republic Of China,Water Polo,10391
Wang Huijing,United States Of America,Table Tennis,10392
Wang Jianjiahe,People'S Republic Of China,Swimming,10393
Wang Kuan-Hung,Chinese Taipei,Swimming,10394
Wang Kaihua,People'S Republic Of China,Athletics,10395
Wang Lili,People'S Republic Of China,3X3 Basketball,10396
Wang Luyao,People'S Republic Of China,Shooting,10397
Wang Mengjie,People'S Republic Of China,Volleyball,10398
Wang Na,People'S Republic Of China,Hockey,10399
Wang Nan,People'S Republic Of China,Canoe Sprint,10400
Wang Qian,People'S Republic Of China,Shooting,10401
Wang Qiang,People'S Republic Of China,Tennis,10402
Wang Qianyi,People'S Republic Of China,Artistic Swimming,10403
Wang Qin,People'S Republic Of China,Athletics,10404
Wang Rui,People'S Republic Of China,Athletics,10405
Wang Ruidong,People'S Republic Of China,Cycling Road,10406
Wang Shanshan,People'S Republic Of China,Football,10407
Wang Shuang,People'S Republic Of China,Football,10408
Wang Shun,People'S Republic Of China,Swimming,10409
Wang Siyu,People'S Republic Of China,Basketball,10410
Wang Tzu-Wei,Chinese Taipei,Badminton,10411
Wang Xiaojing,People'S Republic Of China,Shooting,10412
Wang Xiaoxue,People'S Republic Of China,Football,10413
Wang Xinxin,People'S Republic Of China,Beach Volleyball,10414
Wang Xinyan,People'S Republic Of China,Water Polo,10415
Wang Yi Lyu,People'S Republic Of China,Badminton,10416
Wang Yi-Ta,Chinese Taipei,Karate,10417
Wang Yan,People'S Republic Of China,Football,10418
Wang Yang,People'S Republic Of China,Sailing,10419
Wang Yang,Slovakia,Table Tennis,10420
Wang Yanwen,People'S Republic Of China,Football,10421
Wang Ying,People'S Republic Of China,Football,10422
Wang Yu,People'S Republic Of China,Athletics,10423
Wang Yuanyuan,People'S Republic Of China,Volleyball,10424
Wang Yuwei,People'S Republic Of China,Rowing,10425
Wang Zhen,Canada,Table Tennis,10426
Wang Zheng,People'S Republic Of China,Athletics,10427
Wang Zhouyu,People'S Republic Of China,Weightlifting,10428
Wang Zifeng,People'S Republic Of China,Rowing,10429
Wang Zijie,People'S Republic Of China,Fencing,10430
Wangcharoen Kantaphon,Thailand,Badminton,10431
Wanger Ben,Israel,Baseball/Softball,10432
Wank Lukas Nathanael C.,Germany,Basketball,10433
Wanne Hampus,Sweden,Handball,10434
Wanser Luise,Germany,Sailing,10435
Warasiha Kachakorn,Thailand,Judo,10436
Ward Mclain,United States Of America,Equestrian,10437
Ward Samuel Ian,Great Britain,Hockey,10438
Wardenburg Nout,Netherlands,Athletics,10439
Wardley Keyara,Canada,Rugby Sevens,10440
Ware Pamela,Canada,Diving,10441
Ware Regan,New Zealand,Rugby Sevens,10442
Warholm Karsten,Norway,Athletics,10443
Warner Damian,Canada,Athletics,10444
Warren Portious,Trinidad And Tobago,Athletics,10445
Warrer Jonas,Denmark,Sailing,10446
Warwick Clare,Australia,Baseball/Softball,10447
Washington Haleigh,United States Of America,Volleyball,10448
Wasick Katarzyna,Poland,Swimming,10449
Wassen Elena,Germany,Diving,10450
Wasteneys Avalon,Canada,Rowing,10451
Watanabe Hugh,Japan,Basketball,10452
Watanabe Jin,Japan,Handball,10453
Watanabe Kanako,Japan,Swimming,10454
Watanabe Kiyomi,Philippines,Judo,10455
Watanabe Kota,Japan,Hockey,10456
Watanabe Yuta,Japan,Badminton,10457
Watanabe Yuta,Japan,Basketball,10458
Waterhouse Jason,Australia,Sailing,10459
Wathelet Gregory,Belgium,Equestrian,10460
Watkins Chloe,Ireland,Hockey,10461
Watkins Daniel,Australia,Canoe Slalom,10462
Watndal Erik,Norway,Shooting,10463
Watrin Julien,Belgium,Athletics,10464
Watson Heather,Great Britain,Tennis,10465
Watson Sage,Canada,Athletics,10466
Watson Sam,Ireland,Equestrian,10467
Watson Tanya,Ireland,Diving,10468
Watts Caleb,Australia,Football,10469
Wauters Ann,Belgium,Basketball,10470
Wawak Bartlomiej,Poland,Cycling Mountain Bike,10471
Wayment Courtney,United States Of America,Athletics,10472
Wearn Matt,Australia,Sailing,10473
Webber Joe,New Zealand,Rugby Sevens,10474
Weber Julian,Germany,Athletics,10475
Weber Marc,Germany,Rowing,10476
Weber Michelle,South Africa,Marathon Swimming,10477
Weber Philipp,Germany,Handball,10478
Webster Rowie,Australia,Water Polo,10479
Webster Sam,New Zealand,Cycling Track,10480
Wedderburn Jordan,South Africa,Water Polo,10481
Weertman Ferry,Netherlands,Marathon Swimming,10482
Weger Svenja,Germany,Sailing,10483
Wegman Martina,Netherlands,Canoe Slalom,10484
Wegnez Victor Nicky B,Belgium,Hockey,10485
Wei Chun-Heng,Chinese Taipei,Archery,10486
Wei Meng,People'S Republic Of China,Shooting,10487
Wei Shaoxuan,People'S Republic Of China,Archery,10488
Wei Yongli,People'S Republic Of China,Athletics,10489
Weigand Justus,Germany,Hockey,10490
Weightman Lisa,Australia,Athletics,10491
Weinhold Steffen,Germany,Handball,10492
Weinstein Domenic,Germany,Cycling Track,10493
Weir Caroline,Great Britain,Football,10494
Weir Jillian,Canada,Athletics,10495
Weir Zane,Italy,Athletics,10496
Weis Anna,United States Of America,Sailing,10497
Weiss Anders,United States Of America,Rowing,10498
Weiss Zack,Israel,Baseball/Softball,10499
Weissenfeld Johannes,Germany,Rowing,10500
Weisshaidinger Lukas,Austria,Athletics,10501
Weisz Alison Marie,United States Of America,Shooting,10502
Weitzeil Abbey,United States Of America,Swimming,10503
Weldu Nazret,Eritrea,Athletics,10504
Wellbrock Florian,Germany,Marathon Swimming,10505
Wellbrock Florian,Germany,Swimming,10506
Welsford Sam,Australia,Cycling Track,10507
Welteji Diribe,Ethiopia,Athletics,10508
Welten Lidewij Marsia Maria,Netherlands,Hockey,10509
Wen Tzuyun,Chinese Taipei,Karate,10510
Weratschnig Nadine,Austria,Canoe Slalom,10511
Werry Katrina,Australia,Rowing,10512
Werth Isabell,Germany,Equestrian,10513
Wesche Maddison-Lee,New Zealand,Athletics,10514
Wessolly Jessica-Bianca,Germany,Athletics,10515
Westberg Johanna,Sweden,Handball,10516
Westbrook Jamie,United States Of America,Baseball/Softball,10517
Wester Tess,Netherlands,Handball,10518
Weston-Webb Tatiana,Brazil,Surfing,10519
Wettstein Bryce,United States Of America,Skateboarding,10520
Wettstein Estelle,Switzerland,Equestrian,10521
Wettstein Nicolas,Ecuador,Equestrian,10522
Wetzlar Peter,Zimbabwe,Swimming,10523
Wevers Lieke,Netherlands,Artistic Gymnastics,10524
Wevers Sanne,Netherlands,Artistic Gymnastics,10525
Whetton Jacob Thomas,Australia,Hockey,10526
White Belinda,Australia,Baseball/Softball,10527
White Ellen,Great Britain,Football,10528
White Emma,United States Of America,Cycling Track,10529
White Felicity,Australia,Rhythmic Gymnastics,10530
White Rhyan Elizabeth,United States Of America,Swimming,10531
White Russell,Ireland,Triathlon,10532
Whitebooi Geronay,South Africa,Judo,10533
Whitehead Emily,Australia,Artistic Gymnastics,10534
Whitlock Max,Great Britain,Artistic Gymnastics,10535
Whitney Kaylin,United States Of America,Athletics,10536
Whittaker Benjamin,Great Britain,Boxing,10537
Whittle Jacob,Great Britain,Swimming,10538
Whyte Kye,Great Britain,Cycling Bmx Racing,10539
Whyte Ronda,Jamaica,Athletics,10540
Wickham Tom Joseph,Australia,Hockey,10541
Wicki Silvan,Switzerland,Athletics,10542
Wickler Clemens,Germany,Beach Volleyball,10543
Widdicombe Angus,Australia,Rowing,10544
Wiebe Erica Elizabeth,Canada,Wrestling,10545
Wielgosz Anna,Poland,Athletics,10546
Wieliczko Marta,Poland,Rowing,10547
Wiens Rylan,Canada,Diving,10548
Wierling Damian,Germany,Swimming,10549
Wiersma Abe,Netherlands,Rowing,10550
Wierzbowska Maria,Poland,Rowing,10551
Wiesiolek Pawel,Poland,Athletics,10552
Wieszczek Kordus Agnieszka Jadwiga,Poland,Wrestling,10553
Wiet Henin Magda,France,Taekwondo,10554
Wieten Tone,Netherlands,Rowing,10555
Wiffen Daniel,Ireland,Swimming,10556
Wightman Jake,Great Britain,Athletics,10557
Wijler Steve,Netherlands,Archery,10558
Wikstrom Carolina,Sweden,Athletics,10559
Wilangowski Mateusz,Poland,Rowing,10560
Wilby James,Great Britain,Swimming,10561
Wild Cassie,Great Britain,Swimming,10562
Wild Kirsten,Netherlands,Cycling Track,10563
Wilimovsky Jordan,United States Of America,Marathon Swimming,10564
Wilkerson Brandie,Canada,Beach Volleyball,10565
Wilkes Caine Morgan,United States Of America,Weightlifting,10566
Wilkinson Callum,Great Britain,Athletics,10567
Wilkinson Hannah,New Zealand,Football,10568
Wilkinson Leah Julia,Great Britain,Hockey,10569
Wilkinson Micah,New Zealand,Sailing,10570
Willcox Dan,New Zealand,Sailing,10571
Willemsz Debby,Netherlands,Water Polo,10572
Willett James,Australia,Shooting,10573
Williams Alys,United States Of America,Water Polo,10574
Williams Brodie Paul,Great Britain,Swimming,10575
Williams Benjamin,Great Britain,Athletics,10576
Williams Briana,Jamaica,Athletics,10577
Williams Charity,Canada,Rugby Sevens,10578
Williams Danielle,Jamaica,Athletics,10579
Williams Ella,New Zealand,Surfing,10580
Williams Gabrielle,France,Basketball,10581
Williams Hannah,Great Britain,Athletics,10582
Williams Jack,United States Of America,Archery,10583
Williams Jodie,Great Britain,Athletics,10584
Williams Kendell,United States Of America,Athletics,10585
Williams Kevon,United States Of America,Rugby Sevens,10586
Williams Kimberly,Jamaica,Athletics,10587
Williams Lauren,Great Britain,Taekwondo,10588
Williams Lily,United States Of America,Cycling Track,10589
Williams Lydia,Australia,Football,10590
Williams Lynn,United States Of America,Football,10591
Williams Mariah,Australia,Hockey,10592
Williams Melissa,South Africa,Skateboarding,10593
Williams Micah,United States Of America,Athletics,10594
Williams Noah,Great Britain,Diving,10595
Williams Ronwen,South Africa,Football,10596
Williams Rudolf,Samoa,Canoe Sprint,10597
Williams Stacey Ann,Jamaica,Athletics,10598
Williams Sada,Barbados,Athletics,10599
Williams Sharni,Australia,Rugby Sevens,10600
Williamson Daniel,New Zealand,Rowing,10601
Willis Nick,New Zealand,Athletics,10602
Willmott Aimee,Great Britain,Swimming,10603
Willoughby Alise,United States Of America,Cycling Bmx Racing,10604
Wilms Lynn,Netherlands,Football,10605
Wilombe Mary,Zambia,Football,10606
Wilson A'Ja,United States Of America,Basketball,10607
Wilson Ajee,United States Of America,Athletics,10608
Wilson Alex,Switzerland,Athletics,10609
Wilson Alexis,Mexico,Baseball/Softball,10610
Wilson Alicia,Great Britain,Swimming,10611
Wilson Andrew,United States Of America,Swimming,10612
Wilson Emma,Great Britain,Sailing,10613
Wilson Georgia Sydney,Australia,Hockey,10614
Wilson Hayley,Australia,Skateboarding,10615
Wilson Jamal,Bahamas,Athletics,10616
Wilson Julian,Australia,Surfing,10617
Wilson Madison,Australia,Swimming,10618
Wilson Matthew,Australia,Swimming,10619
Wilson Nick,New Zealand,Hockey,10620
Wimberg Jan Niklas,Germany,Basketball,10621
Wimmer Carina,Germany,Shooting,10622
Winchester Jacarra Gwenisha,United States Of America,Wrestling,10623
Winder Ruth,United States Of America,Cycling Road,10624
Windfeder Lukas,Germany,Hockey,10625
Windle Jordan,United States Of America,Diving,10626
Winger Kara,United States Of America,Athletics,10627
Winkcup Georgia,Australia,Athletics,10628
Winkel Anastasiya,Germany,Sailing,10629
Winkler Rudy,United States Of America,Athletics,10630
Winnington Elijah,Australia,Swimming,10631
Winwood Alex,Australia,Boxing,10632
Wiskus Shane,United States Of America,Artistic Gymnastics,10633
Wisniewska Helena,Poland,Canoe Sprint,10634
Wlodarczyk Anita,Poland,Athletics,10635
Wloszczowska Maja,Poland,Cycling Mountain Bike,10636
Wodak Natasha,Canada,Athletics,10637
Wog Kelsey Lauren,Canada,Swimming,10638
Wojciechowski Pawel,Poland,Athletics,10639
Wole Agrie,Ethiopia,Athletics,10640
Wolf Aaron,Japan,Judo,10641
Wolf Alex,United States Of America,Water Polo,10642
Wolf Christine,Austria,Golf,10643
Wolf Justin,Germany,Cycling Track,10644
Wolff Andreas,Germany,Handball,10645
Wolffhardt Viktoria,Austria,Canoe Slalom,10646
Wolfram Martin,Germany,Diving,10647
Wolves Iris,Netherlands,Water Polo,10648
Won Dujae,Republic Of Korea,Football,10649
Won Seonpil,Republic Of Korea,Handball,10650
Won Taein,Republic Of Korea,Baseball/Softball,10651
Wondemagegn Zerfe,Ethiopia,Athletics,10652
Wong Chun Ting,"Hong Kong, China",Table Tennis,10653
Wong-Orantes Justine,United States Of America,Volleyball,10654
Wongcharoen Navaphat,Thailand,Swimming,10655
Wongpattanakit Panipak,Thailand,Taekwondo,10656
Wongpin Siwakorn,Thailand,Rowing,10657
Woo Haram,Republic Of Korea,Diving,10658
Wood Abbie,Great Britain,Swimming,10659
Wood Alyce,Australia,Canoe Sprint,10660
Wood Chris,New Zealand,Football,10661
Wood Gabriella,Trinidad And Tobago,Judo,10662
Wood Jordan,Australia,Canoe Sprint,10663
Wood Oliver,Great Britain,Cycling Track,10664
Woodfine Tristan,Canada,Athletics,10665
Woodgate James,Great Britain,Archery,10666
Woodhead Dylan,United States Of America,Water Polo,10667
Woodman Portia,New Zealand,Rugby Sevens,10668
Woodruff Gianna,Panama,Athletics,10669
Woods Kimberley,Great Britain,Canoe Slalom,10670
Woods Michael,Canada,Cycling Road,10671
Woods Nic,New Zealand,Hockey,10672
Woods Richardson Simeon,United States Of America,Baseball/Softball,10673
Woolley Jack,Ireland,Taekwondo,10674
Woolley Kieran,Australia,Skateboarding,10675
Worku Fantu,Ethiopia,Athletics,10676
Workuha Getachew Wold Eamanuel,Ethiopia,Athletics,10677
Worth Taylor,Australia,Archery,10678
Worthington Charlotte,Great Britain,Cycling Bmx Freestyle,10679
Wortmann Amelie,Germany,Hockey,10680
Woud Michael,New Zealand,Football,10681
Wozniak Dagmara,United States Of America,Fencing,10682
Wraber Luka,Austria,Badminton,10683
Wray Shalysa,Cayman Islands,Athletics,10684
Wright Alex,Ireland,Athletics,10685
Wright Andwuelle,Trinidad And Tobago,Athletics,10686
Wright Chad,Jamaica,Athletics,10687
Wright Claire,Canada,Water Polo,10688
Wright Emma,Canada,Water Polo,10689
Wright Owen,Australia,Surfing,10690
Wright Zion,United States Of America,Skateboarding,10691
Wrobel David,Germany,Athletics,10692
Wrzesien Jowita Maria,Poland,Wrestling,10693
Wu Ashun,People'S Republic Of China,Golf,10694
Wu Chia-Ying,Chinese Taipei,Shooting,10695
Wu Felipe Almeida,Brazil,Shooting,10696
Wu Jiaxin,People'S Republic Of China,Archery,10697
Wu Jingyu,People'S Republic Of China,Taekwondo,10698
Wu Josephine,Canada,Badminton,10699
Wu Juan,People'S Republic Of China,Rugby Sevens,10700
Wu Melissa,Australia,Diving,10701
Wu Qingfeng,People'S Republic Of China,Swimming,10702
Wu Ruiting,People'S Republic Of China,Athletics,10703
Wu Shih-Yi,Chinese Taipei,Boxing,10704
Wu Tongtong,People'S Republic Of China,Basketball,10705
Wu Zhiqiang,People'S Republic Of China,Athletics,10706
Wubben-Moy Lotte,Great Britain,Football,10707
Wukie Jacob,United States Of America,Archery,10708
Wunram Finnia,Germany,Marathon Swimming,10709
Wurigumula,People'S Republic Of China,Football,10710
Wynne-Griffith Oliver,Great Britain,Rowing,10711
Wyse Joshua,Sierra Leone,Swimming,10712
Xammar Jordi,Spain,Sailing,10713
Xia Xinyi,People'S Republic Of China,Beach Volleyball,10714
Xiao Jiaruixuan,People'S Republic Of China,Shooting,10715
Xiao Ruoteng,People'S Republic Of China,Artistic Gymnastics,10716
Xiao Yanning,People'S Republic Of China,Artistic Swimming,10717
Xiao Yuyi,People'S Republic Of China,Football,10718
Xie Siyi,People'S Republic Of China,Diving,10719
Xie Wenjun,People'S Republic Of China,Athletics,10720
Xie Zhenye,People'S Republic Of China,Athletics,10721
Ximenes Belo Imelda,Democratic Republic Of Timor-Leste,Swimming,10722
Xin Xin,People'S Republic Of China,Marathon Swimming,10723
Xiong Dunhan,People'S Republic Of China,Water Polo,10724
Xiong Yaxuan,People'S Republic Of China,Shooting,10725
Xu Anqi,People'S Republic Of China,Fencing,10726
Xu Chao,People'S Republic Of China,Cycling Track,10727
Xu Fei,People'S Republic Of China,Rowing,10728
Xu Huiqin,People'S Republic Of China,Athletics,10729
Xu Jiayu,People'S Republic Of China,Swimming,10730
Xu Shixiao,People'S Republic Of China,Canoe Sprint,10731
Xu Shiyan,People'S Republic Of China,Judo,10732
Xu Shuangshuang,People'S Republic Of China,Athletics,10733
Xu Wenyu,People'S Republic Of China,Hockey,10734
Xu Xin,People'S Republic Of China,Table Tennis,10735
Xu Yanshu,People'S Republic Of China,Rhythmic Gymnastics,10736
Xu Yifan,People'S Republic Of China,Tennis,10737
Xu Yingming,People'S Republic Of China,Fencing,10738
Xu Zangjun,People'S Republic Of China,Sailing,10739
Xue Chen,People'S Republic Of China,Beach Volleyball,10740
Yabiku Shohei,Japan,Wrestling,10741
Yabusele Guerschon,France,Basketball,10742
Yafai Galal,Great Britain,Boxing,10743
Yagi Kanae,Japan,Weightlifting,10744
Yahiro Tsuneari,Australia,Karate,10745
Yahiya Muhammed Anas,India,Athletics,10746
Yakhchalidehkordi Behnam,Islamic Republic Of Iran,Basketball,10747
Yakhno Yelyzaveta,Ukraine,Artistic Swimming,10748
Yakovlev Vladislav,Kazakhstan,Rowing,10749
Yakura Nyl,Canada,Badminton,10750
Yakushevskiy Pavel,Roc,Cycling Track,10751
Yallop Tameka,Australia,Football,10752
Yamada Aki,Japan,Hockey,10753
Yamada Jessica,Brazil,Table Tennis,10754
Yamada Masaru,Japan,Fencing,10755
Yamada Miyu,Japan,Taekwondo,10756
Yamada Nichika,Japan,Volleyball,10757
Yamada Satoko,Japan,Shooting,10758
Yamada Shota,Japan,Hockey,10759
Yamada Tetsuto,Japan,Baseball/Softball,10760
Yamagata Ryota,Japan,Athletics,10761
Yamaguchi Akane,Japan,Badminton,10762
Yamaguchi Kosei,Japan,Athletics,10763
Yamamoto Kohei,Japan,Cycling Mountain Bike,10764
Yamamoto Mai,Japan,3X3 Basketball,10765
Yamamoto Minori,Japan,Water Polo,10766
Yamamoto Seito,Japan,Athletics,10767
Yamamoto Tomohiro,Japan,Volleyball,10768
Yamamoto Toshiki,Japan,Weightlifting,10769
Yamamoto Yoshinobu,Japan,Baseball/Softball,10770
Yamamoto Yu,Japan,Baseball/Softball,10771
Yamanaka Yuno,Japan,Athletics,10772
Yamasaki Erika Yuriko Iris,Australia,Weightlifting,10773
Yamasaki Koji,Japan,Hockey,10774
Yamasaki Yasuaki,Japan,Baseball/Softball,10775
Yamashita Ayaka,Japan,Football,10776
Yamashita Jun,Japan,Athletics,10777
Yamashita Manabu,Japan,Hockey,10778
Yamauchi Akihiro,Japan,Volleyball,10779
Yamauchi Azusa,Japan,Archery,10780
Yamauchi Hiromu,Japan,Athletics,10781
Yamazaki Anna,Japan,Sailing,10782
Yamazaki Saki,Japan,Baseball/Softball,10783
Yan Haibin,People'S Republic Of China,Athletics,10784
Yan Meiling,People'S Republic Of China,Rugby Sevens,10785
Yan Ni,People'S Republic Of China,Volleyball,10786
Yan Peng,People'S Republic Of China,3X3 Basketball,10787
Yan Xin,Australia,Table Tennis,10788
Yan Zibei,People'S Republic Of China,Swimming,10789
Yanagisawa Akane,Japan,Artistic Swimming,10790
Yanagita Hiroki,Japan,Athletics,10791
Yang Brian,Canada,Badminton,10792
Yang Chun-Han,Chinese Taipei,Athletics,10793
Yang Euiji,Republic Of Korea,Baseball/Softball,10794
Yang Feifei,People'S Republic Of China,Rugby Sevens,10795
Yang Hyo Jin,Republic Of Korea,Volleyball,10796
Yang Hakseon,Republic Of Korea,Artistic Gymnastics,10797
Yang Haoran,People'S Republic Of China,Shooting,10798
Yang Hengyu,People'S Republic Of China,Fencing,10799
Yang Jian,People'S Republic Of China,Diving,10800
Yang Jiayu,People'S Republic Of China,Athletics,10801
Yang Junxia,People'S Republic Of China,Judo,10802
Yang Junxuan,People'S Republic Of China,Swimming,10803
Yang Kun-Pi,Chinese Taipei,Shooting,10804
Yang Lina,People'S Republic Of China,Football,10805
Yang Liwei,People'S Republic Of China,Basketball,10806
Yang Man,People'S Republic Of China,Football,10807
Yang Min,People'S Republic Of China,Rugby Sevens,10808
Yang Qian,People'S Republic Of China,Shooting,10809
Yang Qianyu,"Hong Kong, China",Cycling Track,10810
Yang Shuyu,People'S Republic Of China,3X3 Basketball,10811
Yang Xiaolei,People'S Republic Of China,Archery,10812
Yang Xiaoxin,Monaco,Table Tennis,10813
Yang Xiaoxu,People'S Republic Of China,Canoe Sprint,10814
Yang Xuezhe,People'S Republic Of China,Sailing,10815
Yang Yung Wei,Chinese Taipei,Judo,10816
Yang Zhaoxuan,People'S Republic Of China,Tennis,10817
Yangpaiboon Naphaswan,Thailand,Shooting,10818
Yanitsas Lea,Australia,Water Polo,10819
Yankurije Marthe,Rwanda,Athletics,10820
Yao Bianwa,People'S Republic Of China,Cycling Mountain Bike,10821
Yao Di,People'S Republic Of China,Volleyball,10822
Yarigo Noelie,Benin,Athletics,10823
Yarmolenka Karyna,Belarus,Rhythmic Gymnastics,10824
Yarur Virginia,Chile,Equestrian,10825
Yaseen Taha Hussein,Iraq,Athletics,10826
Yastremska Dayana,Ukraine,Tennis,10827
Yasunaga Mashiro,Japan,Artistic Swimming,10828
Yasuoka Ryuto,Japan,3X3 Basketball,10829
Yates Simon Philip,Great Britain,Cycling Road,10830
Yavi Winfred Mutile,Bahrain,Athletics,10831
Yaylyan Izabella,Armenia,Weightlifting,10832
Yazawa Aki,Japan,Canoe Slalom,10833
Yazdanicharati Hassan,Islamic Republic Of Iran,Wrestling,10834
Ycart Canal Clara,Spain,Hockey,10835
Yeargin Nicole,Great Britain,Athletics,10836
Yeboah Emmanuel,Ghana,Athletics,10837
Yee Alex,Great Britain,Triathlon,10838
Yee Regan,Canada,Athletics,10839
Yee Sally,Fiji,Table Tennis,10840
Yegnong Njieyo Maxime,Cameroon,Boxing,10841
Yego Julius,Kenya,Athletics,10842
Yelistratova Yuliya,Ukraine,Triathlon,10843
Yemelyanov Sergey,Kazakhstan,Canoe Sprint,10844
Yemelyanov Timofey,Kazakhstan,Canoe Sprint,10845
Yeo Jia Min,Singapore,Badminton,10846
Yeo Seojeong,Republic Of Korea,Artistic Gymnastics,10847
Yepez Guzman Lucia Yamileth,Ecuador,Wrestling,10848
Yeum Hye Seon,Republic Of Korea,Volleyball,10849
Yi Xudi,People'S Republic Of China,Rowing,10850
Yigit Neslihan,Turkey,Badminton,10851
Yildirim Rukiye,Turkey,Taekwondo,10852
Yildiz Esra,Turkey,Boxing,10853
Yimer Zeineba,Ethiopia,Athletics,10854
Yin Chengxin,People'S Republic Of China,Artistic Swimming,10855
Yin Mengdie,People'S Republic Of China,Canoe Sprint,10856
Yin Xiaoyan,People'S Republic Of China,Karate,10857
Yip Alannah,Canada,Sport Climbing,10858
Yoder Alec,United States Of America,Artistic Gymnastics,10859
Yokoshima Aya,Japan,Handball,10860
Yokota Kiko,Japan,Rhythmic Gymnastics,10861
Yonamine Eri,Japan,Cycling Road,10862
Yondonperenlei Baskhuu,Mongolia,Judo,10863
Yong Yvette,Canada,Taekwondo,10864
Yoon Hyunji,Republic Of Korea,Judo,10865
Yoon Jisu,Republic Of Korea,Fencing,10866
Yoon Yebin,Republic Of Korea,Basketball,10867
Yoshida Masataka,Japan,Baseball/Softball,10868
Yoshida Maya,Japan,Football,10869
Yoshida Megumu,Japan,Artistic Swimming,10870
Yoshida Shuichi,Japan,Handball,10871
Yoshida Takuma,Japan,Water Polo,10872
Yoshida Tsukasa,Japan,Judo,10873
Yoshikawa Takashi,Japan,Hockey,10874
Yoshino Tatsuki,Japan,Handball,10875
Yoshioka Dai,Japan,Shooting,10876
Yoshioka Miho,Japan,Sailing,10877
Yosozumi Sakura,Japan,Skateboarding,10878
You Hao,People'S Republic Of China,Artistic Gymnastics,10879
Young Alex,United States Of America,Athletics,10880
Young Alison,Great Britain,Sailing,10881
Young Charokee,Jamaica,Athletics,10882
Young Jacquelyn,United States Of America,3X3 Basketball,10883
Young Katrina,United States Of America,Diving,10884
Young Robyn,Eswatini,Swimming,10885
Younger Aaron,Australia,Water Polo,10886
Yousofi Kimia,Afghanistan,Athletics,10887
Youssifou Laila,Netherlands,Rowing,10888
Yovari Mahdi,Afghanistan,Shooting,10889
Yu Dongju,Republic Of Korea,Weightlifting,10890
Yu Fu,Portugal,Table Tennis,10891
Yu Haicheng,People'S Republic Of China,Shooting,10892
Yu Hexin,People'S Republic Of China,Swimming,10893
Yu Jingyao,People'S Republic Of China,Swimming,10894
Yu Liping,People'S Republic Of China,Rugby Sevens,10895
Yu Liyan,People'S Republic Of China,Swimming,10896
Yu Mengyu,Singapore,Table Tennis,10897
Yu Xiaoming,People'S Republic Of China,Rugby Sevens,10898
Yu Yiting,People'S Republic Of China,Swimming,10899
Yuan Jia Nan,France,Table Tennis,10900
Yuan Xinyue,People'S Republic Of China,Volleyball,10901
Yuan Yechun,People'S Republic Of China,Golf,10902
Yudenkov Yevgen,Ukraine,Artistic Gymnastics,10903
Yudin Andrey,Roc,Trampoline Gymnastics,10904
Yuldashev Daniyar,Kazakhstan,Karate,10905
Yumba Naomie,Democratic Republic Of The Congo,Boxing,10906
Yunusova Shakhnoza,Uzbekistan,Boxing,10907
Yurenia Aleh,Belarus,Canoe Sprint,10908
Yuriichuk Yuliia,Ukraine,Canoe Sprint,10909
Yurkov Yuriy,Kazakhstan,Shooting,10910
Yusein Taybe Mustafa,Bulgaria,Wrestling,10911
Yusof Eddy,Switzerland,Artistic Gymnastics,10912
Yusuf Abdulla Noor,Bahrain,Swimming,10913
Zaadi Deuna Grace,France,Handball,10914
Zabelinskaya Olga,Uzbekistan,Cycling Road,10915
Zabuzhenko Eduard,Ukraine,Athletics,10916
Zachaus Stefan,Luxembourg,Triathlon,10917
Zadorsky Shelina,Canada,Football,10918
Zaferes Katie,United States Of America,Triathlon,10919
Zafirova Erika,Bulgaria,Rhythmic Gymnastics,10920
Zagainova Diana,Lithuania,Athletics,10921
Zagidullina Adelina,Roc,Fencing,10922
Zagre Anne,Belgium,Athletics,10923
Zagunis Mariel,United States Of America,Fencing,10924
Zahi Carolle,France,Athletics,10925
Zajac Thomas,Austria,Sailing,10926
Zakalnytskyy Maryan,Ukraine,Athletics,10927
Zakarin Ilnur,Roc,Cycling Road,10928
Zakelj Tanja,Slovenia,Cycling Mountain Bike,10929
Zakharov Artyom,Kazakhstan,Cycling Track,10930
Zalanki Gergo,Hungary,Water Polo,10931
Zalewski Aran,Australia,Hockey,10932
Zalewski Karol,Poland,Athletics,10933
Zambrano Anthony Jose,Colombia,Athletics,10934
Zamkovoi Andrei,Roc,Boxing,10935
Zammit Stevens Yasmin,Malta,Weightlifting,10936
Zamojski Przemyslaw,Poland,3X3 Basketball,10937
Zamora Daniela,Chile,Football,10938
Zamorano Sanz Africa,Spain,Swimming,10939
Zanellato Rafaela,Brazil,Rugby Sevens,10940
Zanetti Arthur,Brazil,Artistic Gymnastics,10941
Zang Ha,People'S Republic Of China,Rowing,10942
Zango Hugues Fabrice,Burkina Faso,Athletics,10943
Zanotti Fabrizio,Paraguay,Golf,10944
Zantaraia Georgii,Ukraine,Judo,10945
Zapata Rayderley,Spain,Artistic Gymnastics,10946
Zapletalova Emma,Slovakia,Athletics,10947
Zarazua Renata,Mexico,Tennis,10948
Zarco Alvarez Ivan,Honduras,Athletics,10949
Zare Amir Hossein,Islamic Republic Of Iran,Wrestling,10950
Zaretska Iryna,Azerbaijan,Karate,10951
Zarif Jorge,Brazil,Sailing,10952
Zasina Roksana Marta,Poland,Wrestling,10953
Zatorski Pawel,Poland,Volleyball,10954
Zayas Luis Enrique,Cuba,Athletics,10955
Zayed Ahmed Ebtissam,Egypt,Cycling Track,10956
Zaytsev Ivan,Italy,Volleyball,10957
Zaza Francesco,Italy,Equestrian,10958
Zaza Hend,Syrian Arab Republic,Table Tennis,10959
Zazini Sokwakhana,South Africa,Athletics,10960
Zazzeri Lorenzo,Italy,Swimming,10961
Zdelar Bojan,Serbia,Canoe Sprint,10962
Zdzieblo Katarzyna,Poland,Athletics,10963
Zeballos Horacio,Argentina,Tennis,10964
Zeeman Carling,Canada,Rowing,10965
Zegers Afrodite,Netherlands,Sailing,10966
Zeid Josh,Israel,Baseball/Softball,10967
Zeidler Oliver,Germany,Rowing,10968
Zeleke Samuel,Ethiopia,Athletics,10969
Zelenko Alexandre,Belarus,Equestrian,10970
Zelikman Nicol,Israel,Rhythmic Gymnastics,10971
Zelko Zan Luka,Slovenia,Sailing,10972
Zendana Hirotaka,Japan,Hockey,10973
Zeng Laura,United States Of America,Rhythmic Gymnastics,10974
Zeng Wenhui,People'S Republic Of China,Skateboarding,10975
Zennaro Silvia,Italy,Sailing,10976
Zephir Jean-Luc,Saint Lucia,Swimming,10977
Zeqiri Eda,Kosovo,Swimming,10978
Zerdevas Emmanouil,Greece,Water Polo,10979
Zernikel Oleg,Germany,Athletics,10980
Zetchiri Linda,Bulgaria,Badminton,10981
Zevina Daryna,Ukraine,Swimming,10982
Zeyada Mouda,Egypt,Equestrian,10983
Zeze Meba Mickael,France,Athletics,10984
Zeze Ryan,France,Athletics,10985
Zgank Mihael,Turkey,Judo,10986
Zhadrayev Demeu,Kazakhstan,Wrestling,10987
Zhai Ying,People'S Republic Of China,Water Polo,10988
Zhang Beiwen,United States Of America,Badminton,10989
Zhang Bowen,People'S Republic Of China,Shooting,10990
Zhang Changhong,People'S Republic Of China,Shooting,10991
Zhang Changning,People'S Republic Of China,Volleyball,10992
Zhang Danyi,People'S Republic Of China,Water Polo,10993
Zhang Dechang,People'S Republic Of China,Rowing,10994
Zhang Deshun,People'S Republic Of China,Athletics,10995
Zhang Dong,People'S Republic Of China,Canoe Sprint,10996
Zhang Donglian,People'S Republic Of China,Shooting,10997
Zhang Dongshuang,People'S Republic Of China,Sailing,10998
Zhang Jiaqi,People'S Republic Of China,Diving,10999
Zhang Jin,People'S Republic Of China,Artistic Gymnastics,11000
Zhang Jinrong,People'S Republic Of China,Hockey,11001
Zhang Jun,People'S Republic Of China,Athletics,11002
Zhang Liang,People'S Republic Of China,Rowing,11003
Zhang Lily,United States Of America,Table Tennis,11004
Zhang Ling,People'S Republic Of China,Rowing,11005
Zhang Linru,People'S Republic Of China,Athletics,11006
Zhang Mengyu,People'S Republic Of China,Taekwondo,11007
Zhang Min,People'S Republic Of China,Rowing,11008
Zhang Mingyu,People'S Republic Of China,Modern Pentathlon,11009
Zhang Mo,Canada,Table Tennis,11010
Zhang Peng,People'S Republic Of China,Cycling Mountain Bike,11011
Zhang Quan,People'S Republic Of China,Rowing,11012
Zhang Ru,People'S Republic Of China,Basketball,11013
Zhang Xiaonan,People'S Republic Of China,Modern Pentathlon,11014
Zhang Xiaoxue,People'S Republic Of China,Hockey,11015
Zhang Xin,People'S Republic Of China,Football,11016
Zhang Xin,People'S Republic Of China,Skateboarding,11017
Zhang Xingjia,People'S Republic Of China,Equestrian,11018
Zhang Yaoguang,People'S Republic Of China,Athletics,11019
Zhang You,People'S Republic Of China,Equestrian,11020
Zhang Yu,People'S Republic Of China,Shooting,11021
Zhang Yufei,People'S Republic Of China,Swimming,11022
Zhang Zhiting,People'S Republic Of China,3X3 Basketball,11023
Zhangbyrbay Moldir,Kazakhstan,Karate,11024
Zhao Shuai,People'S Republic Of China,Taekwondo,11025
Zhao Zhonghao,People'S Republic Of China,Shooting,11026
Zhaparov Ruslan,Kazakhstan,Taekwondo,11027
Zheng Ninali,People'S Republic Of China,Athletics,11028
Zheng Pengfei,People'S Republic Of China,Canoe Sprint,11029
Zheng Si Wei,People'S Republic Of China,Badminton,11030
Zheng Saisai,People'S Republic Of China,Tennis,11031
Zheng Shuyin,People'S Republic Of China,Taekwondo,11032
Zhilkin Andrey,Roc,Swimming,11033
Zhodzik Maryia,Belarus,Athletics,11034
Zhong Jiaqi,People'S Republic Of China,Hockey,11035
Zhong Mengying,People'S Republic Of China,Triathlon,11036
Zhong Tianshi,People'S Republic Of China,Cycling Track,11037
Zhou Feng,People'S Republic Of China,Wrestling,11038
Zhou Qian,People'S Republic Of China,Wrestling,11039
Zhou Xin,United States Of America,Table Tennis,11040
Zhou Yu,People'S Republic Of China,Canoe Sprint,11041
Zhu Menghui,People'S Republic Of China,Swimming,11042
Zhu Mingye,People'S Republic Of China,Fencing,11043
Zhu Ting,People'S Republic Of China,Volleyball,11044
Zhu Xueying,People'S Republic Of China,Trampoline Gymnastics,11045
Zhu Yaming,People'S Republic Of China,Athletics,11046
Zhu Yu,People'S Republic Of China,Football,11047
Zhuk Iryna,Belarus,Athletics,11048
Zhuk Vitaliy,Belarus,Athletics,11049
Zhumanazarova Meerim,Kyrgyzstan,Wrestling,11050
Zhussupov Ablaikhan,Kazakhstan,Boxing,11051
Ziemek Zachery,United States Of America,Athletics,11052
Zietarski Miroslaw,Poland,Rowing,11053
Zilberman Misha,Israel,Badminton,11054
Zillmann Katarzyna,Poland,Rowing,11055
Zimba Stephen,Zambia,Boxing,11056
Zimmermann Sonja,Germany,Hockey,11057
Zirk Kregor,Estonia,Swimming,11058
Ziukas Marius,Lithuania,Athletics,11059
Zmushka Alina,Belarus,Swimming,11060
Zoghlami Ala,Italy,Athletics,11061
Zoghlami Osama,Italy,Athletics,11062
Zohri Lalu Muhammad,Indonesia,Athletics,11063
Zoidze Ramaz,Georgia,Wrestling,11064
Zoirov Shakhobidin,Uzbekistan,Boxing,11065
Zokirova Nilufar,Uzbekistan,Canoe Sprint,11066
Zoloev Vladimir,Kyrgyzstan,Judo,11067
Zolotic Anastasija,United States Of America,Taekwondo,11068
Zombori Gabor,Hungary,Swimming,11069
Zonderland Epke,Netherlands,Artistic Gymnastics,11070
Zou Jingyuan,People'S Republic Of China,Artistic Gymnastics,11071
Zsombor-Murray Nathan,Canada,Diving,11072
Zubimendi Martin,Spain,Football,11073
Zuev Alexander,Roc,3X3 Basketball,11074
Zukhurov Siyovush,Tajikistan,Boxing,11075
Zulu Onthatile,South Africa,Hockey,11076
Zvara Ondrej,Czech Republic,Equestrian,11077
Zverev Alexander,Germany,Tennis,11078
Zwetsloot Roos,Netherlands,Skateboarding,11079
Zwicker Martin Detlef,Germany,Hockey,11080
Zwolinska Klaudia,Poland,Canoe Slalom,11081
Zykova Yulia,Roc,Shooting,11082
Zyuzina Ekaterina,Roc,Sailing,11083
Zyzanska Sylwia,Poland,Archery,11084
